Workbook

Sheet Sheet1
A1: 7 | B1: 1 | C1: 999 | D1: 30
A2: 船Id | B2: 船名 | C2: 模型ID | D2: 船的icon | E2: 是否有效 | F2: 是否可建造 | G2: 阶级 | H2: 船的Desc | I2: 船的圆形icon偏移值 | J2: 船的圆形icon偏移值 | K2: 船只类别 | L2: 公会战中半径 | M2: 公会战斗带的技能 | N2: 物品详情图标 | O2: 船的圆形icon缩放值 | P2: 技能槽解锁条件 | Q2: 共鸣解锁条件 | R2: 大航海属性列表 | S2: 是否可分解 | T2: 分解物品 | U2: 分解消耗 | V2: 不可参与 | W2: 技能方案解锁道具 | X2: 码头背景 | AE2: 贸易
A3: shipId | B3: shipName | C3: modelId | D3: shipIcon | E3: isValid | F3: canBuild | G3: itemSubLevel | H3: shipDesc | I3: iconOffsetX | J3: iconOffsetY | L3: shipRadius | M3: usfSkills | N3: itemInfoIcon | O3: iconScale | P3: skillUnlockCondition | Q3: chorusUnlockCondition | R3: shipPropList | S3: sResolve | T3: resolveItem | V3: nojoin | W3: planUnlockCosts | X3: backdrop | AD3: 海军战舰 | AE3: string | AF3: float | AG3: float
A4: int | B4: string | C4: int | D4: string(intern) | E4: int | F4: int | G4: int | H4: string | I4: float | J4: float | K4: int | L4: float | M4: string | N4: string(intern) | O4: float | P4: string | Q4: string | R4: string | S4: int | T4: string | V4: int | W4: array_string | X4: string | AE4: ShipTradeOffset | AF4: ShipTradeEuler | AG4: ShipTradeScale
A5: primary | B5: none | C5: none | D5: none | E5: none | F5: none | G5: none | H5: none | I5: none | J5: none | K5: none | L5: none | M5: none | N5: none | O5: none | P5: none | Q5: none | R5: none | S5: none | T5: none | V5: none | W5: none | X5: none | AE5: none | AF5: none | AG5: none
A6: shipId | B6: shipName | E6: isValid | F6: canBuild | G6: itemSubLevel | K6: shipType | L6: shipRadius | M6: usfSkills | P6: skillUnlockCondition | Q6: chorusUnlockCondition | R6: shipPropList | S6: isResolve | T6: resolveItem | U6: resolveCostItem | W6: planUnlockCosts
A7: 130001 | B7: 木船 | C7: 10 | D7: ship_icon_1 | E7: 1 | F7: 1 | G7: 1 | I7: -16.6 | J7: 0.6 | L7: 2.4 | N7: ship_icon_1_1 | O7: 1 | R7: 1,1;2,1;3,1;4,1;5,1;6,1;7,1;8,1;9,1 | S7: 0 | Y7: 小木船
A8: 130002 | B8: 黄金梅丽号 | C8: 2 | D8: ship_icon_3 | E8: 0 | F8: 0 | G8: 1 | H8: 伴随草帽海盗团的成长，是草帽一伙形影不离、不可或缺的伙伴。 | I8: 5 | J8: -0.98 | L8: 2.4 | M8: 1010101 | N8: ship_icon_3_1 | O8: 0.7 | P8: 4 | R8: 1,2;2,3;3,4;4,13;5,3;6,1;7,2;8,4;9,4 | S8: 1 | T8: 1001,931023,10 | U8: 5,0,10000 | Y8: 黄金梅丽号 | AE8: -7.98,1.34,-34.74 | AF8: -135 | AG8: 0.3
A9: 130003 | B9: 黑色战士号 | C9: 1 | D9: ship_icon_4 | E9: 0 | F9: 0 | G9: 1 | H9: 黑猫海盗团的船，标志就是船头的黑猫，是船长克洛的标志。 | I9: 2.2 | J9: 4.25 | L9: 2.4 | M9: 1030101,1030201 | N9: ship_icon_4_1 | O9: 0.65 | P9: 4 | R9: 1,2;2,3;3,4;4,13;5,4;6,1;7,2;8,3;9,3 | S9: 1 | T9: 1001,931023,10 | U9: 5,0,10000 | Y9: 黑色战士号
A10: 130004 | B10: 海军军舰 | C10: 12 | D10: ship_icon_7 | E10: 0 | F10: 0 | G10: 1 | H10: 标准的海军船。装备有和总部联络用的各种电话虫。 | I10: 0 | J10: 0.8 | L10: 2.4 | M10: 1040101,1040201 | N10: ship_icon_7_1 | O10: 0.7 | P10: 4 | R10: 1,5;2,2;3,2;4,13;5,3;6,4;7,4;8,1;9,2 | S10: 1 | T10: 1001,931023,10 | U10: 5,0,10000 | Y10: 海军军舰
A11: 130005 | B11: 可爱小鸭号 | C11: 6 | D11: ship_icon_6 | E11: 0 | F11: 0 | G11: 2 | H11: 船头是一只可爱的天鹅，船帆有“2”的标志，是Mr.2的船。 | I11: -1.6 | J11: -1.29 | L11: 2.4 | M11: 1050101,1050201 | N11: ship_icon_6_1 | O11: 0.8 | P11: 4 | R11: 1,3;2,2;3,4;4,13;5,3;6,1;7,4;8,4;9,2 | S11: 1 | T11: 1001,931023,15;1001,931025,20 | U11: 5,0,300000 | Y11: 可爱小鸭号
A12: 130006 | B12: 千里阳光号 | C12: 4 | D12: ship_icon_10 | E12: 0 | F12: 0 | G12: 2 | H12: 由宝树亚当制成的草帽一伙的海盗船！是穿越千里大海的梦想之船。 | I12: 0.6 | J12: -1.42 | L12: 2.4 | M12: 1090101 | N12: ship_icon_10_1 | O12: 0.7 | P12: 4 | R12: 1,5;2,2;3,2;4,13;5,3;6,4;7,4;8,1;9,2 | S12: 1 | T12: 1001,931023,15;1001,931025,20 | U12: 5,0,300000 | Y12: 千里·阳光号
A13: 130007 | B13: 性感福克斯号 | C13: 9 | D13: ship_icon_5 | E13: 0 | F13: 0 | G13: 2 | H13: 福克斯海盗团的船。船首和海盗旗、锁链等，都是醒目的狐狸标记。 | I13: -0.5 | J13: -2.27 | L13: 2.4 | M13: 1020101 | N13: ship_icon_5_1 | O13: 0.7 | P13: 4 | R13: 1,3;2,3;3,3;4,13;5,4;6,4;7,4;8,4;9,4 | S13: 1 | T13: 1001,931023,15;1001,931025,20 | U13: 5,0,300000 | Y13: 性感福克斯号
A14: 130008 | B14: 黑胡子木筏 | C14: 8 | D14: ship_icon_9 | E14: 0 | F14: 0 | G14: 3 | H14: 黑胡子一伙的标志性木筏。在四周都设有大炮。 | I14: 2.68 | J14: 9.64 | L14: 2.4 | M14: 1070101,1070201 | N14: ship_icon_9_1 | O14: 0.6 | P14: 4;6 | R14: 1,5;2,2;3,2;4,14;5,5;6,2;7,3;8,4;9,4 | S14: 1 | T14: 1001,931023,20;1001,931025,40 | U14: 5,0,1000000 | Y14: 黑胡子木筏
A15: 130009 | B15: 海军战舰 | C15: 3 | D15: ship_icon_8 | E15: 0 | F15: 0 | G15: 3 | H15: 为将目标全部粉碎的大型军舰。由海军总部中将担任指挥。 | I15: 2 | J15: 2.5 | L15: 2.4 | M15: 1060101,1060201 | N15: ship_icon_8_1 | O15: 0.7 | P15: 4;6 | R15: 1,2;2,3;3,4;4,14;5,5;6,2;7,3;8,5;9,5 | S15: 1 | T15: 1001,931023,20;1001,931025,40 | U15: 5,0,1000000 | Y15: 海军战舰 | Z15: 130008 | AA15: 130008_name
A16: 130010 | B16: 九蛇海盗船 | C16: 5 | D16: ship_icon_11 | E16: 0 | F16: 1 | G16: 5 | H16: 汉库珂所率领的九蛇海盗团的船。船头设有毒蛇，保护轮船不受敌人攻击。 | I16: 7.2 | J16: 2.5 | L16: 2.4 | M16: 1080101 | N16: ship_icon_11_1 | O16: 0.6 | P16: 4;6;9 | R16: 1,3;2,3;3,3;4,15;5,5;6,5;7,5;8,4;9,4 | S16: 1 | T16: 1001,931023,80;1001,931025,160 | U16: 5,0,10000000 | Y16: 九蛇海盗船
A17: 130011 | B17: 雷德·佛斯号 | C17: 7 | D17: ship_icon_12 | E17: 0 | F17: 1 | G17: 5 | H17: 航行在新世界的后半段，以龙形船首为特征的红发海盗团的船。 | I17: -3.6 | J17: 10.49 | L17: 2.4 | M17: 1100101,1100201 | N17: ship_icon_12_1 | O17: 0.7 | P17: 4;6;9 | R17: 1,2;2,3;3,4;4,15;5,5;6,6;7,4;8,8;9,5 | S17: 1 | T17: 1001,931023,80;1001,931025,160 | U17: 5,0,10000000 | Y17: 雷德·佛斯号
A18: 130012 | B18: 巴拉蒂 | C18: 13 | D18: ship_icon_13 | E18: 0 | F18: 1 | G18: 5 | H18: 漂浮在“东海”上的巨大海上餐厅。除了餐厅以外，还设有宽敞的厨房和储藏间。 | I18: 2.35 | J18: 10.54 | L18: 2.4 | M18: 1200101,1200102,1200103 | N18: ship_icon_13_1 | O18: 0.75 | P18: 4;6;9 | R18: 1,2;2,3;3,4;4,15;5,6;6,8;7,4;8,6;9,4 | S18: 1 | T18: 1001,931023,80;1001,931025,160 | U18: 5,0,10000000 | Y18: 巴拉蒂
A19: 130013 | B19: 风·格拉玛号 | C19: 14 | D19: ship_icon_19 | E19: 0 | F19: 1 | G19: 6 | H19: 在各地不断掀起叛乱的，龙率领武装组织的船。以漆黑船体和龙头船首为特征的母舰。 | I19: 0 | J19: 0 | L19: 2.4 | M19: 1140101 | N19: ship_icon_19_1 | O19: 1 | P19: 4;6;9 | R19: 1,3;2,3;3,3;4,15;5,5;6,4;7,4;8,5;9,5 | S19: 1 | T19: 1001,931023,100;1001,931025,200 | U19: 5,0,20000000 | Y19: 革命军船
A20: 130014 | B20: 戈普的军舰 | C20: 15 | D20: ship_icon_15 | E20: 0 | F20: 0 | G20: 3 | H20: 海军总部戈普的军舰。船首是只衔着骨头的狗。 | I20: 2.35 | J20: 10.54 | L20: 2.4 | M20: 1120101,1120201,1120202 | N20: ship_icon_15_1 | O20: 0.75 | P20: 4;6 | R20: 1,5;2,2;3,2;4,14;5,5;6,4;7,4;8,4;9,3 | S20: 1 | T20: 1001,931023,20;1001,931025,40 | U20: 5,0,1000000 | Y20: 戈普的军舰 | Z20: 15
A21: 130015 | B21: 太阳海盗船 | C21: 16 | D21: ship_icon_16 | E21: 0 | F21: 0 | G21: 3 | H21: 船首是一只让人想到泰格的鲷鱼头。旗帜上的太阳刻印迎风飘扬。 | I21: 8.6 | J21: 2.95 | L21: 2.4 | M21: 1110101,1110201 | N21: ship_icon_16_1 | O21: 0.7 | P21: 4;6 | R21: 1,2;2,3;3,4;4,14;5,5;6,5;7,5;8,3;9,3 | S21: 1 | T21: 1001,931023,20;1001,931025,40 | U21: 5,0,1000000 | Y21: 太阳海盗船 | Z21: 16
A22: 130016 | B22: 极地潜水号 | C22: 17 | D22: ship_icon_17 | E22: 0 | F22: 1 | G22: 4 | H22: 罗的潜水艇，拥有先进的医疗设备。 | I22: 0 | J22: 0 | L22: 2.4 | M22: 1130101 | N22: ship_icon_17_1 | O22: 1 | P22: 4;6;9 | R22: 1,2;2,3;3,4;4,15;5,6;6,3;7,3;8,4;9,7 | S22: 1 | T22: 1001,931023,50;1001,931025,100 | U22: 5,0,5000000 | Y22: 潜水艇 | Z22: 17
A23: 130017 | B23: 幽灵船 | C23: 18 | D23: ship_icon_18 | E23: 0 | F23: 1 | G23: 6 | H23: 据说是会出没在“魔鬼三角地带”的海域中，载着死者的神秘船只。 | I23: 0 | J23: 0 | L23: 2.4 | M23: 1150101,1150102 | N23: ship_icon_18_1 | O23: 1 | P23: 4;6;9 | R23: 1,5;2,2;3,2;4,15;5,5;6,4;7,6;8,3;9,4 | S23: 1 | T23: 1001,931023,100;1001,931025,200 | U23: 5,0,20000000 | Y23: 幽灵船 | Z23: 18
A24: 130018 | B24: 黑桃海盗船 | C24: 19 | D24: ship_icon_20 | E24: 0 | F24: 1 | G24: 6 | H24: 艾斯做船长时的海盗船！以黑桃为背景的骷髅图案为其海盗旗标志。 | I24: 0 | J24: 0 | L24: 2.4 | M24: 1160101,1160102 | N24: ship_icon_20_1 | O24: 1 | P24: 4;6;9 | R24: 1,2;2,3;3,4;4,15;5,5;6,6;7,4;8,5;9,8 | S24: 1 | T24: 1001,931023,100;1001,931025,200 | U24: 5,0,20000000 | Y24: 黑桃海盗船
A25: 130019 | B25: 飞翔的荷兰人号 | C25: 20 | D25: ship_icon_21 | E25: 0 | F25: 1 | G25: 6 | H25: 从数百年前开始就徘徊于海底的传说中的幽灵船。不过实际上是飞翔海盗团的船只。 | I25: 0 | J25: 0 | L25: 2.4 | M25: 1180101 | N25: ship_icon_21_1 | O25: 1 | P25: 4;6;9 | R25: 1,5;2,2;3,2;4,15;5,6;6,3;7,4;8,6;9,3 | S25: 1 | T25: 1001,931023,100;1001,931025,200 | U25: 5,0,20000000 | Y25: 飞翔的荷兰人号
A26: 130020 | B26: 莫比迪克号 | C26: 21 | D26: ship_icon_22 | E26: 0 | F26: 1 | G26: 6 | H26: 以船长为首的全体船员无一例外都是猛者。同巨大的母船一起，创立了一个时代。 | I26: 0 | J26: 0 | L26: 2.4 | M26: 1170101,1170102,1170104 | N26: ship_icon_22_1 | O26: 1 | P26: 4;6;9 | R26: 1,2;2,3;3,4;4,15;5,6;6,3;7,3;8,7;9,4 | S26: 1 | T26: 1001,931023,100;1001,931025,200 | U26: 5,0,20000000 | Y26: 莫比迪克号
A27: 130021 | B27: 弗拉门戈号 | C27: 23 | D27: ship_icon_23 | E27: 0 | F27: 1 | G27: 6 | H27: 多弗拉门戈的战船，火烈鸟般的外形承载着唐吉坷德家族的野心。 | I27: 0 | J27: 0 | L27: 2.4 | M27: 1190101,1190102 | N27: ship_icon_23_1 | O27: 1 | P27: 4;6;9 | R27: 1,5;2,2;3,2;4,15;5,6;6,4;7,7;8,3;9,3 | S27: 1 | T27: 1001,931023,100;1001,931025,200 | U27: 5,0,20000000 | Y27: 多弗拉门戈的船
A28: 130022 | B28: 珠宝玛格丽塔号 | C28: 24 | D28: ship_icon_022 | E28: 1 | F28: 1 | G28: 6 | I28: 0 | J28: 0 | L28: 2.4 | N28: ship_icon_022_1 | O28: 1 | P28: 4;6;9 | R28: 1,2;2,3;3,4;4,15;5,6;6,4;7,8;8,4;9,6 | S28: 1 | T28: 1001,931023,100;1001,931025,200 | U28: 5,0,20000000 | Y28: 珠宝玛格丽塔号（波妮）
A29: 130023 | B29: 恶意狼号 | C29: 25 | D29: ship_icon_023 | E29: 0 | F29: 1 | G29: 6 | H29: 霍金斯海盗团的战船，船首的稻草人昭示着船长的特殊能力。 | I29: 0 | J29: 0 | L29: 2.4 | M29: 1220101,1220102 | N29: ship_icon_023_1 | O29: 1 | P29: 4;6 | R29: 1,3;2,3;3,3;4,15;5,6;6,3;7,4;8,3;9,6 | S29: 1 | T29: 1001,931023,100;1001,931025,200 | U29: 5,0,20000000 | Y29: 恶意狼号（霍金斯）
A30: 130024 | B30: 维多利亚朋克号 | C30: 26 | D30: ship_icon_024 | E30: 0 | F30: 1 | G30: 6 | H30: 基德海盗团的战船，恐怖的造型和凶恶的作战风格让敌人闻风丧胆。 | I30: 0 | J30: 0 | L30: 2.4 | M30: 1270101,1270102 | N30: ship_icon_024_1 | O30: 1 | P30: 4;6;9 | R30: 1,3;2,2;3,4;4,15;5,6;6,4;7,5;8,6;9,4 | S30: 1 | T30: 1001,931023,100;1001,931025,200 | U30: 5,0,20000000 | Y30: 维多利亚朋克号（基德）
A31: 130025 | B31: Stay Tune号 | C31: 27 | D31: ship_icon_025 | E31: 1 | F31: 1 | G31: 6 | I31: 0 | J31: 0 | L31: 2.4 | N31: ship_icon_025_1 | O31: 1 | P31: 4;6;9 | R31: 1,2;2,3;3,4;4,15;5,6;6,3;7,3;8,7;9,4 | S31: 1 | T31: 1001,931023,100;1001,931025,200 | U31: 5,0,20000000 | Y31: Stay Tune号（阿普）
A32: 130026 | B32: 般城丸号 | C32: 28 | D32: ship_icon_026 | E32: 0 | F32: 1 | G32: 6 | H32: 破戒僧海盗团的旗舰，船长“怪僧”乌尔基是十一名超新星之一。 | I32: 0 | J32: 0 | L32: 2.4 | M32: 1280101,1280102 | N32: ship_icon_026_1 | O32: 1 | P32: 4;6;9 | R32: 1,2;2,3;3,4;4,15;5,6;6,3;7,3;8,7;9,4 | S32: 1 | T32: 1001,931023,100;1001,931025,200 | U32: 5,0,20000000 | Y32: 般城丸号（乌尔基）
A33: 130027 | B33: 火焰坦克号 | C33: 29 | D33: ship_icon_027 | E33: 0 | F33: 1 | G33: 6 | H33: 火焰坦克海贼团的旗舰，拥有超越一只军队的强悍火力。 | I33: 0 | J33: 0 | L33: 2.4 | M33: 1290101,1290102 | N33: ship_icon_027_1 | O33: 1 | P33: 4;6;9 | R33: 1,2;2,3;3,4;4,15;5,6;6,3;7,3;8,7;9,4 | S33: 1 | T33: 1001,931023,100;1001,931025,200 | U33: 5,0,20000000 | Y33: 火焰坦克号（贝基）
A34: 130028 | B34: 方舟箴言 | C34: 32 | D34: ship_icon_028 | E34: 0 | F34: 1 | G34: 6 | H34: 艾尼路的黄金战船，也是唯一能翱翔于天际的战船。 | I34: 0 | J34: 0 | L34: 2.4 | M34: 1230101,1230102,1230103 | N34: ship_icon_028_1 | O34: 1 | P34: 4;6;9 | R34: 1,2;2,4;3,3;4,15;5,6;6,4;7,6;8,4;9,8 | S34: 1 | T34: 1001,931023,100;1001,931025,200 | U34: 5,0,20000000 | Y34: 方舟箴言
A35: 130029 | B35: 女王妈妈吟唱者 | C35: 33 | D35: ship_icon_31 | E35: 0 | F35: 1 | G35: 6 | H35: BIG·MOM海盗团的旗舰，承载着BIG·MOM的荣耀横行于新世界。 | I35: 0 | J35: 0 | L35: 2.4 | M35: 1240101,1240102,1240103 | N35: ship_icon_31_1 | O35: 1 | P35: 4;6;9 | R35: 1,2;2,4;3,3;4,15;5,6;6,3;7,4;8,8;9,3 | S35: 1 | T35: 1001,931023,100;1001,931025,200 | U35: 5,0,20000000 | Y35: 女王·妈妈·吟唱者
A36: 130030 | B36: 前进·路飞前辈号 | C36: 37 | D36: ship_icon_32 | E36: 0 | F36: 1 | G36: 6 | H36: 前进路飞前辈号是巴尔托洛梅奥海贼团的海盗船，船长巴尔托洛梅奥是草帽海贼团的头号粉丝 | I36: 0 | J36: 0 | L36: 2.4 | M36: 1250101,1250102,1250103,1250104 | N36: ship_icon_32_1 | O36: 1 | P36: 4;6;9 | R36: 1,3;2,2;3,4;4,15;5,6;6,5;7,6;8,3;9,5 | S36: 1 | T36: 1001,931023,100;1001,931025,200 | U36: 5,0,20000000 | Y36: 前进·路飞前辈号
A37: 130031 | B37: 米霍克的船 | C37: 38 | D37: ship_icon_33 | E37: 0 | F37: 1 | G37: 6 | H37: 形如黑棺的船，鹰眼依靠这艘船横跨大海，独行天下。 | I37: 0 | J37: 0 | L37: 2.4 | M37: 1260101,1260102,1260103 | N37: ship_icon_33_1 | O37: 1 | P37: 4;6;9 | R37: 1,2;2,3;3,4;4,15;5,6;6,7;7,4;8,5;9,6 | S37: 1 | T37: 1001,931023,100;1001,931025,200 | U37: 5,0,20000000 | Y37: 米霍克的船
A38: 130032 | B38: 白星 | C38: 39 | D38: ship_icon_34 | E38: 0 | F38: 1 | G38: 6 | H38: 白星公主无法参与海战等战斗玩法，你可以在海之森找到她。 | I38: -16.6 | J38: 0.6 | L38: 2.4 | N38: ship_icon_34_1 | O38: 1 | P38: 4;6;9 | R38: 1,2;2,4;3,3;4,15;5,6;6,4;7,6;8,4;9,8 | S38: 0 | V38: 1 | Y38: 小木船
A39: 130033 | B39: 艾斯的皮艇 | C39: 40 | D39: ship_icon_35 | E39: 0 | F39: 1 | G39: 6 | H39: 艾斯的皮艇，是他驰骋大海，追逐梦想的忠实伙伴。 | I39: 0 | J39: 0 | L39: 2.4 | M39: 1300101,1300102,1300103 | N39: ship_icon_35_1 | O39: 1 | P39: 4;6;9 | R39: 1,2;2,3;3,4;4,15;5,6;6,3;7,3;8,7;9,4 | S39: 1 | T39: 1001,931023,100;1001,931025,200 | U39: 5,0,20000000 | Y39: 艾斯的皮艇
A40: 130034 | B40: 吉贝克之剑号 | C40: 41 | D40: ship_icon_36 | E40: 0 | F40: 1 | G40: 6 | H40: 黑胡子海贼团的主力战舰，承载着黑胡子颠覆大海的野心，追逐着最极致的宝藏。 | I40: 0 | J40: 0 | L40: 2.4 | M40: 1310101,1310102 | N40: ship_icon_36_1 | O40: 1 | P40: 4;6;9 | R40: 1,2;2,3;3,4;4,15;5,6;6,7;7,4;8,5;9,6 | S40: 1 | T40: 1001,931023,100;1001,931025,200 | U40: 5,0,20000000 | Y40: 吉贝克之剑号

Sheet Sheet2
C3: 大航海属性成长 | L3: 初始等级
C4: 1 | D4: 2 | E4: 3 | F4: 4 | G4: 5 | H4: 6 | I4: 7 | J4: 8 | K4: 9 | L4: 1 | M4: 2 | N4: 3 | O4: 4 | P4: 5 | Q4: 6 | R4: 7 | S4: 8 | T4: 9
B5: 黄金梅丽号 | C5: =VLOOKUP(B5,[1]标准战斗!$B$13:$P$30,13,FALSE) -> 70 | D5: =VLOOKUP(B5,[1]标准战斗!$B$13:$P$30,14,FALSE) -> 40 | E5: =VLOOKUP(B5,[1]标准战斗!$B$13:$P$30,15,FALSE) -> 421 | F5: =VLOOKUP(B5,[1]标准战斗!$B$91:$E$108,4,FALSE) -> 0.3 | G5: =VLOOKUP(B5,[1]标准战斗!$B$69:$J$86,9,FALSE) -> 35.3 | H5: =VLOOKUP(B5,[1]标准战斗!$B$112:$F$129,5,FALSE) -> 38.636364 | I5: =H5 -> 38.636364 | J5: =I5 -> 38.636364 | K5: =J5 -> 38.636364 | L5: =VLOOKUP(B5,[1]标准战斗!$B$144:$L$161,3,FALSE) -> 2 | M5: =VLOOKUP(B5,[1]标准战斗!$B$144:$L$161,4,FALSE) -> 3 | N5: =VLOOKUP(B5,[1]标准战斗!$B$144:$L$161,5,FALSE) -> 4 | O5: =VLOOKUP(B5,[1]标准战斗!$B$144:$L$161,7,FALSE) -> 13 | P5: =VLOOKUP(B5,[1]标准战斗!$B$144:$L$161,6,FALSE) -> 3 | Q5: =VLOOKUP(B5,[1]标准战斗!$B$144:$L$161,11,FALSE) -> 1 | R5: =VLOOKUP(B5,[1]标准战斗!$B$144:$L$161,9,FALSE) -> 2 | S5: =VLOOKUP(B5,[1]标准战斗!$B$144:$L$161,8,FALSE) -> 4 | T5: =VLOOKUP(B5,[1]标准战斗!$B$144:$L$161,10,FALSE) -> 4
B6: 黑色战士号 | C6: =VLOOKUP(B6,[1]标准战斗!$B$13:$P$30,13,FALSE) -> 68 | D6: =VLOOKUP(B6,[1]标准战斗!$B$13:$P$30,14,FALSE) -> 40 | E6: =VLOOKUP(B6,[1]标准战斗!$B$13:$P$30,15,FALSE) -> 432 | F6: =VLOOKUP(B6,[1]标准战斗!$B$91:$E$108,4,FALSE) -> 0.3 | G6: =VLOOKUP(B6,[1]标准战斗!$B$69:$J$86,9,FALSE) -> 37.2 | H6: =VLOOKUP(B6,[1]标准战斗!$B$112:$F$129,5,FALSE) -> 36.363636 | I6: =H6 -> 36.363636 | J6: =I6 -> 36.363636 | K6: =J6 -> 36.363636 | L6: =VLOOKUP(B6,[1]标准战斗!$B$144:$L$161,3,FALSE) -> 2 | M6: =VLOOKUP(B6,[1]标准战斗!$B$144:$L$161,4,FALSE) -> 3 | N6: =VLOOKUP(B6,[1]标准战斗!$B$144:$L$161,5,FALSE) -> 4 | O6: =VLOOKUP(B6,[1]标准战斗!$B$144:$L$161,7,FALSE) -> 13 | P6: =VLOOKUP(B6,[1]标准战斗!$B$144:$L$161,6,FALSE) -> 4 | Q6: =VLOOKUP(B6,[1]标准战斗!$B$144:$L$161,11,FALSE) -> 1 | R6: =VLOOKUP(B6,[1]标准战斗!$B$144:$L$161,9,FALSE) -> 2 | S6: =VLOOKUP(B6,[1]标准战斗!$B$144:$L$161,8,FALSE) -> 3 | T6: =VLOOKUP(B6,[1]标准战斗!$B$144:$L$161,10,FALSE) -> 3
B7: 海军军舰 | C7: =VLOOKUP(B7,[1]标准战斗!$B$13:$P$30,13,FALSE) -> 78 | D7: =VLOOKUP(B7,[1]标准战斗!$B$13:$P$30,14,FALSE) -> 44 | E7: =VLOOKUP(B7,[1]标准战斗!$B$13:$P$30,15,FALSE) -> 468 | F7: =VLOOKUP(B7,[1]标准战斗!$B$91:$E$108,4,FALSE) -> 0.3 | G7: =VLOOKUP(B7,[1]标准战斗!$B$69:$J$86,9,FALSE) -> 35.3 | H7: =VLOOKUP(B7,[1]标准战斗!$B$112:$F$129,5,FALSE) -> 36.363636 | I7: =H7 -> 36.363636 | J7: =I7 -> 36.363636 | K7: =J7 -> 36.363636 | L7: =VLOOKUP(B7,[1]标准战斗!$B$144:$L$161,3,FALSE) -> 5 | M7: =VLOOKUP(B7,[1]标准战斗!$B$144:$L$161,4,FALSE) -> 2 | N7: =VLOOKUP(B7,[1]标准战斗!$B$144:$L$161,5,FALSE) -> 2 | O7: =VLOOKUP(B7,[1]标准战斗!$B$144:$L$161,7,FALSE) -> 13 | P7: =VLOOKUP(B7,[1]标准战斗!$B$144:$L$161,6,FALSE) -> 3 | Q7: =VLOOKUP(B7,[1]标准战斗!$B$144:$L$161,11,FALSE) -> 4 | R7: =VLOOKUP(B7,[1]标准战斗!$B$144:$L$161,9,FALSE) -> 4 | S7: =VLOOKUP(B7,[1]标准战斗!$B$144:$L$161,8,FALSE) -> 1 | T7: =VLOOKUP(B7,[1]标准战斗!$B$144:$L$161,10,FALSE) -> 2
B8: 可爱小鸭号 | C8: =VLOOKUP(B8,[1]标准战斗!$B$13:$P$30,13,FALSE) -> 70 | D8: =VLOOKUP(B8,[1]标准战斗!$B$13:$P$30,14,FALSE) -> 44 | E8: =VLOOKUP(B8,[1]标准战斗!$B$13:$P$30,15,FALSE) -> 456 | F8: =VLOOKUP(B8,[1]标准战斗!$B$91:$E$108,4,FALSE) -> 0.3 | G8: =VLOOKUP(B8,[1]标准战斗!$B$69:$J$86,9,FALSE) -> 37.2 | H8: =VLOOKUP(B8,[1]标准战斗!$B$112:$F$129,5,FALSE) -> 40.909091 | I8: =H8 -> 40.909091 | J8: =I8 -> 40.909091 | K8: =J8 -> 40.909091 | L8: =VLOOKUP(B8,[1]标准战斗!$B$144:$L$161,3,FALSE) -> 3 | M8: =VLOOKUP(B8,[1]标准战斗!$B$144:$L$161,4,FALSE) -> 2 | N8: =VLOOKUP(B8,[1]标准战斗!$B$144:$L$161,5,FALSE) -> 4 | O8: =VLOOKUP(B8,[1]标准战斗!$B$144:$L$161,7,FALSE) -> 13 | P8: =VLOOKUP(B8,[1]标准战斗!$B$144:$L$161,6,FALSE) -> 3 | Q8: =VLOOKUP(B8,[1]标准战斗!$B$144:$L$161,11,FALSE) -> 1 | R8: =VLOOKUP(B8,[1]标准战斗!$B$144:$L$161,9,FALSE) -> 4 | S8: =VLOOKUP(B8,[1]标准战斗!$B$144:$L$161,8,FALSE) -> 4 | T8: =VLOOKUP(B8,[1]标准战斗!$B$144:$L$161,10,FALSE) -> 2
B9: 千里·阳光号 | C9: =VLOOKUP(B9,[1]标准战斗!$B$13:$P$30,13,FALSE) -> 94 | D9: =VLOOKUP(B9,[1]标准战斗!$B$13:$P$30,14,FALSE) -> 53 | E9: =VLOOKUP(B9,[1]标准战斗!$B$13:$P$30,15,FALSE) -> 562 | F9: =VLOOKUP(B9,[1]标准战斗!$B$91:$E$108,4,FALSE) -> 0.3 | G9: =VLOOKUP(B9,[1]标准战斗!$B$69:$J$86,9,FALSE) -> 37.2 | H9: =VLOOKUP(B9,[1]标准战斗!$B$112:$F$129,5,FALSE) -> 36.363636 | I9: =H9 -> 36.363636 | J9: =I9 -> 36.363636 | K9: =J9 -> 36.363636 | L9: =VLOOKUP(B9,[1]标准战斗!$B$144:$L$161,3,FALSE) -> 5 | M9: =VLOOKUP(B9,[1]标准战斗!$B$144:$L$161,4,FALSE) -> 2 | N9: =VLOOKUP(B9,[1]标准战斗!$B$144:$L$161,5,FALSE) -> 2 | O9: =VLOOKUP(B9,[1]标准战斗!$B$144:$L$161,7,FALSE) -> 13 | P9: =VLOOKUP(B9,[1]标准战斗!$B$144:$L$161,6,FALSE) -> 3 | Q9: =VLOOKUP(B9,[1]标准战斗!$B$144:$L$161,11,FALSE) -> 4 | R9: =VLOOKUP(B9,[1]标准战斗!$B$144:$L$161,9,FALSE) -> 4 | S9: =VLOOKUP(B9,[1]标准战斗!$B$144:$L$161,8,FALSE) -> 1 | T9: =VLOOKUP(B9,[1]标准战斗!$B$144:$L$161,10,FALSE) -> 2
B10: 性感福克斯号 | C10: =VLOOKUP(B10,[1]标准战斗!$B$13:$P$30,13,FALSE) -> 84 | D10: =VLOOKUP(B10,[1]标准战斗!$B$13:$P$30,14,FALSE) -> 51 | E10: =VLOOKUP(B10,[1]标准战斗!$B$13:$P$30,15,FALSE) -> 515 | F10: =VLOOKUP(B10,[1]标准战斗!$B$91:$E$108,4,FALSE) -> 0.3 | G10: =VLOOKUP(B10,[1]标准战斗!$B$69:$J$86,9,FALSE) -> 37.2 | H10: =VLOOKUP(B10,[1]标准战斗!$B$112:$F$129,5,FALSE) -> 40.909091 | I10: =H10 -> 40.909091 | J10: =I10 -> 40.909091 | K10: =J10 -> 40.909091 | L10: =VLOOKUP(B10,[1]标准战斗!$B$144:$L$161,3,FALSE) -> 3 | M10: =VLOOKUP(B10,[1]标准战斗!$B$144:$L$161,4,FALSE) -> 3 | N10: =VLOOKUP(B10,[1]标准战斗!$B$144:$L$161,5,FALSE) -> 3 | O10: =VLOOKUP(B10,[1]标准战斗!$B$144:$L$161,7,FALSE) -> 13 | P10: =VLOOKUP(B10,[1]标准战斗!$B$144:$L$161,6,FALSE) -> 4 | Q10: =VLOOKUP(B10,[1]标准战斗!$B$144:$L$161,11,FALSE) -> 4 | R10: =VLOOKUP(B10,[1]标准战斗!$B$144:$L$161,9,FALSE) -> 4 | S10: =VLOOKUP(B10,[1]标准战斗!$B$144:$L$161,8,FALSE) -> 4 | T10: =VLOOKUP(B10,[1]标准战斗!$B$144:$L$161,10,FALSE) -> 4
B11: 海军战舰 | C11: =VLOOKUP(B11,[1]标准战斗!$B$13:$P$30,13,FALSE) -> 81 | D11: =VLOOKUP(B11,[1]标准战斗!$B$13:$P$30,14,FALSE) -> 51 | E11: =VLOOKUP(B11,[1]标准战斗!$B$13:$P$30,15,FALSE) -> 528 | F11: =VLOOKUP(B11,[1]标准战斗!$B$91:$E$108,4,FALSE) -> 0.3 | G11: =VLOOKUP(B11,[1]标准战斗!$B$69:$J$86,9,FALSE) -> 44.6 | H11: =VLOOKUP(B11,[1]标准战斗!$B$112:$F$129,5,FALSE) -> 40.909091 | I11: =H11 -> 40.909091 | J11: =I11 -> 40.909091 | K11: =J11 -> 40.909091 | L11: =VLOOKUP(B11,[1]标准战斗!$B$144:$L$161,3,FALSE) -> 2 | M11: =VLOOKUP(B11,[1]标准战斗!$B$144:$L$161,4,FALSE) -> 3 | N11: =VLOOKUP(B11,[1]标准战斗!$B$144:$L$161,5,FALSE) -> 4 | O11: =VLOOKUP(B11,[1]标准战斗!$B$144:$L$161,7,FALSE) -> 14 | P11: =VLOOKUP(B11,[1]标准战斗!$B$144:$L$161,6,FALSE) -> 5 | Q11: =VLOOKUP(B11,[1]标准战斗!$B$144:$L$161,11,FALSE) -> 2 | R11: =VLOOKUP(B11,[1]标准战斗!$B$144:$L$161,9,FALSE) -> 3 | S11: =VLOOKUP(B11,[1]标准战斗!$B$144:$L$161,8,FALSE) -> 5 | T11: =VLOOKUP(B11,[1]标准战斗!$B$144:$L$161,10,FALSE) -> 5
B12: 黑胡子木筏 | C12: =VLOOKUP(B12,[1]标准战斗!$B$13:$P$30,13,FALSE) -> 90 | D12: =VLOOKUP(B12,[1]标准战斗!$B$13:$P$30,14,FALSE) -> 53 | E12: =VLOOKUP(B12,[1]标准战斗!$B$13:$P$30,15,FALSE) -> 524 | F12: =VLOOKUP(B12,[1]标准战斗!$B$91:$E$108,4,FALSE) -> 0.3 | G12: =VLOOKUP(B12,[1]标准战斗!$B$69:$J$86,9,FALSE) -> 44.6 | H12: =VLOOKUP(B12,[1]标准战斗!$B$112:$F$129,5,FALSE) -> 45.454545 | I12: =H12 -> 45.454545 | J12: =I12 -> 45.454545 | K12: =J12 -> 45.454545 | L12: =VLOOKUP(B12,[1]标准战斗!$B$144:$L$161,3,FALSE) -> 5 | M12: =VLOOKUP(B12,[1]标准战斗!$B$144:$L$161,4,FALSE) -> 2 | N12: =VLOOKUP(B12,[1]标准战斗!$B$144:$L$161,5,FALSE) -> 2 | O12: =VLOOKUP(B12,[1]标准战斗!$B$144:$L$161,7,FALSE) -> 14 | P12: =VLOOKUP(B12,[1]标准战斗!$B$144:$L$161,6,FALSE) -> 5 | Q12: =VLOOKUP(B12,[1]标准战斗!$B$144:$L$161,11,FALSE) -> 2 | R12: =VLOOKUP(B12,[1]标准战斗!$B$144:$L$161,9,FALSE) -> 3 | S12: =VLOOKUP(B12,[1]标准战斗!$B$144:$L$161,8,FALSE) -> 4 | T12: =VLOOKUP(B12,[1]标准战斗!$B$144:$L$161,10,FALSE) -> 4
B13: 太阳海盗团 | C13: =VLOOKUP(B13,[1]标准战斗!$B$13:$P$30,13,FALSE) -> 91 | D13: =VLOOKUP(B13,[1]标准战斗!$B$13:$P$30,14,FALSE) -> 54 | E13: =VLOOKUP(B13,[1]标准战斗!$B$13:$P$30,15,FALSE) -> 569 | F13: =VLOOKUP(B13,[1]标准战斗!$B$91:$E$108,4,FALSE) -> 0.3 | G13: =VLOOKUP(B13,[1]标准战斗!$B$69:$J$86,9,FALSE) -> 46.5 | H13: =VLOOKUP(B13,[1]标准战斗!$B$112:$F$129,5,FALSE) -> 47.727273 | I13: =H13 -> 47.727273 | J13: =I13 -> 47.727273 | K13: =J13 -> 47.727273 | L13: =VLOOKUP(B13,[1]标准战斗!$B$144:$L$161,3,FALSE) -> 2 | M13: =VLOOKUP(B13,[1]标准战斗!$B$144:$L$161,4,FALSE) -> 3 | N13: =VLOOKUP(B13,[1]标准战斗!$B$144:$L$161,5,FALSE) -> 4 | O13: =VLOOKUP(B13,[1]标准战斗!$B$144:$L$161,7,FALSE) -> 14 | P13: =VLOOKUP(B13,[1]标准战斗!$B$144:$L$161,6,FALSE) -> 5 | Q13: =VLOOKUP(B13,[1]标准战斗!$B$144:$L$161,11,FALSE) -> 5 | R13: =VLOOKUP(B13,[1]标准战斗!$B$144:$L$161,9,FALSE) -> 5 | S13: =VLOOKUP(B13,[1]标准战斗!$B$144:$L$161,8,FALSE) -> 3 | T13: =VLOOKUP(B13,[1]标准战斗!$B$144:$L$161,10,FALSE) -> 3
B14: 戈普的军舰 | C14: =VLOOKUP(B14,[1]标准战斗!$B$13:$P$30,13,FALSE) -> 105 | D14: =VLOOKUP(B14,[1]标准战斗!$B$13:$P$30,14,FALSE) -> 61 | E14: =VLOOKUP(B14,[1]标准战斗!$B$13:$P$30,15,FALSE) -> 624 | F14: =VLOOKUP(B14,[1]标准战斗!$B$91:$E$108,4,FALSE) -> 0.3 | G14: =VLOOKUP(B14,[1]标准战斗!$B$69:$J$86,9,FALSE) -> 44.6 | H14: =VLOOKUP(B14,[1]标准战斗!$B$112:$F$129,5,FALSE) -> 45.454545 | I14: =H14 -> 45.454545 | J14: =I14 -> 45.454545 | K14: =J14 -> 45.454545 | L14: =VLOOKUP(B14,[1]标准战斗!$B$144:$L$161,3,FALSE) -> 5 | M14: =VLOOKUP(B14,[1]标准战斗!$B$144:$L$161,4,FALSE) -> 2 | N14: =VLOOKUP(B14,[1]标准战斗!$B$144:$L$161,5,FALSE) -> 2 | O14: =VLOOKUP(B14,[1]标准战斗!$B$144:$L$161,7,FALSE) -> 14 | P14: =VLOOKUP(B14,[1]标准战斗!$B$144:$L$161,6,FALSE) -> 5 | Q14: =VLOOKUP(B14,[1]标准战斗!$B$144:$L$161,11,FALSE) -> 4 | R14: =VLOOKUP(B14,[1]标准战斗!$B$144:$L$161,9,FALSE) -> 4 | S14: =VLOOKUP(B14,[1]标准战斗!$B$144:$L$161,8,FALSE) -> 4 | T14: =VLOOKUP(B14,[1]标准战斗!$B$144:$L$161,10,FALSE) -> 3
B15: 九蛇海盗船 | C15: =VLOOKUP(B15,[1]标准战斗!$B$13:$P$30,13,FALSE) -> 99 | D15: =VLOOKUP(B15,[1]标准战斗!$B$13:$P$30,14,FALSE) -> 60 | E15: =VLOOKUP(B15,[1]标准战斗!$B$13:$P$30,15,FALSE) -> 608 | F15: =VLOOKUP(B15,[1]标准战斗!$B$91:$E$108,4,FALSE) -> 0.3 | G15: =VLOOKUP(B15,[1]标准战斗!$B$69:$J$86,9,FALSE) -> 46.9 | H15: =VLOOKUP(B15,[1]标准战斗!$B$112:$F$129,5,FALSE) -> 47.727273 | I15: =H15 -> 47.727273 | J15: =I15 -> 47.727273 | K15: =J15 -> 47.727273 | L15: =VLOOKUP(B15,[1]标准战斗!$B$144:$L$161,3,FALSE) -> 3 | M15: =VLOOKUP(B15,[1]标准战斗!$B$144:$L$161,4,FALSE) -> 3 | N15: =VLOOKUP(B15,[1]标准战斗!$B$144:$L$161,5,FALSE) -> 3 | O15: =VLOOKUP(B15,[1]标准战斗!$B$144:$L$161,7,FALSE) -> 15 | P15: =VLOOKUP(B15,[1]标准战斗!$B$144:$L$161,6,FALSE) -> 5 | Q15: =VLOOKUP(B15,[1]标准战斗!$B$144:$L$161,11,FALSE) -> 5 | R15: =VLOOKUP(B15,[1]标准战斗!$B$144:$L$161,9,FALSE) -> 5 | S15: =VLOOKUP(B15,[1]标准战斗!$B$144:$L$161,8,FALSE) -> 4 | T15: =VLOOKUP(B15,[1]标准战斗!$B$144:$L$161,10,FALSE) -> 4
B16: 雷德佛斯号 | C16: =VLOOKUP(B16,[1]标准战斗!$B$13:$P$30,13,FALSE) -> 94 | D16: =VLOOKUP(B16,[1]标准战斗!$B$13:$P$30,14,FALSE) -> 58 | E16: =VLOOKUP(B16,[1]标准战斗!$B$13:$P$30,15,FALSE) -> 593 | F16: =VLOOKUP(B16,[1]标准战斗!$B$91:$E$108,4,FALSE) -> 0.3 | G16: =VLOOKUP(B16,[1]标准战斗!$B$69:$J$86,9,FALSE) -> 46.5 | H16: =VLOOKUP(B16,[1]标准战斗!$B$112:$F$129,5,FALSE) -> 50 | I16: =H16 -> 50 | J16: =I16 -> 50 | K16: =J16 -> 50 | L16: =VLOOKUP(B16,[1]标准战斗!$B$144:$L$161,3,FALSE) -> 2 | M16: =VLOOKUP(B16,[1]标准战斗!$B$144:$L$161,4,FALSE) -> 3 | N16: =VLOOKUP(B16,[1]标准战斗!$B$144:$L$161,5,FALSE) -> 4 | O16: =VLOOKUP(B16,[1]标准战斗!$B$144:$L$161,7,FALSE) -> 15 | P16: =VLOOKUP(B16,[1]标准战斗!$B$144:$L$161,6,FALSE) -> 5 | Q16: =VLOOKUP(B16,[1]标准战斗!$B$144:$L$161,11,FALSE) -> 6 | R16: =VLOOKUP(B16,[1]标准战斗!$B$144:$L$161,9,FALSE) -> 4 | S16: =VLOOKUP(B16,[1]标准战斗!$B$144:$L$161,8,FALSE) -> 8 | T16: =VLOOKUP(B16,[1]标准战斗!$B$144:$L$161,10,FALSE) -> 5
... B22: 飞翔的荷兰人号 | C22: =VLOOKUP(B22,[1]标准战斗!$B$13:$P$30,13,FALSE) -> 116 | D22: =VLOOKUP(B22,[1]标准战斗!$B$13:$P$30,14,FALSE) -> 69 | E22: =VLOOKUP(B22,[1]标准战斗!$B$13:$P$30,15,FALSE) -> 693 | F22: =VLOOKUP(B22,[1]标准战斗!$B$91:$E$108,4,FALSE) -> 0.3 | G22: =VLOOKUP(B22,[1]标准战斗!$B$69:$J$86,9,FALSE) -> 49.8 | H22: =VLOOKUP(B22,[1]标准战斗!$B$112:$F$129,5,FALSE) -> 59.090909 | I22: =H22 -> 59.090909 | J22: =I22 -> 59.090909 | K22: =J22 -> 59.090909 | L22: =VLOOKUP(B22,[1]标准战斗!$B$144:$L$161,3,FALSE) -> 5 | M22: =VLOOKUP(B22,[1]标准战斗!$B$144:$L$161,4,FALSE) -> 2 | N22: =VLOOKUP(B22,[1]标准战斗!$B$144:$L$161,5,FALSE) -> 2 | O22: =VLOOKUP(B22,[1]标准战斗!$B$144:$L$161,7,FALSE) -> 15 | P22: =VLOOKUP(B22,[1]标准战斗!$B$144:$L$161,6,FALSE) -> 6 | Q22: =VLOOKUP(B22,[1]标准战斗!$B$144:$L$161,11,FALSE) -> 3 | R22: =VLOOKUP(B22,[1]标准战斗!$B$144:$L$161,9,FALSE) -> 4 | S22: =VLOOKUP(B22,[1]标准战斗!$B$144:$L$161,8,FALSE) -> 6 | T22: =VLOOKUP(B22,[1]标准战斗!$B$144:$L$161,10,FALSE) -> 3
B24: 黄金梅丽号 | C24: =L$4&","&L5 -> 1,2 | D24: =";"&M$4&","&M5 -> ;2,3 | E24: =";"&N$4&","&N5 -> ;3,4 | F24: =";"&O$4&","&O5 -> ;4,13 | G24: =";"&P$4&","&P5 -> ;5,3 | H24: =";"&Q$4&","&Q5 -> ;6,1 | I24: =";"&R$4&","&R5 -> ;7,2 | J24: =";"&S$4&","&S5 -> ;8,4 | K24: =";"&T$4&","&T5 -> ;9,4 | L24: =C24&D24&E24&F24&G24&H24&I24&J24&K24 -> 1,2;2,3;3,4;4,13;5,3;6,1;7,2;8,4;9,4
B25: 黑色战士号 | C25: =L$4&","&L6 -> 1,2 | D25: =";"&M$4&","&M6 -> ;2,3 | E25: =";"&N$4&","&N6 -> ;3,4 | F25: =";"&O$4&","&O6 -> ;4,13 | G25: =";"&P$4&","&P6 -> ;5,4 | H25: =";"&Q$4&","&Q6 -> ;6,1 | I25: =";"&R$4&","&R6 -> ;7,2 | J25: =";"&S$4&","&S6 -> ;8,3 | K25: =";"&T$4&","&T6 -> ;9,3 | L25: =C25&D25&E25&F25&G25&H25&I25&J25&K25 -> 1,2;2,3;3,4;4,13;5,4;6,1;7,2;8,3;9,3
B26: 海军军舰 | C26: =L$4&","&L7 -> 1,5 | D26: =";"&M$4&","&M7 -> ;2,2 | E26: =";"&N$4&","&N7 -> ;3,2 | F26: =";"&O$4&","&O7 -> ;4,13 | G26: =";"&P$4&","&P7 -> ;5,3 | H26: =";"&Q$4&","&Q7 -> ;6,4 | I26: =";"&R$4&","&R7 -> ;7,4 | J26: =";"&S$4&","&S7 -> ;8,1 | K26: =";"&T$4&","&T7 -> ;9,2 | L26: =C26&D26&E26&F26&G26&H26&I26&J26&K26 -> 1,5;2,2;3,2;4,13;5,3;6,4;7,4;8,1;9,2
B27: 可爱小鸭号 | C27: =L$4&","&L8 -> 1,3 | D27: =";"&M$4&","&M8 -> ;2,2 | E27: =";"&N$4&","&N8 -> ;3,4 | F27: =";"&O$4&","&O8 -> ;4,13 | G27: =";"&P$4&","&P8 -> ;5,3 | H27: =";"&Q$4&","&Q8 -> ;6,1 | I27: =";"&R$4&","&R8 -> ;7,4 | J27: =";"&S$4&","&S8 -> ;8,4 | K27: =";"&T$4&","&T8 -> ;9,2 | L27: =C27&D27&E27&F27&G27&H27&I27&J27&K27 -> 1,3;2,2;3,4;4,13;5,3;6,1;7,4;8,4;9,2
B28: 千里·阳光号 | C28: =L$4&","&L9 -> 1,5 | D28: =";"&M$4&","&M9 -> ;2,2 | E28: =";"&N$4&","&N9 -> ;3,2 | F28: =";"&O$4&","&O9 -> ;4,13 | G28: =";"&P$4&","&P9 -> ;5,3 | H28: =";"&Q$4&","&Q9 -> ;6,4 | I28: =";"&R$4&","&R9 -> ;7,4 | J28: =";"&S$4&","&S9 -> ;8,1 | K28: =";"&T$4&","&T9 -> ;9,2 | L28: =C28&D28&E28&F28&G28&H28&I28&J28&K28 -> 1,5;2,2;3,2;4,13;5,3;6,4;7,4;8,1;9,2
B29: 性感福克斯号 | C29: =L$4&","&L10 -> 1,3 | D29: =";"&M$4&","&M10 -> ;2,3 | E29: =";"&N$4&","&N10 -> ;3,3 | F29: =";"&O$4&","&O10 -> ;4,13 | G29: =";"&P$4&","&P10 -> ;5,4 | H29: =";"&Q$4&","&Q10 -> ;6,4 | I29: =";"&R$4&","&R10 -> ;7,4 | J29: =";"&S$4&","&S10 -> ;8,4 | K29: =";"&T$4&","&T10 -> ;9,4 | L29: =C29&D29&E29&F29&G29&H29&I29&J29&K29 -> 1,3;2,3;3,3;4,13;5,4;6,4;7,4;8,4;9,4
B30: 海军战舰 | C30: =L$4&","&L11 -> 1,2 | D30: =";"&M$4&","&M11 -> ;2,3 | E30: =";"&N$4&","&N11 -> ;3,4 | F30: =";"&O$4&","&O11 -> ;4,14 | G30: =";"&P$4&","&P11 -> ;5,5 | H30: =";"&Q$4&","&Q11 -> ;6,2 | I30: =";"&R$4&","&R11 -> ;7,3 | J30: =";"&S$4&","&S11 -> ;8,5 | K30: =";"&T$4&","&T11 -> ;9,5 | L30: =C30&D30&E30&F30&G30&H30&I30&J30&K30 -> 1,2;2,3;3,4;4,14;5,5;6,2;7,3;8,5;9,5
B31: 黑胡子木筏 | C31: =L$4&","&L12 -> 1,5 | D31: =";"&M$4&","&M12 -> ;2,2 | E31: =";"&N$4&","&N12 -> ;3,2 | F31: =";"&O$4&","&O12 -> ;4,14 | G31: =";"&P$4&","&P12 -> ;5,5 | H31: =";"&Q$4&","&Q12 -> ;6,2 | I31: =";"&R$4&","&R12 -> ;7,3 | J31: =";"&S$4&","&S12 -> ;8,4 | K31: =";"&T$4&","&T12 -> ;9,4 | L31: =C31&D31&E31&F31&G31&H31&I31&J31&K31 -> 1,5;2,2;3,2;4,14;5,5;6,2;7,3;8,4;9,4
B32: 太阳海盗团 | C32: =L$4&","&L13 -> 1,2 | D32: =";"&M$4&","&M13 -> ;2,3 | E32: =";"&N$4&","&N13 -> ;3,4 | F32: =";"&O$4&","&O13 -> ;4,14 | G32: =";"&P$4&","&P13 -> ;5,5 | H32: =";"&Q$4&","&Q13 -> ;6,5 | I32: =";"&R$4&","&R13 -> ;7,5 | J32: =";"&S$4&","&S13 -> ;8,3 | K32: =";"&T$4&","&T13 -> ;9,3 | L32: =C32&D32&E32&F32&G32&H32&I32&J32&K32 -> 1,2;2,3;3,4;4,14;5,5;6,5;7,5;8,3;9,3
B33: 戈普的军舰 | C33: =L$4&","&L14 -> 1,5 | D33: =";"&M$4&","&M14 -> ;2,2 | E33: =";"&N$4&","&N14 -> ;3,2 | F33: =";"&O$4&","&O14 -> ;4,14 | G33: =";"&P$4&","&P14 -> ;5,5 | H33: =";"&Q$4&","&Q14 -> ;6,4 | I33: =";"&R$4&","&R14 -> ;7,4 | J33: =";"&S$4&","&S14 -> ;8,4 | K33: =";"&T$4&","&T14 -> ;9,3 | L33: =C33&D33&E33&F33&G33&H33&I33&J33&K33 -> 1,5;2,2;3,2;4,14;5,5;6,4;7,4;8,4;9,3
B34: 九蛇海盗船 | C34: =L$4&","&L15 -> 1,3 | D34: =";"&M$4&","&M15 -> ;2,3 | E34: =";"&N$4&","&N15 -> ;3,3 | F34: =";"&O$4&","&O15 -> ;4,15 | G34: =";"&P$4&","&P15 -> ;5,5 | H34: =";"&Q$4&","&Q15 -> ;6,5 | I34: =";"&R$4&","&R15 -> ;7,5 | J34: =";"&S$4&","&S15 -> ;8,4 | K34: =";"&T$4&","&T15 -> ;9,4 | L34: =C34&D34&E34&F34&G34&H34&I34&J34&K34 -> 1,3;2,3;3,3;4,15;5,5;6,5;7,5;8,4;9,4
B35: 雷德佛斯号 | C35: =L$4&","&L16 -> 1,2 | D35: =";"&M$4&","&M16 -> ;2,3 | E35: =";"&N$4&","&N16 -> ;3,4 | F35: =";"&O$4&","&O16 -> ;4,15 | G35: =";"&P$4&","&P16 -> ;5,5 | H35: =";"&Q$4&","&Q16 -> ;6,6 | I35: =";"&R$4&","&R16 -> ;7,4 | J35: =";"&S$4&","&S16 -> ;8,8 | K35: =";"&T$4&","&T16 -> ;9,5 | L35: =C35&D35&E35&F35&G35&H35&I35&J35&K35 -> 1,2;2,3;3,4;4,15;5,5;6,6;7,4;8,8;9,5
... B41: 飞翔的荷兰人号 | C41: =L$4&","&L22 -> 1,5 | D41: =";"&M$4&","&M22 -> ;2,2 | E41: =";"&N$4&","&N22 -> ;3,2 | F41: =";"&O$4&","&O22 -> ;4,15 | G41: =";"&P$4&","&P22 -> ;5,6 | H41: =";"&Q$4&","&Q22 -> ;6,3 | I41: =";"&R$4&","&R22 -> ;7,4 | J41: =";"&S$4&","&S22 -> ;8,6 | K41: =";"&T$4&","&T22 -> ;9,3 | L41: =C41&D41&E41&F41&G41&H41&I41&J41&K41 -> 1,5;2,2;3,2;4,15;5,6;6,3;7,4;8,6;9,3

Sheet Sheet3
B1: 黄金梅丽号 | C1: 黑色战士号 | D1: 海军军舰 | E1: 可爱小鸭号 | F1: 千里·阳光号 | G1: 性感福克斯号 | H1: 海军战舰 | I1: 黑胡子木筏 | J1: 太阳海盗团 | K1: 戈普的军舰 | L1: 九蛇海盗船 | M1: 雷德佛斯号 | N1: 极地潜水号 | O1: 幽灵船 | P1: 风·格拉玛号 | Q1: 弗兰姆.瑞兹号 | R1: 莫比迪克号 | S1: 飞翔的荷兰人号
B2: 70 | C2: 68 | D2: 78 | E2: 70 | F2: 94 | G2: 84 | H2: 81 | I2: 90 | J2: 91 | K2: 105 | L2: 99 | M2: 94 | N2: 98 | O2: 105 | P2: 96 | Q2: 95 | R2: 106 | S2: 116
B3: 40 | C3: 40 | D3: 44 | E3: 44 | F3: 53 | G3: 51 | H3: 51 | I3: 53 | J3: 54 | K3: 61 | L3: 60 | M3: 58 | N3: 55 | O3: 59 | P3: 60 | Q3: 58 | R3: 63 | S3: 69
B4: 421 | C4: 432 | D4: 468 | E4: 456 | F4: 562 | G4: 515 | H4: 528 | I4: 524 | J4: 569 | K4: 624 | L4: 608 | M4: 593 | N4: 585 | O4: 632 | P4: 624 | Q4: 585 | R4: 664 | S4: 693
B5: 0.3 | C5: 0.3 | D5: 0.3 | E5: 0.3 | F5: 0.3 | G5: 0.3 | H5: 0.3 | I5: 0.3 | J5: 0.3 | K5: 0.3 | L5: 0.3 | M5: 0.3 | N5: 0.3 | O5: 0.3 | P5: 0.3 | Q5: 0.3 | R5: 0.3 | S5: 0.3
B6: 35.3 | C6: 37.2 | D6: 35.3 | E6: 37.2 | F6: 37.2 | G6: 37.2 | H6: 44.6 | I6: 44.6 | J6: 46.5 | K6: 44.6 | L6: 46.9 | M6: 46.5 | N6: 48.3 | O6: 47.6 | P6: 49.8 | Q6: 46.5 | R6: 47.6 | S6: 49.8
B7: 38.6 | C7: 36.4 | D7: 36.4 | E7: 40.9 | F7: 36.4 | G7: 40.9 | H7: 40.9 | I7: 45.5 | J7: 47.7 | K7: 45.5 | L7: 47.7 | M7: 50 | N7: 45.5 | O7: 43.2 | P7: 47.7 | Q7: 50 | R7: 43.2 | S7: 59.1
B8: 38.6 | C8: 36.4 | D8: 36.4 | E8: 40.9 | F8: 36.4 | G8: 40.9 | H8: 40.9 | I8: 45.5 | J8: 47.7 | K8: 45.5 | L8: 47.7 | M8: 50 | N8: 45.5 | O8: 43.2 | P8: 47.7 | Q8: 50 | R8: 43.2 | S8: 59.1
B9: 38.6 | C9: 36.4 | D9: 36.4 | E9: 40.9 | F9: 36.4 | G9: 40.9 | H9: 40.9 | I9: 45.5 | J9: 47.7 | K9: 45.5 | L9: 47.7 | M9: 50 | N9: 45.5 | O9: 43.2 | P9: 47.7 | Q9: 50 | R9: 43.2 | S9: 59.1
B10: 38.6 | C10: 36.4 | D10: 36.4 | E10: 40.9 | F10: 36.4 | G10: 40.9 | H10: 40.9 | I10: 45.5 | J10: 47.7 | K10: 45.5 | L10: 47.7 | M10: 50 | N10: 45.5 | O10: 43.2 | P10: 47.7 | Q10: 50 | R10: 43.2 | S10: 59.1
