Workbook

Sheet Sheet1
A1: 7 | B1: 1 | C1: 9999 | D1: 20
A2: ID | B2: 规则ID | C2: 装备ID 根据对应的装备id取相应的属性 | D2: 属性类型 | E2: 属性最小值 | F2: 属性最大值 | G2: 权重 | H2: 是否稀有 | I2: 稀有属性标记 | J2: 备注（策划看）
A3: id | B3: ruleId | C3: equipId | D3: attrType | E3: attrValueMin | F3: attrValueMax | G3: weight | H3: isRare | I3: rareAttrPos
A4: int | B4: int | C4: int | D4: string | E4: string | F4: string | G4: int | H4: int | I4: string
A5: primary | B5: none | C5: none | D5: none | E5: none | F5: none | G5: none | H5: none | I5: none
A6: id | B6: ruleId | C6: equipId | D6: attrType | E6: attrValueMin | F6: attrValueMax | G6: weight | H6: isRare | I6: rareAttrPos

Sheet Sheet2
A1: id | B1: 部位 | C1: 备注
A2: 120001 | B2: 1 | C2: Lv.20普通武器
A3: 120002 | B3: 2 | C3: Lv.20普通衣服
A4: 120003 | B4: 3 | C4: Lv.20普通戒指
A5: 120004 | B5: 4 | C5: Lv.20普通项链
A6: 130001 | B6: 1 | C6: Lv.30普通武器
A7: 130002 | B7: 2 | C7: Lv.30普通衣服
A8: 130003 | B8: 3 | C8: Lv.30普通戒指
A9: 130004 | B9: 4 | C9: Lv.30普通项链
A10: 140001 | B10: 1 | C10: Lv.40普通武器-均衡
A11: 140002 | B11: 2 | C11: Lv.40普通衣服-均衡
A12: 140003 | B12: 3 | C12: Lv.40普通戒指-均衡
A13: 140004 | B13: 4 | C13: Lv.40普通项链-均衡
... A185: 260904 | B185: 4 | C185: Lv.60英雄项链-物理辅助

Sheet Sheet3
C1: id | D1: attr | E1: value
B2: 101 | C2: 120001 | D2: 1 | E2: 37 | H2: Lv.20普通武器
B3: 101 | C3: 130001 | D3: 1 | E3: 48 | H3: Lv.30普通武器
B4: 101 | C4: 140001 | D4: 1 | E4: 74 | H4: Lv.40普通武器-均衡
B5: 101 | C5: 140101 | D5: 1 | E5: 93 | H5: Lv.40普通武器-输出
B6: 101 | C6: 140201 | D6: 1 | E6: 60 | H6: Lv.40普通武器-生存
B7: 101 | C7: 150101 | D7: 1 | E7: 160 | H7: Lv.50普通武器-物理坦克
B8: 101 | C8: 150201 | D8: 1 | E8: 160 | H8: Lv.50普通武器-元素坦克
B9: 101 | C9: 150301 | D9: 1 | E9: 160 | H9: Lv.50普通武器-元素战士
B10: 101 | C10: 150401 | D10: 1 | E10: 160 | H10: Lv.50普通武器-物理战士
B11: 101 | C11: 150501 | D11: 1 | E11: 160 | H11: Lv.50普通武器-元素刺客
B12: 101 | C12: 150601 | D12: 1 | E12: 160 | H12: Lv.50普通武器-敏暴刺客
B13: 101 | C13: 150701 | D13: 1 | E13: 160 | H13: Lv.50普通武器-闪避刺客
... B47: 103 | C47: 150201 | D47: 8 | E47: 0.0107 | H47: Lv.50普通武器-元素坦克
B48: 103 | C48: 150301 | D48: 8,26 | E48: 0.0078,0.0103 | H48: Lv.50普通武器-元素战士
B49: 103 | C49: 150401 | D49: 8 | E49: 0.0129 | H49: Lv.50普通武器-物理战士
B50: 103 | C50: 150501 | D50: 8,26 | E50: 0.0086,0.0258 | H50: Lv.50普通武器-元素刺客
B51: 103 | C51: 150601 | D51: 8,9 | E51: 0.0043,0.0288 | H51: Lv.50普通武器-敏暴刺客
B52: 103 | C52: 150701 | D52: 4,9 | E52: 0.0106,0.0144 | H52: Lv.50普通武器-闪避刺客
B53: 103 | C53: 150801 | D53: 5,9 | E53: 0.005,0.0096 | H53: Lv.50普通武器-元素辅助
B54: 103 | C54: 150901 | D54: 5,9,11 | E54: 0.0062,0.012,0.0014 | H54: Lv.50普通武器-物理辅助
B55: 103 | C55: 160101 | D55: 8 | E55: 0.0072 | H55: Lv.60普通武器-物理坦克
B56: 103 | C56: 160201 | D56: 8 | E56: 0.0143 | H56: Lv.60普通武器-元素坦克
B57: 103 | C57: 160301 | D57: 8,26 | E57: 0.0129,0.0172 | H57: Lv.60普通武器-元素战士
B58: 103 | C58: 160401 | D58: 8 | E58: 0.0215 | H58: Lv.60普通武器-物理战士
B59: 103 | C59: 160501 | D59: 8,26 | E59: 0.0143,0.043 | H59: Lv.60普通武器-元素刺客
B60: 103 | C60: 160601 | D60: 8,9 | E60: 0.0072,0.048 | H60: Lv.60普通武器-敏暴刺客
B61: 103 | C61: 160701 | D61: 4,9 | E61: 0.0175,0.024 | H61: Lv.60普通武器-闪避刺客
B62: 103 | C62: 160801 | D62: 5,9 | E62: 0.0083,0.016 | H62: Lv.60普通武器-元素辅助
B63: 103 | C63: 160901 | D63: 5,9,11 | E63: 0.0105,0.02,0.0022 | H63: Lv.60普通武器-物理辅助
B64: 104 | C64: 150101 | D64: 8 | E64: 0.0082 | H64: Lv.50普通武器-物理坦克
B65: 104 | C65: 150101 | D65: 4 | E65: 11.656
B66: 104 | C66: 150201 | D66: 8 | E66: 0.0164 | H66: Lv.50普通武器-元素坦克
B67: 104 | C67: 150201 | D67: 4 | E67: 11.656
B68: 104 | C68: 150301 | D68: 8 | E68: 0.0147 | H68: Lv.50普通武器-元素战士
B69: 104 | C69: 150301 | D69: 4 | E69: 11.656
B70: 104 | C70: 150301 | D70: 26 | E70: 0.0197
B71: 104 | C71: 150401 | D71: 8 | E71: 0.0246 | H71: Lv.50普通武器-物理战士
B72: 104 | C72: 150401 | D72: 4 | E72: 11.656
B73: 104 | C73: 150501 | D73: 8 | E73: 0.0164 | H73: Lv.50普通武器-元素刺客
B74: 104 | C74: 150501 | D74: 4 | E74: 11.656
B75: 104 | C75: 150501 | D75: 26 | E75: 0.0491
B76: 104 | C76: 150601 | D76: 8 | E76: 0.0082 | H76: Lv.50普通武器-敏暴刺客
B77: 104 | C77: 150601 | D77: 4 | E77: 11.656
B78: 104 | C78: 150601 | D78: 9 | E78: 0.0549
B79: 104 | C79: 150701 | D79: 5 | E79: 0.0201 | H79: Lv.50普通武器-闪避刺客
B80: 104 | C80: 150701 | D80: 4 | E80: 11.656
B81: 104 | C81: 150701 | D81: 9 | E81: 0.0274
B82: 104 | C82: 150801 | D82: 5 | E82: 0.0114 | H82: Lv.50普通武器-元素辅助
B83: 104 | C83: 150801 | D83: 4 | E83: 5.832
B84: 104 | C84: 150801 | D84: 9 | E84: 0.0219
B85: 104 | C85: 150901 | D85: 5 | E85: 0.0143 | H85: Lv.50普通武器-物理辅助
B86: 104 | C86: 150901 | D86: 9 | E86: 0.0274
B87: 104 | C87: 150901 | D87: 11 | E87: 0.0031
B88: 104 | C88: 150901 | D88: 4 | E88: 5.832
B89: 104 | C89: 160101 | D89: 8 | E89: 0.0137 | H89: Lv.60普通武器-物理坦克
B90: 104 | C90: 160101 | D90: 4 | E90: 19.432
B91: 104 | C91: 160201 | D91: 8 | E91: 0.0273 | H91: Lv.60普通武器-元素坦克
B92: 104 | C92: 160201 | D92: 4 | E92: 19.432
B93: 104 | C93: 160301 | D93: 8 | E93: 0.0246 | H93: Lv.60普通武器-元素战士
B94: 104 | C94: 160301 | D94: 4 | E94: 19.432
B95: 104 | C95: 160301 | D95: 26 | E95: 0.0327
B96: 104 | C96: 160401 | D96: 8 | E96: 0.0409 | H96: Lv.60普通武器-物理战士
B97: 104 | C97: 160401 | D97: 4 | E97: 19.432
B98: 104 | C98: 160501 | D98: 8 | E98: 0.0273 | H98: Lv.60普通武器-元素刺客
B99: 104 | C99: 160501 | D99: 4 | E99: 19.432
B100: 104 | C100: 160501 | D100: 26 | E100: 0.0818
B101: 104 | C101: 160601 | D101: 8 | E101: 0.0137 | H101: Lv.60普通武器-敏暴刺客
B102: 104 | C102: 160601 | D102: 4 | E102: 19.432
B103: 104 | C103: 160601 | D103: 9 | E103: 0.0914
B104: 104 | C104: 160701 | D104: 5 | E104: 0.0334 | H104: Lv.60普通武器-闪避刺客
B105: 104 | C105: 160701 | D105: 4 | E105: 19.432
B106: 104 | C106: 160701 | D106: 9 | E106: 0.0457
B107: 104 | C107: 160801 | D107: 5 | E107: 0.0191 | H107: Lv.60普通武器-元素辅助
B108: 104 | C108: 160801 | D108: 4 | E108: 9.712
B109: 104 | C109: 160801 | D109: 9 | E109: 0.0366
B110: 104 | C110: 160901 | D110: 5 | E110: 0.0239 | H110: Lv.60普通武器-物理辅助
B111: 104 | C111: 160901 | D111: 9 | E111: 0.0457
B112: 104 | C112: 160901 | D112: 11 | E112: 0.0052
B113: 104 | C113: 160901 | D113: 4 | E113: 9.712
B114: 201 | C114: 120002 | D114: 3,2 | E114: 11,150 | H114: Lv.20普通衣服
B115: 201 | C115: 130002 | D115: 3,2 | E115: 14,192 | H115: Lv.30普通衣服
B116: 201 | C116: 140002 | D116: 3,2 | E116: 22,298 | H116: Lv.40普通衣服-均衡
B117: 201 | C117: 140102 | D117: 3,2 | E117: 18,238 | H117: Lv.40普通衣服-输出
B118: 201 | C118: 140202 | D118: 3,2 | E118: 28,374 | H118: Lv.40普通衣服-生存
B119: 201 | C119: 150102 | D119: 3,2 | E119: 48,640 | H119: Lv.50普通衣服-物理坦克
B120: 201 | C120: 150202 | D120: 3,2 | E120: 48,640 | H120: Lv.50普通衣服-元素坦克
B121: 201 | C121: 150302 | D121: 3,2 | E121: 48,640 | H121: Lv.50普通衣服-元素战士
B122: 201 | C122: 150402 | D122: 3,2 | E122: 48,640 | H122: Lv.50普通衣服-物理战士
B123: 201 | C123: 150502 | D123: 3,2 | E123: 48,640 | H123: Lv.50普通衣服-元素刺客
B124: 201 | C124: 150602 | D124: 3,2 | E124: 48,640 | H124: Lv.50普通衣服-敏暴刺客
B125: 201 | C125: 150702 | D125: 3,2 | E125: 48,640 | H125: Lv.50普通衣服-闪避刺客
... B157: 202 | C157: 160902 | D157: 3,2 | E157: 135,1802 | H157: Lv.60普通衣服-物理辅助
B158: 203 | C158: 150102 | D158: 6 | E158: 0.015 | H158: Lv.50普通衣服-物理坦克
B159: 203 | C159: 150202 | D159: 6,35 | E159: 0.0038,0.0129 | H159: Lv.50普通衣服-元素坦克
B160: 203 | C160: 150302 | D160: 7 | E160: 0.0038 | H160: Lv.50普通衣服-元素战士
B161: 203 | C161: 150402 | D161: 7 | E161: 0.0038 | H161: Lv.50普通衣服-物理战士
B162: 203 | C162: 150502 | D162: 11 | E162: 0.0049 | H162: Lv.50普通衣服-元素刺客
B163: 203 | C163: 150602 | D163: 11 | E163: 0.0025 | H163: Lv.50普通衣服-敏暴刺客
B164: 203 | C164: 150702 | D164: 11 | E164: 0.0025 | H164: Lv.50普通衣服-闪避刺客
...

Sheet Sheet4
B1: 英雄 | C1: attr | H1: attr | P1: 普通 | Q1: 0.8 | AA1: 复制用
A2: 101 | B2: 220001 | C2: 1 | D2: 46 | H2: 1 | K2: =IF(D2="","",IF(OR(RIGHT($A2,1)="1",RIGHT($A2,1)="2"),D2,IF(H2=4,D2*2,D2*6))) -> 46 | L2: =IF(E2="","",IF(OR(RIGHT($A2,1)="1",RIGHT($A2,1)="2"),E2,IF(I2=4,E2*2,E2*6))) | M2: =IF(F2="","",IF(OR(RIGHT($A2,1)="1",RIGHT($A2,1)="2"),F2,IF(J2=4,F2*2,F2*6))) | N2: =IF(G2="","",IF(OR(RIGHT($A2,1)="1",RIGHT($A2,1)="2"),G2,IF(J2=4,G2*2,G2*6))) | P2: =B2-100000 -> 120001 | Q2: =ROUND(D2*$Q$1,0) -> 37 | V2: =IF(K2="","",IF(K2<1,ROUND(K2,4),CEILING(K2,5))) -> 50 | W2: =IF(L2="","",IF(L2<1,ROUND(L2,4),CEILING(L2,5))) | X2: =IF(M2="","",IF(M2<1,ROUND(M2,4),CEILING(M2,5))) | AB2: =_xlfn.TEXTJOIN(",",TRUE,V2,W2,X2) -> 50 | AF2: Lv.20普通武器
A3: 101 | B3: 230001 | C3: 1 | D3: 60 | H3: 1 | K3: =IF(D3="","",IF(OR(RIGHT($A3,1)="1",RIGHT($A3,1)="2"),D3,IF(H3=4,D3*2,D3*6))) -> 60 | L3: =IF(E3="","",IF(OR(RIGHT($A3,1)="1",RIGHT($A3,1)="2"),E3,IF(I3=4,E3*2,E3*6))) | M3: =IF(F3="","",IF(OR(RIGHT($A3,1)="1",RIGHT($A3,1)="2"),F3,IF(J3=4,F3*2,F3*6))) | N3: =IF(G3="","",IF(OR(RIGHT($A3,1)="1",RIGHT($A3,1)="2"),G3,IF(J3=4,G3*2,G3*6))) | P3: =B3-100000 -> 130001 | Q3: =ROUND(D3*$Q$1,0) -> 48 | V3: =IF(K3="","",IF(K3<1,ROUND(K3,4),CEILING(K3,5))) -> 60 | W3: =IF(L3="","",IF(L3<1,ROUND(L3,4),CEILING(L3,5))) | X3: =IF(M3="","",IF(M3<1,ROUND(M3,4),CEILING(M3,5))) | AB3: =_xlfn.TEXTJOIN(",",TRUE,V3,W3,X3) -> 60 | AF3: Lv.30普通武器
A4: 101 | B4: 240001 | C4: 1 | D4: 93 | H4: 1 | K4: =IF(D4="","",IF(OR(RIGHT($A4,1)="1",RIGHT($A4,1)="2"),D4,IF(H4=4,D4*2,D4*6))) -> 93 | L4: =IF(E4="","",IF(OR(RIGHT($A4,1)="1",RIGHT($A4,1)="2"),E4,IF(I4=4,E4*2,E4*6))) | M4: =IF(F4="","",IF(OR(RIGHT($A4,1)="1",RIGHT($A4,1)="2"),F4,IF(J4=4,F4*2,F4*6))) | N4: =IF(G4="","",IF(OR(RIGHT($A4,1)="1",RIGHT($A4,1)="2"),G4,IF(J4=4,G4*2,G4*6))) | P4: =B4-100000 -> 140001 | Q4: =ROUND(D4*$Q$1,0) -> 74 | V4: =IF(K4="","",IF(K4<1,ROUND(K4,4),CEILING(K4,5))) -> 95 | W4: =IF(L4="","",IF(L4<1,ROUND(L4,4),CEILING(L4,5))) | X4: =IF(M4="","",IF(M4<1,ROUND(M4,4),CEILING(M4,5))) | AB4: =_xlfn.TEXTJOIN(",",TRUE,V4,W4,X4) -> 95 | AF4: Lv.40普通武器-均衡
A5: 101 | B5: 240101 | C5: 1 | D5: 116 | H5: 1 | K5: =IF(D5="","",IF(OR(RIGHT($A5,1)="1",RIGHT($A5,1)="2"),D5,IF(H5=4,D5*2,D5*6))) -> 116 | L5: =IF(E5="","",IF(OR(RIGHT($A5,1)="1",RIGHT($A5,1)="2"),E5,IF(I5=4,E5*2,E5*6))) | M5: =IF(F5="","",IF(OR(RIGHT($A5,1)="1",RIGHT($A5,1)="2"),F5,IF(J5=4,F5*2,F5*6))) | N5: =IF(G5="","",IF(OR(RIGHT($A5,1)="1",RIGHT($A5,1)="2"),G5,IF(J5=4,G5*2,G5*6))) | P5: =B5-100000 -> 140101 | Q5: =ROUND(D5*$Q$1,0) -> 93 | V5: =IF(K5="","",IF(K5<1,ROUND(K5,4),CEILING(K5,5))) -> 120 | W5: =IF(L5="","",IF(L5<1,ROUND(L5,4),CEILING(L5,5))) | X5: =IF(M5="","",IF(M5<1,ROUND(M5,4),CEILING(M5,5))) | AB5: =_xlfn.TEXTJOIN(",",TRUE,V5,W5,X5) -> 120 | AF5: Lv.40普通武器-输出
A6: 101 | B6: 240201 | C6: 1 | D6: 75 | H6: 1 | K6: =IF(D6="","",IF(OR(RIGHT($A6,1)="1",RIGHT($A6,1)="2"),D6,IF(H6=4,D6*2,D6*6))) -> 75 | L6: =IF(E6="","",IF(OR(RIGHT($A6,1)="1",RIGHT($A6,1)="2"),E6,IF(I6=4,E6*2,E6*6))) | M6: =IF(F6="","",IF(OR(RIGHT($A6,1)="1",RIGHT($A6,1)="2"),F6,IF(J6=4,F6*2,F6*6))) | N6: =IF(G6="","",IF(OR(RIGHT($A6,1)="1",RIGHT($A6,1)="2"),G6,IF(J6=4,G6*2,G6*6))) | P6: =B6-100000 -> 140201 | Q6: =ROUND(D6*$Q$1,0) -> 60 | V6: =IF(K6="","",IF(K6<1,ROUND(K6,4),CEILING(K6,5))) -> 75 | W6: =IF(L6="","",IF(L6<1,ROUND(L6,4),CEILING(L6,5))) | X6: =IF(M6="","",IF(M6<1,ROUND(M6,4),CEILING(M6,5))) | AB6: =_xlfn.TEXTJOIN(",",TRUE,V6,W6,X6) -> 75 | AF6: Lv.40普通武器-生存
A7: 101 | B7: 250101 | C7: 1 | D7: 200 | H7: 1 | K7: =IF(D7="","",IF(OR(RIGHT($A7,1)="1",RIGHT($A7,1)="2"),D7,IF(H7=4,D7*2,D7*6))) -> 200 | L7: =IF(E7="","",IF(OR(RIGHT($A7,1)="1",RIGHT($A7,1)="2"),E7,IF(I7=4,E7*2,E7*6))) | M7: =IF(F7="","",IF(OR(RIGHT($A7,1)="1",RIGHT($A7,1)="2"),F7,IF(J7=4,F7*2,F7*6))) | N7: =IF(G7="","",IF(OR(RIGHT($A7,1)="1",RIGHT($A7,1)="2"),G7,IF(J7=4,G7*2,G7*6))) | P7: =B7-100000 -> 150101 | Q7: =ROUND(D7*$Q$1,0) -> 160 | V7: =IF(K7="","",IF(K7<1,ROUND(K7,4),CEILING(K7,5))) -> 200 | W7: =IF(L7="","",IF(L7<1,ROUND(L7,4),CEILING(L7,5))) | X7: =IF(M7="","",IF(M7<1,ROUND(M7,4),CEILING(M7,5))) | AB7: =_xlfn.TEXTJOIN(",",TRUE,V7,W7,X7) -> 200 | AF7: Lv.50普通武器-物理坦克
A8: 101 | B8: 250201 | C8: 1 | D8: 200 | H8: 1 | K8: =IF(D8="","",IF(OR(RIGHT($A8,1)="1",RIGHT($A8,1)="2"),D8,IF(H8=4,D8*2,D8*6))) -> 200 | L8: =IF(E8="","",IF(OR(RIGHT($A8,1)="1",RIGHT($A8,1)="2"),E8,IF(I8=4,E8*2,E8*6))) | M8: =IF(F8="","",IF(OR(RIGHT($A8,1)="1",RIGHT($A8,1)="2"),F8,IF(J8=4,F8*2,F8*6))) | N8: =IF(G8="","",IF(OR(RIGHT($A8,1)="1",RIGHT($A8,1)="2"),G8,IF(J8=4,G8*2,G8*6))) | P8: =B8-100000 -> 150201 | Q8: =ROUND(D8*$Q$1,0) -> 160 | V8: =IF(K8="","",IF(K8<1,ROUND(K8,4),CEILING(K8,5))) -> 200 | W8: =IF(L8="","",IF(L8<1,ROUND(L8,4),CEILING(L8,5))) | X8: =IF(M8="","",IF(M8<1,ROUND(M8,4),CEILING(M8,5))) | AB8: =_xlfn.TEXTJOIN(",",TRUE,V8,W8,X8) -> 200 | AF8: Lv.50普通武器-元素坦克
A9: 101 | B9: 250301 | C9: 1 | D9: 200 | H9: 1 | K9: =IF(D9="","",IF(OR(RIGHT($A9,1)="1",RIGHT($A9,1)="2"),D9,IF(H9=4,D9*2,D9*6))) -> 200 | L9: =IF(E9="","",IF(OR(RIGHT($A9,1)="1",RIGHT($A9,1)="2"),E9,IF(I9=4,E9*2,E9*6))) | M9: =IF(F9="","",IF(OR(RIGHT($A9,1)="1",RIGHT($A9,1)="2"),F9,IF(J9=4,F9*2,F9*6))) | N9: =IF(G9="","",IF(OR(RIGHT($A9,1)="1",RIGHT($A9,1)="2"),G9,IF(J9=4,G9*2,G9*6))) | P9: =B9-100000 -> 150301 | Q9: =ROUND(D9*$Q$1,0) -> 160 | V9: =IF(K9="","",IF(K9<1,ROUND(K9,4),CEILING(K9,5))) -> 200 | W9: =IF(L9="","",IF(L9<1,ROUND(L9,4),CEILING(L9,5))) | X9: =IF(M9="","",IF(M9<1,ROUND(M9,4),CEILING(M9,5))) | AB9: =_xlfn.TEXTJOIN(",",TRUE,V9,W9,X9) -> 200 | AF9: Lv.50普通武器-元素战士
A10: 101 | B10: 250401 | C10: 1 | D10: 200 | H10: 1 | K10: =IF(D10="","",IF(OR(RIGHT($A10,1)="1",RIGHT($A10,1)="2"),D10,IF(H10=4,D10*2,D10*6))) -> 200 | L10: =IF(E10="","",IF(OR(RIGHT($A10,1)="1",RIGHT($A10,1)="2"),E10,IF(I10=4,E10*2,E10*6))) | M10: =IF(F10="","",IF(OR(RIGHT($A10,1)="1",RIGHT($A10,1)="2"),F10,IF(J10=4,F10*2,F10*6))) | N10: =IF(G10="","",IF(OR(RIGHT($A10,1)="1",RIGHT($A10,1)="2"),G10,IF(J10=4,G10*2,G10*6))) | P10: =B10-100000 -> 150401 | Q10: =ROUND(D10*$Q$1,0) -> 160 | V10: =IF(K10="","",IF(K10<1,ROUND(K10,4),CEILING(K10,5))) -> 200 | W10: =IF(L10="","",IF(L10<1,ROUND(L10,4),CEILING(L10,5))) | X10: =IF(M10="","",IF(M10<1,ROUND(M10,4),CEILING(M10,5))) | AB10: =_xlfn.TEXTJOIN(",",TRUE,V10,W10,X10) -> 200 | AF10: Lv.50普通武器-物理战士
A11: 101 | B11: 250501 | C11: 1 | D11: 200 | H11: 1 | K11: =IF(D11="","",IF(OR(RIGHT($A11,1)="1",RIGHT($A11,1)="2"),D11,IF(H11=4,D11*2,D11*6))) -> 200 | L11: =IF(E11="","",IF(OR(RIGHT($A11,1)="1",RIGHT($A11,1)="2"),E11,IF(I11=4,E11*2,E11*6))) | M11: =IF(F11="","",IF(OR(RIGHT($A11,1)="1",RIGHT($A11,1)="2"),F11,IF(J11=4,F11*2,F11*6))) | N11: =IF(G11="","",IF(OR(RIGHT($A11,1)="1",RIGHT($A11,1)="2"),G11,IF(J11=4,G11*2,G11*6))) | P11: =B11-100000 -> 150501 | Q11: =ROUND(D11*$Q$1,0) -> 160 | V11: =IF(K11="","",IF(K11<1,ROUND(K11,4),CEILING(K11,5))) -> 200 | W11: =IF(L11="","",IF(L11<1,ROUND(L11,4),CEILING(L11,5))) | X11: =IF(M11="","",IF(M11<1,ROUND(M11,4),CEILING(M11,5))) | AB11: =_xlfn.TEXTJOIN(",",TRUE,V11,W11,X11) -> 200 | AF11: Lv.50普通武器-元素刺客
A12: 101 | B12: 250601 | C12: 1 | D12: 200 | H12: 1 | K12: =IF(D12="","",IF(OR(RIGHT($A12,1)="1",RIGHT($A12,1)="2"),D12,IF(H12=4,D12*2,D12*6))) -> 200 | L12: =IF(E12="","",IF(OR(RIGHT($A12,1)="1",RIGHT($A12,1)="2"),E12,IF(I12=4,E12*2,E12*6))) | M12: =IF(F12="","",IF(OR(RIGHT($A12,1)="1",RIGHT($A12,1)="2"),F12,IF(J12=4,F12*2,F12*6))) | N12: =IF(G12="","",IF(OR(RIGHT($A12,1)="1",RIGHT($A12,1)="2"),G12,IF(J12=4,G12*2,G12*6))) | P12: =B12-100000 -> 150601 | Q12: =ROUND(D12*$Q$1,0) -> 160 | V12: =IF(K12="","",IF(K12<1,ROUND(K12,4),CEILING(K12,5))) -> 200 | W12: =IF(L12="","",IF(L12<1,ROUND(L12,4),CEILING(L12,5))) | X12: =IF(M12="","",IF(M12<1,ROUND(M12,4),CEILING(M12,5))) | AB12: =_xlfn.TEXTJOIN(",",TRUE,V12,W12,X12) -> 200 | AF12: Lv.50普通武器-敏暴刺客
A13: 101 | B13: 250701 | C13: 1 | D13: 200 | H13: 1 | K13: =IF(D13="","",IF(OR(RIGHT($A13,1)="1",RIGHT($A13,1)="2"),D13,IF(H13=4,D13*2,D13*6))) -> 200 | L13: =IF(E13="","",IF(OR(RIGHT($A13,1)="1",RIGHT($A13,1)="2"),E13,IF(I13=4,E13*2,E13*6))) | M13: =IF(F13="","",IF(OR(RIGHT($A13,1)="1",RIGHT($A13,1)="2"),F13,IF(J13=4,F13*2,F13*6))) | N13: =IF(G13="","",IF(OR(RIGHT($A13,1)="1",RIGHT($A13,1)="2"),G13,IF(J13=4,G13*2,G13*6))) | P13: =B13-100000 -> 150701 | Q13: =ROUND(D13*$Q$1,0) -> 160 | V13: =IF(K13="","",IF(K13<1,ROUND(K13,4),CEILING(K13,5))) -> 200 | W13: =IF(L13="","",IF(L13<1,ROUND(L13,4),CEILING(L13,5))) | X13: =IF(M13="","",IF(M13<1,ROUND(M13,4),CEILING(M13,5))) | AB13: =_xlfn.TEXTJOIN(",",TRUE,V13,W13,X13) -> 200 | AF13: Lv.50普通武器-闪避刺客
... A45: 102 | B45: 260901 | C45: 1 | D45: 563 | H45: 1 | K45: =IF(D45="","",IF(OR(RIGHT($A45,1)="1",RIGHT($A45,1)="2"),D45,IF(H45=4,D45*2,D45*6))) -> 563 | L45: =IF(E45="","",IF(OR(RIGHT($A45,1)="1",RIGHT($A45,1)="2"),E45,IF(I45=4,E45*2,E45*6))) | M45: =IF(F45="","",IF(OR(RIGHT($A45,1)="1",RIGHT($A45,1)="2"),F45,IF(J45=4,F45*2,F45*6))) | N45: =IF(G45="","",IF(OR(RIGHT($A45,1)="1",RIGHT($A45,1)="2"),G45,IF(J45=4,G45*2,G45*6))) | P45: =B45-100000 -> 160901 | Q45: =ROUND(D45*$Q$1,0) -> 450 | V45: =IF(K45="","",IF(K45<1,ROUND(K45,4),CEILING(K45,5))) -> 565 | W45: =IF(L45="","",IF(L45<1,ROUND(L45,4),CEILING(L45,5))) | X45: =IF(M45="","",IF(M45<1,ROUND(M45,4),CEILING(M45,5))) | AB45: =_xlfn.TEXTJOIN(",",TRUE,V45,W45,X45) -> 565 | AF45: Lv.60普通武器-物理辅助
A46: 103 | B46: 250101 | C46: 8 | D46: 0.0054 | H46: 8 | K46: =IF(D46="","",IF(OR(RIGHT($A46,1)="1",RIGHT($A46,1)="2"),D46,IF(H46=4,D46*2,D46*6))) -> 0.0324 | L46: =IF(E46="","",IF(OR(RIGHT($A46,1)="1",RIGHT($A46,1)="2"),E46,IF(I46=4,E46*2,E46*6))) | M46: =IF(F46="","",IF(OR(RIGHT($A46,1)="1",RIGHT($A46,1)="2"),F46,IF(J46=4,F46*2,F46*6))) | N46: =IF(G46="","",IF(OR(RIGHT($A46,1)="1",RIGHT($A46,1)="2"),G46,IF(J46=4,G46*2,G46*6))) | P46: =B46-100000 -> 150101 | Q46: =ROUND(D46*0.8,4) -> 0.0043 | R46: , | V46: =IF(K46="","",IF(K46<1,ROUND(K46,4),CEILING(K46,5))) -> 0.0324 | W46: =IF(L46="","",IF(L46<1,ROUND(L46,4),CEILING(L46,5))) | X46: =IF(M46="","",IF(M46<1,ROUND(M46,4),CEILING(M46,5))) | AB46: =_xlfn.TEXTJOIN(",",TRUE,V46,W46,X46) -> 0.0324 | AF46: Lv.50普通武器-物理坦克
A47: 103 | B47: 250201 | C47: 8 | D47: 0.0107 | H47: 8 | K47: =IF(D47="","",IF(OR(RIGHT($A47,1)="1",RIGHT($A47,1)="2"),D47,IF(H47=4,D47*2,D47*6))) -> 0.0642 | L47: =IF(E47="","",IF(OR(RIGHT($A47,1)="1",RIGHT($A47,1)="2"),E47,IF(I47=4,E47*2,E47*6))) | M47: =IF(F47="","",IF(OR(RIGHT($A47,1)="1",RIGHT($A47,1)="2"),F47,IF(J47=4,F47*2,F47*6))) | N47: =IF(G47="","",IF(OR(RIGHT($A47,1)="1",RIGHT($A47,1)="2"),G47,IF(J47=4,G47*2,G47*6))) | P47: =B47-100000 -> 150201 | Q47: =ROUND(D47*0.8,4) -> 0.0086 | R47: , | V47: =IF(K47="","",IF(K47<1,ROUND(K47,4),CEILING(K47,5))) -> 0.0642 | W47: =IF(L47="","",IF(L47<1,ROUND(L47,4),CEILING(L47,5))) | X47: =IF(M47="","",IF(M47<1,ROUND(M47,4),CEILING(M47,5))) | AB47: =_xlfn.TEXTJOIN(",",TRUE,V47,W47,X47) -> 0.0642 | AF47: Lv.50普通武器-元素坦克
A48: 103 | B48: 250301 | C48: 8,26 | D48: 0.0097 | E48: 0.0129 | H48: 8 | I48: 26 | K48: =IF(D48="","",IF(OR(RIGHT($A48,1)="1",RIGHT($A48,1)="2"),D48,IF(H48=4,D48*2,D48*6))) -> 0.0582 | L48: =IF(E48="","",IF(OR(RIGHT($A48,1)="1",RIGHT($A48,1)="2"),E48,IF(I48=4,E48*2,E48*6))) -> 0.0774 | M48: =IF(F48="","",IF(OR(RIGHT($A48,1)="1",RIGHT($A48,1)="2"),F48,IF(J48=4,F48*2,F48*6))) | N48: =IF(G48="","",IF(OR(RIGHT($A48,1)="1",RIGHT($A48,1)="2"),G48,IF(J48=4,G48*2,G48*6))) | P48: =B48-100000 -> 150301 | Q48: =ROUND(D48*0.8,4) -> 0.0078 | R48: , | S48: =ROUND(E48*$Q$1,4) -> 0.0103 | V48: =IF(K48="","",IF(K48<1,ROUND(K48,4),CEILING(K48,5))) -> 0.0582 | W48: =IF(L48="","",IF(L48<1,ROUND(L48,4),CEILING(L48,5))) -> 0.0774 | X48: =IF(M48="","",IF(M48<1,ROUND(M48,4),CEILING(M48,5))) | Z48: =Q48&R48&S48&T48&U48 -> 0.0078,0.0103 | AA48: 0.0078,0.0103 | AB48: =_xlfn.TEXTJOIN(",",TRUE,V48,W48,X48) -> 0.0582,0.0774 | AF48: Lv.50普通武器-元素战士
A49: 103 | B49: 250401 | C49: 8 | D49: 0.0161 | H49: 8 | K49: =IF(D49="","",IF(OR(RIGHT($A49,1)="1",RIGHT($A49,1)="2"),D49,IF(H49=4,D49*2,D49*6))) -> 0.0966 | L49: =IF(E49="","",IF(OR(RIGHT($A49,1)="1",RIGHT($A49,1)="2"),E49,IF(I49=4,E49*2,E49*6))) | M49: =IF(F49="","",IF(OR(RIGHT($A49,1)="1",RIGHT($A49,1)="2"),F49,IF(J49=4,F49*2,F49*6))) | N49: =IF(G49="","",IF(OR(RIGHT($A49,1)="1",RIGHT($A49,1)="2"),G49,IF(J49=4,G49*2,G49*6))) | P49: =B49-100000 -> 150401 | Q49: =ROUND(D49*0.8,4) -> 0.0129 | R49: , | S49: =ROUND(E49*$Q$1,4) -> 0 | V49: =IF(K49="","",IF(K49<1,ROUND(K49,4),CEILING(K49,5))) -> 0.0966 | W49: =IF(L49="","",IF(L49<1,ROUND(L49,4),CEILING(L49,5))) | X49: =IF(M49="","",IF(M49<1,ROUND(M49,4),CEILING(M49,5))) | Z49: =Q49&R49&S49&T49&U49 -> 0.0129,0 | AA49: 0.0129 | AB49: =_xlfn.TEXTJOIN(",",TRUE,V49,W49,X49) -> 0.0966 | AF49: Lv.50普通武器-物理战士
A50: 103 | B50: 250501 | C50: 8,26 | D50: 0.0107 | E50: 0.0323 | H50: 8 | I50: 26 | K50: =IF(D50="","",IF(OR(RIGHT($A50,1)="1",RIGHT($A50,1)="2"),D50,IF(H50=4,D50*2,D50*6))) -> 0.0642 | L50: =IF(E50="","",IF(OR(RIGHT($A50,1)="1",RIGHT($A50,1)="2"),E50,IF(I50=4,E50*2,E50*6))) -> 0.1938 | M50: =IF(F50="","",IF(OR(RIGHT($A50,1)="1",RIGHT($A50,1)="2"),F50,IF(J50=4,F50*2,F50*6))) | N50: =IF(G50="","",IF(OR(RIGHT($A50,1)="1",RIGHT($A50,1)="2"),G50,IF(J50=4,G50*2,G50*6))) | P50: =B50-100000 -> 150501 | Q50: =ROUND(D50*0.8,4) -> 0.0086 | R50: , | S50: =ROUND(E50*$Q$1,4) -> 0.0258 | V50: =IF(K50="","",IF(K50<1,ROUND(K50,4),CEILING(K50,5))) -> 0.0642 | W50: =IF(L50="","",IF(L50<1,ROUND(L50,4),CEILING(L50,5))) -> 0.1938 | X50: =IF(M50="","",IF(M50<1,ROUND(M50,4),CEILING(M50,5))) | Z50: =Q50&R50&S50&T50&U50 -> 0.0086,0.0258 | AA50: 0.0086,0.0258 | AB50: =_xlfn.TEXTJOIN(",",TRUE,V50,W50,X50) -> 0.0642,0.1938 | AF50: Lv.50普通武器-元素刺客
A51: 103 | B51: 250601 | C51: 8,9 | D51: 0.0054 | E51: 0.036 | H51: 8 | I51: 9 | K51: =IF(D51="","",IF(OR(RIGHT($A51,1)="1",RIGHT($A51,1)="2"),D51,IF(H51=4,D51*2,D51*6))) -> 0.0324 | L51: =IF(E51="","",IF(OR(RIGHT($A51,1)="1",RIGHT($A51,1)="2"),E51,IF(I51=4,E51*2,E51*6))) -> 0.216 | M51: =IF(F51="","",IF(OR(RIGHT($A51,1)="1",RIGHT($A51,1)="2"),F51,IF(J51=4,F51*2,F51*6))) | N51: =IF(G51="","",IF(OR(RIGHT($A51,1)="1",RIGHT($A51,1)="2"),G51,IF(J51=4,G51*2,G51*6))) | P51: =B51-100000 -> 150601 | Q51: =ROUND(D51*0.8,4) -> 0.0043 | R51: , | S51: =ROUND(E51*$Q$1,4) -> 0.0288 | V51: =IF(K51="","",IF(K51<1,ROUND(K51,4),CEILING(K51,5))) -> 0.0324 | W51: =IF(L51="","",IF(L51<1,ROUND(L51,4),CEILING(L51,5))) -> 0.216 | X51: =IF(M51="","",IF(M51<1,ROUND(M51,4),CEILING(M51,5))) | Z51: =Q51&R51&S51&T51&U51 -> 0.0043,0.0288 | AA51: 0.0043,0.0288 | AB51: =_xlfn.TEXTJOIN(",",TRUE,V51,W51,X51) -> 0.0324,0.216 | AF51: Lv.50普通武器-敏暴刺客
A52: 103 | B52: 250701 | C52: 4,9 | D52: 0.0132 | E52: 0.018 | H52: 4 | I52: 9 | K52: =IF(D52="","",IF(OR(RIGHT($A52,1)="1",RIGHT($A52,1)="2"),D52,IF(H52=4,D52*2,D52*6))) -> 0.0264 | L52: =IF(E52="","",IF(OR(RIGHT($A52,1)="1",RIGHT($A52,1)="2"),E52,IF(I52=4,E52*2,E52*6))) -> 0.108 | M52: =IF(F52="","",IF(OR(RIGHT($A52,1)="1",RIGHT($A52,1)="2"),F52,IF(J52=4,F52*2,F52*6))) | N52: =IF(G52="","",IF(OR(RIGHT($A52,1)="1",RIGHT($A52,1)="2"),G52,IF(J52=4,G52*2,G52*6))) | P52: =B52-100000 -> 150701 | Q52: =ROUND(D52*0.8,4) -> 0.0106 | R52: , | S52: =ROUND(E52*$Q$1,4) -> 0.0144 | V52: =IF(K52="","",IF(K52<1,ROUND(K52,4),CEILING(K52,5))) -> 0.0264 | W52: =IF(L52="","",IF(L52<1,ROUND(L52,4),CEILING(L52,5))) -> 0.108 | X52: =IF(M52="","",IF(M52<1,ROUND(M52,4),CEILING(M52,5))) | Z52: =Q52&R52&S52&T52&U52 -> 0.0106,0.0144 | AA52: 0.0106,0.0144 | AB52: =_xlfn.TEXTJOIN(",",TRUE,V52,W52,X52) -> 0.0264,0.108 | AF52: Lv.50普通武器-闪避刺客
A53: 103 | B53: 250801 | C53: 5,9 | D53: 0.0063 | E53: 0.012 | H53: 5 | I53: 9 | K53: =IF(D53="","",IF(OR(RIGHT($A53,1)="1",RIGHT($A53,1)="2"),D53,IF(H53=4,D53*2,D53*6))) -> 0.0378 | L53: =IF(E53="","",IF(OR(RIGHT($A53,1)="1",RIGHT($A53,1)="2"),E53,IF(I53=4,E53*2,E53*6))) -> 0.072 | M53: =IF(F53="","",IF(OR(RIGHT($A53,1)="1",RIGHT($A53,1)="2"),F53,IF(J53=4,F53*2,F53*6))) | N53: =IF(G53="","",IF(OR(RIGHT($A53,1)="1",RIGHT($A53,1)="2"),G53,IF(J53=4,G53*2,G53*6))) | P53: =B53-100000 -> 150801 | Q53: =ROUND(D53*0.8,4) -> 0.005 | R53: , | S53: =ROUND(E53*$Q$1,4) -> 0.0096 | V53: =IF(K53="","",IF(K53<1,ROUND(K53,4),CEILING(K53,5))) -> 0.0378 | W53: =IF(L53="","",IF(L53<1,ROUND(L53,4),CEILING(L53,5))) -> 0.072 | X53: =IF(M53="","",IF(M53<1,ROUND(M53,4),CEILING(M53,5))) | Z53: =Q53&R53&S53&T53&U53 -> 0.005,0.0096 | AA53: 0.005,0.0096 | AB53: =_xlfn.TEXTJOIN(",",TRUE,V53,W53,X53) -> 0.0378,0.072 | AF53: Lv.50普通武器-元素辅助
A54: 103 | B54: 250901 | C54: 5,9,11 | D54: 0.0078 | E54: 0.015 | F54: 0.0017 | H54: 5 | I54: 9 | J54: 11 | K54: =IF(D54="","",IF(OR(RIGHT($A54,1)="1",RIGHT($A54,1)="2"),D54,IF(H54=4,D54*2,D54*6))) -> 0.0468 | L54: =IF(E54="","",IF(OR(RIGHT($A54,1)="1",RIGHT($A54,1)="2"),E54,IF(I54=4,E54*2,E54*6))) -> 0.09 | M54: =IF(F54="","",IF(OR(RIGHT($A54,1)="1",RIGHT($A54,1)="2"),F54,IF(J54=4,F54*2,F54*6))) -> 0.0102 | N54: =IF(G54="","",IF(OR(RIGHT($A54,1)="1",RIGHT($A54,1)="2"),G54,IF(J54=4,G54*2,G54*6))) | P54: =B54-100000 -> 150901 | Q54: =ROUND(D54*0.8,4) -> 0.0062 | R54: , | S54: =ROUND(E54*$Q$1,4) -> 0.012 | T54: , | U54: =ROUND(F54*$Q$1,4) -> 0.0014 | V54: =IF(K54="","",IF(K54<1,ROUND(K54,4),CEILING(K54,5))) -> 0.0468 | W54: =IF(L54="","",IF(L54<1,ROUND(L54,4),CEILING(L54,5))) -> 0.09 | X54: =IF(M54="","",IF(M54<1,ROUND(M54,4),CEILING(M54,5))) -> 0.0102 | Z54: =Q54&R54&S54&T54&U54 -> 0.0062,0.012,0.0014 | AA54: 0.0062,0.012,0.0014 | AB54: =_xlfn.TEXTJOIN(",",TRUE,V54,W54,X54) -> 0.0468,0.09,0.0102 | AF54: Lv.50普通武器-物理辅助
A55: 103 | B55: 260101 | C55: 8 | D55: 0.009 | H55: 8 | K55: =IF(D55="","",IF(OR(RIGHT($A55,1)="1",RIGHT($A55,1)="2"),D55,IF(H55=4,D55*2,D55*6))) -> 0.054 | L55: =IF(E55="","",IF(OR(RIGHT($A55,1)="1",RIGHT($A55,1)="2"),E55,IF(I55=4,E55*2,E55*6))) | M55: =IF(F55="","",IF(OR(RIGHT($A55,1)="1",RIGHT($A55,1)="2"),F55,IF(J55=4,F55*2,F55*6))) | N55: =IF(G55="","",IF(OR(RIGHT($A55,1)="1",RIGHT($A55,1)="2"),G55,IF(J55=4,G55*2,G55*6))) | P55: =B55-100000 -> 160101 | Q55: =ROUND(D55*0.8,4) -> 0.0072 | R55: , | S55: =ROUND(E55*$Q$1,4) -> 0 | T55: , | U55: =ROUND(F55*$Q$1,4) -> 0 | V55: =IF(K55="","",IF(K55<1,ROUND(K55,4),CEILING(K55,5))) -> 0.054 | W55: =IF(L55="","",IF(L55<1,ROUND(L55,4),CEILING(L55,5))) | X55: =IF(M55="","",IF(M55<1,ROUND(M55,4),CEILING(M55,5))) | Z55: =Q55&R55&S55&T55&U55 -> 0.0072,0,0 | AA55: 0.0072 | AB55: =_xlfn.TEXTJOIN(",",TRUE,V55,W55,X55) -> 0.054 | AF55: Lv.60普通武器-物理坦克
A56: 103 | B56: 260201 | C56: 8 | D56: 0.0179 | H56: 8 | K56: =IF(D56="","",IF(OR(RIGHT($A56,1)="1",RIGHT($A56,1)="2"),D56,IF(H56=4,D56*2,D56*6))) -> 0.1074 | L56: =IF(E56="","",IF(OR(RIGHT($A56,1)="1",RIGHT($A56,1)="2"),E56,IF(I56=4,E56*2,E56*6))) | M56: =IF(F56="","",IF(OR(RIGHT($A56,1)="1",RIGHT($A56,1)="2"),F56,IF(J56=4,F56*2,F56*6))) | N56: =IF(G56="","",IF(OR(RIGHT($A56,1)="1",RIGHT($A56,1)="2"),G56,IF(J56=4,G56*2,G56*6))) | P56: =B56-100000 -> 160201 | Q56: =ROUND(D56*0.8,4) -> 0.0143 | R56: , | S56: =ROUND(E56*$Q$1,4) -> 0 | T56: , | U56: =ROUND(F56*$Q$1,4) -> 0 | V56: =IF(K56="","",IF(K56<1,ROUND(K56,4),CEILING(K56,5))) -> 0.1074 | W56: =IF(L56="","",IF(L56<1,ROUND(L56,4),CEILING(L56,5))) | X56: =IF(M56="","",IF(M56<1,ROUND(M56,4),CEILING(M56,5))) | Z56: =Q56&R56&S56&T56&U56 -> 0.0143,0,0 | AA56: 0.0143 | AB56: =_xlfn.TEXTJOIN(",",TRUE,V56,W56,X56) -> 0.1074 | AF56: Lv.60普通武器-元素坦克
A57: 103 | B57: 260301 | C57: 8,26 | D57: 0.0161 | E57: 0.0215 | H57: 8 | I57: 26 | K57: =IF(D57="","",IF(OR(RIGHT($A57,1)="1",RIGHT($A57,1)="2"),D57,IF(H57=4,D57*2,D57*6))) -> 0.0966 | L57: =IF(E57="","",IF(OR(RIGHT($A57,1)="1",RIGHT($A57,1)="2"),E57,IF(I57=4,E57*2,E57*6))) -> 0.129 | M57: =IF(F57="","",IF(OR(RIGHT($A57,1)="1",RIGHT($A57,1)="2"),F57,IF(J57=4,F57*2,F57*6))) | N57: =IF(G57="","",IF(OR(RIGHT($A57,1)="1",RIGHT($A57,1)="2"),G57,IF(J57=4,G57*2,G57*6))) | P57: =B57-100000 -> 160301 | Q57: =ROUND(D57*0.8,4) -> 0.0129 | R57: , | S57: =ROUND(E57*$Q$1,4) -> 0.0172 | T57: , | U57: =ROUND(F57*$Q$1,4) -> 0 | V57: =IF(K57="","",IF(K57<1,ROUND(K57,4),CEILING(K57,5))) -> 0.0966 | W57: =IF(L57="","",IF(L57<1,ROUND(L57,4),CEILING(L57,5))) -> 0.129 | X57: =IF(M57="","",IF(M57<1,ROUND(M57,4),CEILING(M57,5))) | Z57: =Q57&R57&S57&T57&U57 -> 0.0129,0.0172,0 | AA57: 0.0129,0.0172 | AB57: =_xlfn.TEXTJOIN(",",TRUE,V57,W57,X57) -> 0.0966,0.129 | AF57: Lv.60普通武器-元素战士
A58: 103 | B58: 260401 | C58: 8 | D58: 0.0269 | H58: 8 | K58: =IF(D58="","",IF(OR(RIGHT($A58,1)="1",RIGHT($A58,1)="2"),D58,IF(H58=4,D58*2,D58*6))) -> 0.1614 | L58: =IF(E58="","",IF(OR(RIGHT($A58,1)="1",RIGHT($A58,1)="2"),E58,IF(I58=4,E58*2,E58*6))) | M58: =IF(F58="","",IF(OR(RIGHT($A58,1)="1",RIGHT($A58,1)="2"),F58,IF(J58=4,F58*2,F58*6))) | N58: =IF(G58="","",IF(OR(RIGHT($A58,1)="1",RIGHT($A58,1)="2"),G58,IF(J58=4,G58*2,G58*6))) | P58: =B58-100000 -> 160401 | Q58: =ROUND(D58*0.8,4) -> 0.0215 | R58: , | S58: =ROUND(E58*$Q$1,4) -> 0 | T58: , | U58: =ROUND(F58*$Q$1,4) -> 0 | V58: =IF(K58="","",IF(K58<1,ROUND(K58,4),CEILING(K58,5))) -> 0.1614 | W58: =IF(L58="","",IF(L58<1,ROUND(L58,4),CEILING(L58,5))) | X58: =IF(M58="","",IF(M58<1,ROUND(M58,4),CEILING(M58,5))) | Z58: =Q58&R58&S58&T58&U58 -> 0.0215,0,0 | AA58: 0.0215 | AB58: =_xlfn.TEXTJOIN(",",TRUE,V58,W58,X58) -> 0.1614 | AF58: Lv.60普通武器-物理战士
A59: 103 | B59: 260501 | C59: 8,26 | D59: 0.0179 | E59: 0.0537 | H59: 8 | I59: 26 | K59: =IF(D59="","",IF(OR(RIGHT($A59,1)="1",RIGHT($A59,1)="2"),D59,IF(H59=4,D59*2,D59*6))) -> 0.1074 | L59: =IF(E59="","",IF(OR(RIGHT($A59,1)="1",RIGHT($A59,1)="2"),E59,IF(I59=4,E59*2,E59*6))) -> 0.3222 | M59: =IF(F59="","",IF(OR(RIGHT($A59,1)="1",RIGHT($A59,1)="2"),F59,IF(J59=4,F59*2,F59*6))) | N59: =IF(G59="","",IF(OR(RIGHT($A59,1)="1",RIGHT($A59,1)="2"),G59,IF(J59=4,G59*2,G59*6))) | P59: =B59-100000 -> 160501 | Q59: =ROUND(D59*0.8,4) -> 0.0143 | R59: , | S59: =ROUND(E59*$Q$1,4) -> 0.043 | T59: , | U59: =ROUND(F59*$Q$1,4) -> 0 | V59: =IF(K59="","",IF(K59<1,ROUND(K59,4),CEILING(K59,5))) -> 0.1074 | W59: =IF(L59="","",IF(L59<1,ROUND(L59,4),CEILING(L59,5))) -> 0.3222 | X59: =IF(M59="","",IF(M59<1,ROUND(M59,4),CEILING(M59,5))) | Z59: =Q59&R59&S59&T59&U59 -> 0.0143,0.043,0 | AA59: 0.0143,0.043 | AB59: =_xlfn.TEXTJOIN(",",TRUE,V59,W59,X59) -> 0.1074,0.3222 | AF59: Lv.60普通武器-元素刺客
A60: 103 | B60: 260601 | C60: 8,9 | D60: 0.009 | E60: 0.06 | H60: 8 | I60: 9 | K60: =IF(D60="","",IF(OR(RIGHT($A60,1)="1",RIGHT($A60,1)="2"),D60,IF(H60=4,D60*2,D60*6))) -> 0.054 | L60: =IF(E60="","",IF(OR(RIGHT($A60,1)="1",RIGHT($A60,1)="2"),E60,IF(I60=4,E60*2,E60*6))) -> 0.36 | M60: =IF(F60="","",IF(OR(RIGHT($A60,1)="1",RIGHT($A60,1)="2"),F60,IF(J60=4,F60*2,F60*6))) | N60: =IF(G60="","",IF(OR(RIGHT($A60,1)="1",RIGHT($A60,1)="2"),G60,IF(J60=4,G60*2,G60*6))) | P60: =B60-100000 -> 160601 | Q60: =ROUND(D60*0.8,4) -> 0.0072 | R60: , | S60: =ROUND(E60*$Q$1,4) -> 0.048 | T60: , | U60: =ROUND(F60*$Q$1,4) -> 0 | V60: =IF(K60="","",IF(K60<1,ROUND(K60,4),CEILING(K60,5))) -> 0.054 | W60: =IF(L60="","",IF(L60<1,ROUND(L60,4),CEILING(L60,5))) -> 0.36 | X60: =IF(M60="","",IF(M60<1,ROUND(M60,4),CEILING(M60,5))) | Z60: =Q60&R60&S60&T60&U60 -> 0.0072,0.048,0 | AA60: 0.0072,0.048 | AB60: =_xlfn.TEXTJOIN(",",TRUE,V60,W60,X60) -> 0.054,0.36 | AF60: Lv.60普通武器-敏暴刺客
A61: 103 | B61: 260701 | C61: 4,9 | D61: 0.0219 | E61: 0.03 | H61: 4 | I61: 9 | K61: =IF(D61="","",IF(OR(RIGHT($A61,1)="1",RIGHT($A61,1)="2"),D61,IF(H61=4,D61*2,D61*6))) -> 0.0438 | L61: =IF(E61="","",IF(OR(RIGHT($A61,1)="1",RIGHT($A61,1)="2"),E61,IF(I61=4,E61*2,E61*6))) -> 0.18 | M61: =IF(F61="","",IF(OR(RIGHT($A61,1)="1",RIGHT($A61,1)="2"),F61,IF(J61=4,F61*2,F61*6))) | N61: =IF(G61="","",IF(OR(RIGHT($A61,1)="1",RIGHT($A61,1)="2"),G61,IF(J61=4,G61*2,G61*6))) | P61: =B61-100000 -> 160701 | Q61: =ROUND(D61*0.8,4) -> 0.0175 | R61: , | S61: =ROUND(E61*$Q$1,4) -> 0.024 | T61: , | U61: =ROUND(F61*$Q$1,4) -> 0 | V61: =IF(K61="","",IF(K61<1,ROUND(K61,4),CEILING(K61,5))) -> 0.0438 | W61: =IF(L61="","",IF(L61<1,ROUND(L61,4),CEILING(L61,5))) -> 0.18 | X61: =IF(M61="","",IF(M61<1,ROUND(M61,4),CEILING(M61,5))) | Z61: =Q61&R61&S61&T61&U61 -> 0.0175,0.024,0 | AA61: 0.0175,0.024 | AB61: =_xlfn.TEXTJOIN(",",TRUE,V61,W61,X61) -> 0.0438,0.18 | AF61: Lv.60普通武器-闪避刺客
A62: 103 | B62: 260801 | C62: 5,9 | D62: 0.0104 | E62: 0.02 | H62: 5 | I62: 9 | K62: =IF(D62="","",IF(OR(RIGHT($A62,1)="1",RIGHT($A62,1)="2"),D62,IF(H62=4,D62*2,D62*6))) -> 0.0624 | L62: =IF(E62="","",IF(OR(RIGHT($A62,1)="1",RIGHT($A62,1)="2"),E62,IF(I62=4,E62*2,E62*6))) -> 0.12 | M62: =IF(F62="","",IF(OR(RIGHT($A62,1)="1",RIGHT($A62,1)="2"),F62,IF(J62=4,F62*2,F62*6))) | N62: =IF(G62="","",IF(OR(RIGHT($A62,1)="1",RIGHT($A62,1)="2"),G62,IF(J62=4,G62*2,G62*6))) | P62: =B62-100000 -> 160801 | Q62: =ROUND(D62*0.8,4) -> 0.0083 | R62: , | S62: =ROUND(E62*$Q$1,4) -> 0.016 | T62: , | U62: =ROUND(F62*$Q$1,4) -> 0 | V62: =IF(K62="","",IF(K62<1,ROUND(K62,4),CEILING(K62,5))) -> 0.0624 | W62: =IF(L62="","",IF(L62<1,ROUND(L62,4),CEILING(L62,5))) -> 0.12 | X62: =IF(M62="","",IF(M62<1,ROUND(M62,4),CEILING(M62,5))) | Z62: =Q62&R62&S62&T62&U62 -> 0.0083,0.016,0 | AA62: 0.0083,0.016 | AB62: =_xlfn.TEXTJOIN(",",TRUE,V62,W62,X62) -> 0.0624,0.12 | AF62: Lv.60普通武器-元素辅助
A63: 103 | B63: 260901 | C63: 5,9,11 | D63: 0.0131 | E63: 0.025 | F63: 0.0028 | H63: 5 | I63: 9 | J63: 11 | K63: =IF(D63="","",IF(OR(RIGHT($A63,1)="1",RIGHT($A63,1)="2"),D63,IF(H63=4,D63*2,D63*6))) -> 0.0786 | L63: =IF(E63="","",IF(OR(RIGHT($A63,1)="1",RIGHT($A63,1)="2"),E63,IF(I63=4,E63*2,E63*6))) -> 0.15 | M63: =IF(F63="","",IF(OR(RIGHT($A63,1)="1",RIGHT($A63,1)="2"),F63,IF(J63=4,F63*2,F63*6))) -> 0.0168 | N63: =IF(G63="","",IF(OR(RIGHT($A63,1)="1",RIGHT($A63,1)="2"),G63,IF(J63=4,G63*2,G63*6))) | P63: =B63-100000 -> 160901 | Q63: =ROUND(D63*0.8,4) -> 0.0105 | R63: , | S63: =ROUND(E63*$Q$1,4) -> 0.02 | T63: , | U63: =ROUND(F63*$Q$1,4) -> 0.0022 | V63: =IF(K63="","",IF(K63<1,ROUND(K63,4),CEILING(K63,5))) -> 0.0786 | W63: =IF(L63="","",IF(L63<1,ROUND(L63,4),CEILING(L63,5))) -> 0.15 | X63: =IF(M63="","",IF(M63<1,ROUND(M63,4),CEILING(M63,5))) -> 0.0168 | Z63: =Q63&R63&S63&T63&U63 -> 0.0105,0.02,0.0022 | AA63: 0.0105,0.02,0.0022 | AB63: =_xlfn.TEXTJOIN(",",TRUE,V63,W63,X63) -> 0.0786,0.15,0.0168 | AF63: Lv.60普通武器-物理辅助
A64: 104 | B64: 250101 | C64: 8 | D64: 0.0102 | H64: 8 | K64: =IF(D64="","",IF(OR(RIGHT($A64,1)="1",RIGHT($A64,1)="2"),D64,IF(H64=4,D64*2,D64*6))) -> 0.0612 | L64: =IF(E64="","",IF(OR(RIGHT($A64,1)="1",RIGHT($A64,1)="2"),E64,IF(I64=4,E64*2,E64*6))) | M64: =IF(F64="","",IF(OR(RIGHT($A64,1)="1",RIGHT($A64,1)="2"),F64,IF(J64=4,F64*2,F64*6))) | N64: =IF(G64="","",IF(OR(RIGHT($A64,1)="1",RIGHT($A64,1)="2"),G64,IF(J64=4,G64*2,G64*6))) | P64: =B64-100000 -> 150101 | Q64: =ROUND(D64*0.8,4) -> 0.0082 | R64: , | S64: =ROUND(E64*$Q$1,4) -> 0 | T64: , | U64: =ROUND(F64*$Q$1,4) -> 0 | V64: =IF(K64="","",IF(K64<1,ROUND(K64,4),CEILING(K64,5))) -> 0.0612 | W64: =IF(L64="","",IF(L64<1,ROUND(L64,4),CEILING(L64,5))) | X64: =IF(M64="","",IF(M64<1,ROUND(M64,4),CEILING(M64,5))) | Z64: =Q64 -> 0.0082 | AA64: 0.0082 | AB64: =_xlfn.TEXTJOIN(",",TRUE,V64,W64,X64) -> 0.0612 | AF64: Lv.50普通武器-物理坦克
A65: 104 | B65: 250101 | C65: 4 | D65: 14.57 | H65: 4 | K65: =IF(D65="","",IF(OR(RIGHT($A65,1)="1",RIGHT($A65,1)="2"),D65,IF(H65=4,D65*2,D65*6))) -> 29.14 | L65: =IF(E65="","",IF(OR(RIGHT($A65,1)="1",RIGHT($A65,1)="2"),E65,IF(I65=4,E65*2,E65*6))) | M65: =IF(F65="","",IF(OR(RIGHT($A65,1)="1",RIGHT($A65,1)="2"),F65,IF(J65=4,F65*2,F65*6))) | N65: =IF(G65="","",IF(OR(RIGHT($A65,1)="1",RIGHT($A65,1)="2"),G65,IF(J65=4,G65*2,G65*6))) | P65: =B65-100000 -> 150101 | Q65: =ROUND(D65*0.8,4) -> 11.656 | R65: , | S65: =ROUND(E65*$Q$1,4) -> 0 | T65: , | U65: =ROUND(F65*$Q$1,4) -> 0 | V65: =IF(K65="","",IF(K65<1,ROUND(K65,4),CEILING(K65,5))) -> 30 | W65: =IF(L65="","",IF(L65<1,ROUND(L65,4),CEILING(L65,5))) | X65: =IF(M65="","",IF(M65<1,ROUND(M65,4),CEILING(M65,5))) | Z65: =Q65 -> 11.656 | AA65: 11.656 | AB65: =_xlfn.TEXTJOIN(",",TRUE,V65,W65,X65) -> 30
A66: 104 | B66: 250201 | C66: 8 | D66: 0.0205 | H66: 8 | K66: =IF(D66="","",IF(OR(RIGHT($A66,1)="1",RIGHT($A66,1)="2"),D66,IF(H66=4,D66*2,D66*6))) -> 0.123 | L66: =IF(E66="","",IF(OR(RIGHT($A66,1)="1",RIGHT($A66,1)="2"),E66,IF(I66=4,E66*2,E66*6))) | M66: =IF(F66="","",IF(OR(RIGHT($A66,1)="1",RIGHT($A66,1)="2"),F66,IF(J66=4,F66*2,F66*6))) | N66: =IF(G66="","",IF(OR(RIGHT($A66,1)="1",RIGHT($A66,1)="2"),G66,IF(J66=4,G66*2,G66*6))) | P66: =B66-100000 -> 150201 | Q66: =ROUND(D66*0.8,4) -> 0.0164 | R66: , | S66: =ROUND(E66*$Q$1,4) -> 0 | T66: , | U66: =ROUND(F66*$Q$1,4) -> 0 | V66: =IF(K66="","",IF(K66<1,ROUND(K66,4),CEILING(K66,5))) -> 0.123 | W66: =IF(L66="","",IF(L66<1,ROUND(L66,4),CEILING(L66,5))) | X66: =IF(M66="","",IF(M66<1,ROUND(M66,4),CEILING(M66,5))) | Z66: =Q66 -> 0.0164 | AA66: 0.0164 | AB66: =_xlfn.TEXTJOIN(",",TRUE,V66,W66,X66) -> 0.123 | AF66: Lv.50普通武器-元素坦克
A67: 104 | B67: 250201 | C67: 4 | D67: 14.57 | H67: 4 | K67: =IF(D67="","",IF(OR(RIGHT($A67,1)="1",RIGHT($A67,1)="2"),D67,IF(H67=4,D67*2,D67*6))) -> 29.14 | L67: =IF(E67="","",IF(OR(RIGHT($A67,1)="1",RIGHT($A67,1)="2"),E67,IF(I67=4,E67*2,E67*6))) | M67: =IF(F67="","",IF(OR(RIGHT($A67,1)="1",RIGHT($A67,1)="2"),F67,IF(J67=4,F67*2,F67*6))) | N67: =IF(G67="","",IF(OR(RIGHT($A67,1)="1",RIGHT($A67,1)="2"),G67,IF(J67=4,G67*2,G67*6))) | P67: =B67-100000 -> 150201 | Q67: =ROUND(D67*0.8,4) -> 11.656 | R67: , | S67: =ROUND(E67*$Q$1,4) -> 0 | T67: , | U67: =ROUND(F67*$Q$1,4) -> 0 | V67: =IF(K67="","",IF(K67<1,ROUND(K67,4),CEILING(K67,5))) -> 30 | W67: =IF(L67="","",IF(L67<1,ROUND(L67,4),CEILING(L67,5))) | X67: =IF(M67="","",IF(M67<1,ROUND(M67,4),CEILING(M67,5))) | Z67: =Q67 -> 11.656 | AA67: 11.656 | AB67: =_xlfn.TEXTJOIN(",",TRUE,V67,W67,X67) -> 30
A68: 104 | B68: 250301 | C68: 8 | D68: 0.0184 | H68: 8 | K68: =IF(D68="","",IF(OR(RIGHT($A68,1)="1",RIGHT($A68,1)="2"),D68,IF(H68=4,D68*2,D68*6))) -> 0.1104 | L68: =IF(E68="","",IF(OR(RIGHT($A68,1)="1",RIGHT($A68,1)="2"),E68,IF(I68=4,E68*2,E68*6))) | M68: =IF(F68="","",IF(OR(RIGHT($A68,1)="1",RIGHT($A68,1)="2"),F68,IF(J68=4,F68*2,F68*6))) | N68: =IF(G68="","",IF(OR(RIGHT($A68,1)="1",RIGHT($A68,1)="2"),G68,IF(J68=4,G68*2,G68*6))) | P68: =B68-100000 -> 150301 | Q68: =ROUND(D68*0.8,4) -> 0.0147 | R68: , | S68: =ROUND(E68*$Q$1,4) -> 0 | T68: , | U68: =ROUND(F68*$Q$1,4) -> 0 | V68: =IF(K68="","",IF(K68<1,ROUND(K68,4),CEILING(K68,5))) -> 0.1104 | W68: =IF(L68="","",IF(L68<1,ROUND(L68,4),CEILING(L68,5))) | X68: =IF(M68="","",IF(M68<1,ROUND(M68,4),CEILING(M68,5))) | Z68: =Q68 -> 0.0147 | AA68: 0.0147 | AB68: =_xlfn.TEXTJOIN(",",TRUE,V68,W68,X68) -> 0.1104 | AF68: Lv.50普通武器-元素战士
A69: 104 | B69: 250301 | C69: 4 | D69: 14.57 | H69: 4 | K69: =IF(D69="","",IF(OR(RIGHT($A69,1)="1",RIGHT($A69,1)="2"),D69,IF(H69=4,D69*2,D69*6))) -> 29.14 | L69: =IF(E69="","",IF(OR(RIGHT($A69,1)="1",RIGHT($A69,1)="2"),E69,IF(I69=4,E69*2,E69*6))) | M69: =IF(F69="","",IF(OR(RIGHT($A69,1)="1",RIGHT($A69,1)="2"),F69,IF(J69=4,F69*2,F69*6))) | N69: =IF(G69="","",IF(OR(RIGHT($A69,1)="1",RIGHT($A69,1)="2"),G69,IF(J69=4,G69*2,G69*6))) | P69: =B69-100000 -> 150301 | Q69: =ROUND(D69*0.8,4) -> 11.656 | R69: , | S69: =ROUND(E69*$Q$1,4) -> 0 | T69: , | U69: =ROUND(F69*$Q$1,4) -> 0 | V69: =IF(K69="","",IF(K69<1,ROUND(K69,4),CEILING(K69,5))) -> 30 | W69: =IF(L69="","",IF(L69<1,ROUND(L69,4),CEILING(L69,5))) | X69: =IF(M69="","",IF(M69<1,ROUND(M69,4),CEILING(M69,5))) | Z69: =Q69 -> 11.656 | AA69: 11.656 | AB69: =_xlfn.TEXTJOIN(",",TRUE,V69,W69,X69) -> 30
A70: 104 | B70: 250301 | C70: 26 | D70: 0.0246 | H70: 26 | K70: =IF(D70="","",IF(OR(RIGHT($A70,1)="1",RIGHT($A70,1)="2"),D70,IF(H70=4,D70*2,D70*6))) -> 0.1476 | L70: =IF(E70="","",IF(OR(RIGHT($A70,1)="1",RIGHT($A70,1)="2"),E70,IF(I70=4,E70*2,E70*6))) | M70: =IF(F70="","",IF(OR(RIGHT($A70,1)="1",RIGHT($A70,1)="2"),F70,IF(J70=4,F70*2,F70*6))) | N70: =IF(G70="","",IF(OR(RIGHT($A70,1)="1",RIGHT($A70,1)="2"),G70,IF(J70=4,G70*2,G70*6))) | P70: =B70-100000 -> 150301 | Q70: =ROUND(D70*0.8,4) -> 0.0197 | R70: , | S70: =ROUND(E70*$Q$1,4) -> 0 | T70: , | U70: =ROUND(F70*$Q$1,4) -> 0 | V70: =IF(K70="","",IF(K70<1,ROUND(K70,4),CEILING(K70,5))) -> 0.1476 | W70: =IF(L70="","",IF(L70<1,ROUND(L70,4),CEILING(L70,5))) | X70: =IF(M70="","",IF(M70<1,ROUND(M70,4),CEILING(M70,5))) | Z70: =Q70 -> 0.0197 | AA70: 0.0197 | AB70: =_xlfn.TEXTJOIN(",",TRUE,V70,W70,X70) -> 0.1476
A71: 104 | B71: 250401 | C71: 8 | D71: 0.0307 | H71: 8 | K71: =IF(D71="","",IF(OR(RIGHT($A71,1)="1",RIGHT($A71,1)="2"),D71,IF(H71=4,D71*2,D71*6))) -> 0.1842 | L71: =IF(E71="","",IF(OR(RIGHT($A71,1)="1",RIGHT($A71,1)="2"),E71,IF(I71=4,E71*2,E71*6))) | M71: =IF(F71="","",IF(OR(RIGHT($A71,1)="1",RIGHT($A71,1)="2"),F71,IF(J71=4,F71*2,F71*6))) | N71: =IF(G71="","",IF(OR(RIGHT($A71,1)="1",RIGHT($A71,1)="2"),G71,IF(J71=4,G71*2,G71*6))) | P71: =B71-100000 -> 150401 | Q71: =ROUND(D71*0.8,4) -> 0.0246 | R71: , | S71: =ROUND(E71*$Q$1,4) -> 0 | T71: , | U71: =ROUND(F71*$Q$1,4) -> 0 | V71: =IF(K71="","",IF(K71<1,ROUND(K71,4),CEILING(K71,5))) -> 0.1842 | W71: =IF(L71="","",IF(L71<1,ROUND(L71,4),CEILING(L71,5))) | X71: =IF(M71="","",IF(M71<1,ROUND(M71,4),CEILING(M71,5))) | Z71: =Q71 -> 0.0246 | AA71: 0.0246 | AB71: =_xlfn.TEXTJOIN(",",TRUE,V71,W71,X71) -> 0.1842 | AF71: Lv.50普通武器-物理战士
A72: 104 | B72: 250401 | C72: 4 | D72: 14.57 | H72: 4 | K72: =IF(D72="","",IF(OR(RIGHT($A72,1)="1",RIGHT($A72,1)="2"),D72,IF(H72=4,D72*2,D72*6))) -> 29.14 | L72: =IF(E72="","",IF(OR(RIGHT($A72,1)="1",RIGHT($A72,1)="2"),E72,IF(I72=4,E72*2,E72*6))) | M72: =IF(F72="","",IF(OR(RIGHT($A72,1)="1",RIGHT($A72,1)="2"),F72,IF(J72=4,F72*2,F72*6))) | N72: =IF(G72="","",IF(OR(RIGHT($A72,1)="1",RIGHT($A72,1)="2"),G72,IF(J72=4,G72*2,G72*6))) | P72: =B72-100000 -> 150401 | Q72: =ROUND(D72*0.8,4) -> 11.656 | R72: , | S72: =ROUND(E72*$Q$1,4) -> 0 | T72: , | U72: =ROUND(F72*$Q$1,4) -> 0 | V72: =IF(K72="","",IF(K72<1,ROUND(K72,4),CEILING(K72,5))) -> 30 | W72: =IF(L72="","",IF(L72<1,ROUND(L72,4),CEILING(L72,5))) | X72: =IF(M72="","",IF(M72<1,ROUND(M72,4),CEILING(M72,5))) | Z72: =Q72 -> 11.656 | AA72: 11.656 | AB72: =_xlfn.TEXTJOIN(",",TRUE,V72,W72,X72) -> 30
A73: 104 | B73: 250501 | C73: 8 | D73: 0.0205 | H73: 8 | K73: =IF(D73="","",IF(OR(RIGHT($A73,1)="1",RIGHT($A73,1)="2"),D73,IF(H73=4,D73*2,D73*6))) -> 0.123 | L73: =IF(E73="","",IF(OR(RIGHT($A73,1)="1",RIGHT($A73,1)="2"),E73,IF(I73=4,E73*2,E73*6))) | M73: =IF(F73="","",IF(OR(RIGHT($A73,1)="1",RIGHT($A73,1)="2"),F73,IF(J73=4,F73*2,F73*6))) | N73: =IF(G73="","",IF(OR(RIGHT($A73,1)="1",RIGHT($A73,1)="2"),G73,IF(J73=4,G73*2,G73*6))) | P73: =B73-100000 -> 150501 | Q73: =ROUND(D73*0.8,4) -> 0.0164 | R73: , | S73: =ROUND(E73*$Q$1,4) -> 0 | T73: , | U73: =ROUND(F73*$Q$1,4) -> 0 | V73: =IF(K73="","",IF(K73<1,ROUND(K73,4),CEILING(K73,5))) -> 0.123 | W73: =IF(L73="","",IF(L73<1,ROUND(L73,4),CEILING(L73,5))) | X73: =IF(M73="","",IF(M73<1,ROUND(M73,4),CEILING(M73,5))) | Z73: =Q73 -> 0.0164 | AA73: 0.0164 | AB73: =_xlfn.TEXTJOIN(",",TRUE,V73,W73,X73) -> 0.123 | AF73: Lv.50普通武器-元素刺客
A74: 104 | B74: 250501 | C74: 4 | D74: 14.57 | H74: 4 | K74: =IF(D74="","",IF(OR(RIGHT($A74,1)="1",RIGHT($A74,1)="2"),D74,IF(H74=4,D74*2,D74*6))) -> 29.14 | L74: =IF(E74="","",IF(OR(RIGHT($A74,1)="1",RIGHT($A74,1)="2"),E74,IF(I74=4,E74*2,E74*6))) | M74: =IF(F74="","",IF(OR(RIGHT($A74,1)="1",RIGHT($A74,1)="2"),F74,IF(J74=4,F74*2,F74*6))) | N74: =IF(G74="","",IF(OR(RIGHT($A74,1)="1",RIGHT($A74,1)="2"),G74,IF(J74=4,G74*2,G74*6))) | P74: =B74-100000 -> 150501 | Q74: =ROUND(D74*0.8,4) -> 11.656 | R74: , | S74: =ROUND(E74*$Q$1,4) -> 0 | T74: , | U74: =ROUND(F74*$Q$1,4) -> 0 | V74: =IF(K74="","",IF(K74<1,ROUND(K74,4),CEILING(K74,5))) -> 30 | W74: =IF(L74="","",IF(L74<1,ROUND(L74,4),CEILING(L74,5))) | X74: =IF(M74="","",IF(M74<1,ROUND(M74,4),CEILING(M74,5))) | Z74: =Q74 -> 11.656 | AA74: 11.656 | AB74: =_xlfn.TEXTJOIN(",",TRUE,V74,W74,X74) -> 30
A75: 104 | B75: 250501 | C75: 26 | D75: 0.0614 | H75: 26 | K75: =IF(D75="","",IF(OR(RIGHT($A75,1)="1",RIGHT($A75,1)="2"),D75,IF(H75=4,D75*2,D75*6))) -> 0.3684 | L75: =IF(E75="","",IF(OR(RIGHT($A75,1)="1",RIGHT($A75,1)="2"),E75,IF(I75=4,E75*2,E75*6))) | M75: =IF(F75="","",IF(OR(RIGHT($A75,1)="1",RIGHT($A75,1)="2"),F75,IF(J75=4,F75*2,F75*6))) | N75: =IF(G75="","",IF(OR(RIGHT($A75,1)="1",RIGHT($A75,1)="2"),G75,IF(J75=4,G75*2,G75*6))) | P75: =B75-100000 -> 150501 | Q75: =ROUND(D75*0.8,4) -> 0.0491 | R75: , | S75: =ROUND(E75*$Q$1,4) -> 0 | T75: , | U75: =ROUND(F75*$Q$1,4) -> 0 | V75: =IF(K75="","",IF(K75<1,ROUND(K75,4),CEILING(K75,5))) -> 0.3684 | W75: =IF(L75="","",IF(L75<1,ROUND(L75,4),CEILING(L75,5))) | X75: =IF(M75="","",IF(M75<1,ROUND(M75,4),CEILING(M75,5))) | Z75: =Q75 -> 0.0491 | AA75: 0.0491 | AB75: =_xlfn.TEXTJOIN(",",TRUE,V75,W75,X75) -> 0.3684
A76: 104 | B76: 250601 | C76: 8 | D76: 0.0102 | H76: 8 | K76: =IF(D76="","",IF(OR(RIGHT($A76,1)="1",RIGHT($A76,1)="2"),D76,IF(H76=4,D76*2,D76*6))) -> 0.0612 | L76: =IF(E76="","",IF(OR(RIGHT($A76,1)="1",RIGHT($A76,1)="2"),E76,IF(I76=4,E76*2,E76*6))) | M76: =IF(F76="","",IF(OR(RIGHT($A76,1)="1",RIGHT($A76,1)="2"),F76,IF(J76=4,F76*2,F76*6))) | N76: =IF(G76="","",IF(OR(RIGHT($A76,1)="1",RIGHT($A76,1)="2"),G76,IF(J76=4,G76*2,G76*6))) | P76: =B76-100000 -> 150601 | Q76: =ROUND(D76*0.8,4) -> 0.0082 | R76: , | S76: =ROUND(E76*$Q$1,4) -> 0 | T76: , | U76: =ROUND(F76*$Q$1,4) -> 0 | V76: =IF(K76="","",IF(K76<1,ROUND(K76,4),CEILING(K76,5))) -> 0.0612 | W76: =IF(L76="","",IF(L76<1,ROUND(L76,4),CEILING(L76,5))) | X76: =IF(M76="","",IF(M76<1,ROUND(M76,4),CEILING(M76,5))) | Z76: =Q76 -> 0.0082 | AA76: 0.0082 | AB76: =_xlfn.TEXTJOIN(",",TRUE,V76,W76,X76) -> 0.0612 | AF76: Lv.50普通武器-敏暴刺客
A77: 104 | B77: 250601 | C77: 4 | D77: 14.57 | H77: 4 | K77: =IF(D77="","",IF(OR(RIGHT($A77,1)="1",RIGHT($A77,1)="2"),D77,IF(H77=4,D77*2,D77*6))) -> 29.14 | L77: =IF(E77="","",IF(OR(RIGHT($A77,1)="1",RIGHT($A77,1)="2"),E77,IF(I77=4,E77*2,E77*6))) | M77: =IF(F77="","",IF(OR(RIGHT($A77,1)="1",RIGHT($A77,1)="2"),F77,IF(J77=4,F77*2,F77*6))) | N77: =IF(G77="","",IF(OR(RIGHT($A77,1)="1",RIGHT($A77,1)="2"),G77,IF(J77=4,G77*2,G77*6))) | P77: =B77-100000 -> 150601 | Q77: =ROUND(D77*0.8,4) -> 11.656 | R77: , | S77: =ROUND(E77*$Q$1,4) -> 0 | T77: , | U77: =ROUND(F77*$Q$1,4) -> 0 | V77: =IF(K77="","",IF(K77<1,ROUND(K77,4),CEILING(K77,5))) -> 30 | W77: =IF(L77="","",IF(L77<1,ROUND(L77,4),CEILING(L77,5))) | X77: =IF(M77="","",IF(M77<1,ROUND(M77,4),CEILING(M77,5))) | Z77: =Q77 -> 11.656 | AA77: 11.656 | AB77: =_xlfn.TEXTJOIN(",",TRUE,V77,W77,X77) -> 30
A78: 104 | B78: 250601 | C78: 9 | D78: 0.0686 | H78: 9 | K78: =IF(D78="","",IF(OR(RIGHT($A78,1)="1",RIGHT($A78,1)="2"),D78,IF(H78=4,D78*2,D78*6))) -> 0.4116 | L78: =IF(E78="","",IF(OR(RIGHT($A78,1)="1",RIGHT($A78,1)="2"),E78,IF(I78=4,E78*2,E78*6))) | M78: =IF(F78="","",IF(OR(RIGHT($A78,1)="1",RIGHT($A78,1)="2"),F78,IF(J78=4,F78*2,F78*6))) | N78: =IF(G78="","",IF(OR(RIGHT($A78,1)="1",RIGHT($A78,1)="2"),G78,IF(J78=4,G78*2,G78*6))) | P78: =B78-100000 -> 150601 | Q78: =ROUND(D78*0.8,4) -> 0.0549 | R78: , | S78: =ROUND(E78*$Q$1,4) -> 0 | T78: , | U78: =ROUND(F78*$Q$1,4) -> 0 | V78: =IF(K78="","",IF(K78<1,ROUND(K78,4),CEILING(K78,5))) -> 0.4116 | W78: =IF(L78="","",IF(L78<1,ROUND(L78,4),CEILING(L78,5))) | X78: =IF(M78="","",IF(M78<1,ROUND(M78,4),CEILING(M78,5))) | Z78: =Q78 -> 0.0549 | AA78: 0.0549 | AB78: =_xlfn.TEXTJOIN(",",TRUE,V78,W78,X78) -> 0.4116
A79: 104 | B79: 250701 | C79: 5 | D79: 0.0251 | H79: 5 | K79: =IF(D79="","",IF(OR(RIGHT($A79,1)="1",RIGHT($A79,1)="2"),D79,IF(H79=4,D79*2,D79*6))) -> 0.1506 | L79: =IF(E79="","",IF(OR(RIGHT($A79,1)="1",RIGHT($A79,1)="2"),E79,IF(I79=4,E79*2,E79*6))) | M79: =IF(F79="","",IF(OR(RIGHT($A79,1)="1",RIGHT($A79,1)="2"),F79,IF(J79=4,F79*2,F79*6))) | N79: =IF(G79="","",IF(OR(RIGHT($A79,1)="1",RIGHT($A79,1)="2"),G79,IF(J79=4,G79*2,G79*6))) | P79: =B79-100000 -> 150701 | Q79: =ROUND(D79*0.8,4) -> 0.0201 | R79: , | S79: =ROUND(E79*$Q$1,4) -> 0 | T79: , | U79: =ROUND(F79*$Q$1,4) -> 0 | V79: =IF(K79="","",IF(K79<1,ROUND(K79,4),CEILING(K79,5))) -> 0.1506 | W79: =IF(L79="","",IF(L79<1,ROUND(L79,4),CEILING(L79,5))) | X79: =IF(M79="","",IF(M79<1,ROUND(M79,4),CEILING(M79,5))) | Z79: =Q79 -> 0.0201 | AA79: 0.0201 | AB79: =_xlfn.TEXTJOIN(",",TRUE,V79,W79,X79) -> 0.1506 | AF79: Lv.50普通武器-闪避刺客
A80: 104 | B80: 250701 | C80: 4 | D80: 14.57 | H80: 4 | K80: =IF(D80="","",IF(OR(RIGHT($A80,1)="1",RIGHT($A80,1)="2"),D80,IF(H80=4,D80*2,D80*6))) -> 29.14 | L80: =IF(E80="","",IF(OR(RIGHT($A80,1)="1",RIGHT($A80,1)="2"),E80,IF(I80=4,E80*2,E80*6))) | M80: =IF(F80="","",IF(OR(RIGHT($A80,1)="1",RIGHT($A80,1)="2"),F80,IF(J80=4,F80*2,F80*6))) | N80: =IF(G80="","",IF(OR(RIGHT($A80,1)="1",RIGHT($A80,1)="2"),G80,IF(J80=4,G80*2,G80*6))) | P80: =B80-100000 -> 150701 | Q80: =ROUND(D80*0.8,4) -> 11.656 | R80: , | S80: =ROUND(E80*$Q$1,4) -> 0 | T80: , | U80: =ROUND(F80*$Q$1,4) -> 0 | V80: =IF(K80="","",IF(K80<1,ROUND(K80,4),CEILING(K80,5))) -> 30 | W80: =IF(L80="","",IF(L80<1,ROUND(L80,4),CEILING(L80,5))) | X80: =IF(M80="","",IF(M80<1,ROUND(M80,4),CEILING(M80,5))) | Z80: =Q80 -> 11.656 | AA80: 11.656 | AB80: =_xlfn.TEXTJOIN(",",TRUE,V80,W80,X80) -> 30
A81: 104 | B81: 250701 | C81: 9 | D81: 0.0343 | H81: 9 | K81: =IF(D81="","",IF(OR(RIGHT($A81,1)="1",RIGHT($A81,1)="2"),D81,IF(H81=4,D81*2,D81*6))) -> 0.2058 | L81: =IF(E81="","",IF(OR(RIGHT($A81,1)="1",RIGHT($A81,1)="2"),E81,IF(I81=4,E81*2,E81*6))) | M81: =IF(F81="","",IF(OR(RIGHT($A81,1)="1",RIGHT($A81,1)="2"),F81,IF(J81=4,F81*2,F81*6))) | N81: =IF(G81="","",IF(OR(RIGHT($A81,1)="1",RIGHT($A81,1)="2"),G81,IF(J81=4,G81*2,G81*6))) | P81: =B81-100000 -> 150701 | Q81: =ROUND(D81*0.8,4) -> 0.0274 | R81: , | S81: =ROUND(E81*$Q$1,4) -> 0 | T81: , | U81: =ROUND(F81*$Q$1,4) -> 0 | V81: =IF(K81="","",IF(K81<1,ROUND(K81,4),CEILING(K81,5))) -> 0.2058 | W81: =IF(L81="","",IF(L81<1,ROUND(L81,4),CEILING(L81,5))) | X81: =IF(M81="","",IF(M81<1,ROUND(M81,4),CEILING(M81,5))) | Z81: =Q81 -> 0.0274 | AA81: 0.0274 | AB81: =_xlfn.TEXTJOIN(",",TRUE,V81,W81,X81) -> 0.2058
A82: 104 | B82: 250801 | C82: 5 | D82: 0.0143 | H82: 5 | K82: =IF(D82="","",IF(OR(RIGHT($A82,1)="1",RIGHT($A82,1)="2"),D82,IF(H82=4,D82*2,D82*6))) -> 0.0858 | L82: =IF(E82="","",IF(OR(RIGHT($A82,1)="1",RIGHT($A82,1)="2"),E82,IF(I82=4,E82*2,E82*6))) | M82: =IF(F82="","",IF(OR(RIGHT($A82,1)="1",RIGHT($A82,1)="2"),F82,IF(J82=4,F82*2,F82*6))) | N82: =IF(G82="","",IF(OR(RIGHT($A82,1)="1",RIGHT($A82,1)="2"),G82,IF(J82=4,G82*2,G82*6))) | P82: =B82-100000 -> 150801 | Q82: =ROUND(D82*0.8,4) -> 0.0114 | R82: , | S82: =ROUND(E82*$Q$1,4) -> 0 | T82: , | U82: =ROUND(F82*$Q$1,4) -> 0 | V82: =IF(K82="","",IF(K82<1,ROUND(K82,4),CEILING(K82,5))) -> 0.0858 | W82: =IF(L82="","",IF(L82<1,ROUND(L82,4),CEILING(L82,5))) | X82: =IF(M82="","",IF(M82<1,ROUND(M82,4),CEILING(M82,5))) | Z82: =Q82 -> 0.0114 | AA82: 0.0114 | AB82: =_xlfn.TEXTJOIN(",",TRUE,V82,W82,X82) -> 0.0858 | AF82: Lv.50普通武器-元素辅助
A83: 104 | B83: 250801 | C83: 4 | D83: 7.29 | H83: 4 | K83: =IF(D83="","",IF(OR(RIGHT($A83,1)="1",RIGHT($A83,1)="2"),D83,IF(H83=4,D83*2,D83*6))) -> 14.58 | L83: =IF(E83="","",IF(OR(RIGHT($A83,1)="1",RIGHT($A83,1)="2"),E83,IF(I83=4,E83*2,E83*6))) | M83: =IF(F83="","",IF(OR(RIGHT($A83,1)="1",RIGHT($A83,1)="2"),F83,IF(J83=4,F83*2,F83*6))) | N83: =IF(G83="","",IF(OR(RIGHT($A83,1)="1",RIGHT($A83,1)="2"),G83,IF(J83=4,G83*2,G83*6))) | P83: =B83-100000 -> 150801 | Q83: =ROUND(D83*0.8,4) -> 5.832 | R83: , | S83: =ROUND(E83*$Q$1,4) -> 0 | T83: , | U83: =ROUND(F83*$Q$1,4) -> 0 | V83: =IF(K83="","",IF(K83<1,ROUND(K83,4),CEILING(K83,5))) -> 15 | W83: =IF(L83="","",IF(L83<1,ROUND(L83,4),CEILING(L83,5))) | X83: =IF(M83="","",IF(M83<1,ROUND(M83,4),CEILING(M83,5))) | Z83: =Q83 -> 5.832 | AA83: 5.832 | AB83: =_xlfn.TEXTJOIN(",",TRUE,V83,W83,X83) -> 15
A84: 104 | B84: 250801 | C84: 9 | D84: 0.0274 | H84: 9 | K84: =IF(D84="","",IF(OR(RIGHT($A84,1)="1",RIGHT($A84,1)="2"),D84,IF(H84=4,D84*2,D84*6))) -> 0.1644 | L84: =IF(E84="","",IF(OR(RIGHT($A84,1)="1",RIGHT($A84,1)="2"),E84,IF(I84=4,E84*2,E84*6))) | M84: =IF(F84="","",IF(OR(RIGHT($A84,1)="1",RIGHT($A84,1)="2"),F84,IF(J84=4,F84*2,F84*6))) | N84: =IF(G84="","",IF(OR(RIGHT($A84,1)="1",RIGHT($A84,1)="2"),G84,IF(J84=4,G84*2,G84*6))) | P84: =B84-100000 -> 150801 | Q84: =ROUND(D84*0.8,4) -> 0.0219 | R84: , | S84: =ROUND(E84*$Q$1,4) -> 0 | T84: , | U84: =ROUND(F84*$Q$1,4) -> 0 | V84: =IF(K84="","",IF(K84<1,ROUND(K84,4),CEILING(K84,5))) -> 0.1644 | W84: =IF(L84="","",IF(L84<1,ROUND(L84,4),CEILING(L84,5))) | X84: =IF(M84="","",IF(M84<1,ROUND(M84,4),CEILING(M84,5))) | Z84: =Q84 -> 0.0219 | AA84: 0.0219 | AB84: =_xlfn.TEXTJOIN(",",TRUE,V84,W84,X84) -> 0.1644
A85: 104 | B85: 250901 | C85: 5 | D85: 0.0179 | H85: 5 | K85: =IF(D85="","",IF(OR(RIGHT($A85,1)="1",RIGHT($A85,1)="2"),D85,IF(H85=4,D85*2,D85*6))) -> 0.1074 | L85: =IF(E85="","",IF(OR(RIGHT($A85,1)="1",RIGHT($A85,1)="2"),E85,IF(I85=4,E85*2,E85*6))) | M85: =IF(F85="","",IF(OR(RIGHT($A85,1)="1",RIGHT($A85,1)="2"),F85,IF(J85=4,F85*2,F85*6))) | N85: =IF(G85="","",IF(OR(RIGHT($A85,1)="1",RIGHT($A85,1)="2"),G85,IF(J85=4,G85*2,G85*6))) | P85: =B85-100000 -> 150901 | Q85: =ROUND(D85*0.8,4) -> 0.0143 | R85: , | S85: =ROUND(E85*$Q$1,4) -> 0 | T85: , | U85: =ROUND(F85*$Q$1,4) -> 0 | V85: =IF(K85="","",IF(K85<1,ROUND(K85,4),CEILING(K85,5))) -> 0.1074 | W85: =IF(L85="","",IF(L85<1,ROUND(L85,4),CEILING(L85,5))) | X85: =IF(M85="","",IF(M85<1,ROUND(M85,4),CEILING(M85,5))) | Z85: =Q85 -> 0.0143 | AA85: 0.0143 | AB85: =_xlfn.TEXTJOIN(",",TRUE,V85,W85,X85) -> 0.1074 | AF85: Lv.50普通武器-物理辅助
A86: 104 | B86: 250901 | C86: 9 | D86: 0.0343 | H86: 9 | K86: =IF(D86="","",IF(OR(RIGHT($A86,1)="1",RIGHT($A86,1)="2"),D86,IF(H86=4,D86*2,D86*6))) -> 0.2058 | L86: =IF(E86="","",IF(OR(RIGHT($A86,1)="1",RIGHT($A86,1)="2"),E86,IF(I86=4,E86*2,E86*6))) | M86: =IF(F86="","",IF(OR(RIGHT($A86,1)="1",RIGHT($A86,1)="2"),F86,IF(J86=4,F86*2,F86*6))) | N86: =IF(G86="","",IF(OR(RIGHT($A86,1)="1",RIGHT($A86,1)="2"),G86,IF(J86=4,G86*2,G86*6))) | P86: =B86-100000 -> 150901 | Q86: =ROUND(D86*0.8,4) -> 0.0274 | R86: , | S86: =ROUND(E86*$Q$1,4) -> 0 | T86: , | U86: =ROUND(F86*$Q$1,4) -> 0 | V86: =IF(K86="","",IF(K86<1,ROUND(K86,4),CEILING(K86,5))) -> 0.2058 | W86: =IF(L86="","",IF(L86<1,ROUND(L86,4),CEILING(L86,5))) | X86: =IF(M86="","",IF(M86<1,ROUND(M86,4),CEILING(M86,5))) | Z86: =Q86 -> 0.0274 | AA86: 0.0274 | AB86: =_xlfn.TEXTJOIN(",",TRUE,V86,W86,X86) -> 0.2058
A87: 104 | B87: 250901 | C87: 11 | D87: 0.0039 | H87: 11 | K87: =IF(D87="","",IF(OR(RIGHT($A87,1)="1",RIGHT($A87,1)="2"),D87,IF(H87=4,D87*2,D87*6))) -> 0.0234 | L87: =IF(E87="","",IF(OR(RIGHT($A87,1)="1",RIGHT($A87,1)="2"),E87,IF(I87=4,E87*2,E87*6))) | M87: =IF(F87="","",IF(OR(RIGHT($A87,1)="1",RIGHT($A87,1)="2"),F87,IF(J87=4,F87*2,F87*6))) | N87: =IF(G87="","",IF(OR(RIGHT($A87,1)="1",RIGHT($A87,1)="2"),G87,IF(J87=4,G87*2,G87*6))) | P87: =B87-100000 -> 150901 | Q87: =ROUND(D87*0.8,4) -> 0.0031 | R87: , | S87: =ROUND(E87*$Q$1,4) -> 0 | T87: , | U87: =ROUND(F87*$Q$1,4) -> 0 | V87: =IF(K87="","",IF(K87<1,ROUND(K87,4),CEILING(K87,5))) -> 0.0234 | W87: =IF(L87="","",IF(L87<1,ROUND(L87,4),CEILING(L87,5))) | X87: =IF(M87="","",IF(M87<1,ROUND(M87,4),CEILING(M87,5))) | Z87: =Q87 -> 0.0031 | AA87: 0.0031 | AB87: =_xlfn.TEXTJOIN(",",TRUE,V87,W87,X87) -> 0.0234
A88: 104 | B88: 250901 | C88: 4 | D88: 7.29 | H88: 4 | K88: =IF(D88="","",IF(OR(RIGHT($A88,1)="1",RIGHT($A88,1)="2"),D88,IF(H88=4,D88*2,D88*6))) -> 14.58 | L88: =IF(E88="","",IF(OR(RIGHT($A88,1)="1",RIGHT($A88,1)="2"),E88,IF(I88=4,E88*2,E88*6))) | M88: =IF(F88="","",IF(OR(RIGHT($A88,1)="1",RIGHT($A88,1)="2"),F88,IF(J88=4,F88*2,F88*6))) | N88: =IF(G88="","",IF(OR(RIGHT($A88,1)="1",RIGHT($A88,1)="2"),G88,IF(J88=4,G88*2,G88*6))) | P88: =B88-100000 -> 150901 | Q88: =ROUND(D88*0.8,4) -> 5.832 | R88: , | S88: =ROUND(E88*$Q$1,4) -> 0 | T88: , | U88: =ROUND(F88*$Q$1,4) -> 0 | V88: =IF(K88="","",IF(K88<1,ROUND(K88,4),CEILING(K88,5))) -> 15 | W88: =IF(L88="","",IF(L88<1,ROUND(L88,4),CEILING(L88,5))) | X88: =IF(M88="","",IF(M88<1,ROUND(M88,4),CEILING(M88,5))) | Z88: =Q88 -> 5.832 | AA88: 5.832 | AB88: =_xlfn.TEXTJOIN(",",TRUE,V88,W88,X88) -> 15
A89: 104 | B89: 260101 | C89: 8 | D89: 0.0171 | H89: 8 | K89: =IF(D89="","",IF(OR(RIGHT($A89,1)="1",RIGHT($A89,1)="2"),D89,IF(H89=4,D89*2,D89*6))) -> 0.1026 | L89: =IF(E89="","",IF(OR(RIGHT($A89,1)="1",RIGHT($A89,1)="2"),E89,IF(I89=4,E89*2,E89*6))) | M89: =IF(F89="","",IF(OR(RIGHT($A89,1)="1",RIGHT($A89,1)="2"),F89,IF(J89=4,F89*2,F89*6))) | N89: =IF(G89="","",IF(OR(RIGHT($A89,1)="1",RIGHT($A89,1)="2"),G89,IF(J89=4,G89*2,G89*6))) | P89: =B89-100000 -> 160101 | Q89: =ROUND(D89*0.8,4) -> 0.0137 | R89: , | S89: =ROUND(E89*$Q$1,4) -> 0 | T89: , | U89: =ROUND(F89*$Q$1,4) -> 0 | V89: =IF(K89="","",IF(K89<1,ROUND(K89,4),CEILING(K89,5))) -> 0.1026 | W89: =IF(L89="","",IF(L89<1,ROUND(L89,4),CEILING(L89,5))) | X89: =IF(M89="","",IF(M89<1,ROUND(M89,4),CEILING(M89,5))) | Z89: =Q89 -> 0.0137 | AA89: 0.0137 | AB89: =_xlfn.TEXTJOIN(",",TRUE,V89,W89,X89) -> 0.1026 | AF89: Lv.60普通武器-物理坦克
A90: 104 | B90: 260101 | C90: 4 | D90: 24.29 | H90: 4 | K90: =IF(D90="","",IF(OR(RIGHT($A90,1)="1",RIGHT($A90,1)="2"),D90,IF(H90=4,D90*2,D90*6))) -> 48.58 | L90: =IF(E90="","",IF(OR(RIGHT($A90,1)="1",RIGHT($A90,1)="2"),E90,IF(I90=4,E90*2,E90*6))) | M90: =IF(F90="","",IF(OR(RIGHT($A90,1)="1",RIGHT($A90,1)="2"),F90,IF(J90=4,F90*2,F90*6))) | N90: =IF(G90="","",IF(OR(RIGHT($A90,1)="1",RIGHT($A90,1)="2"),G90,IF(J90=4,G90*2,G90*6))) | P90: =B90-100000 -> 160101 | Q90: =ROUND(D90*0.8,4) -> 19.432 | R90: , | S90: =ROUND(E90*$Q$1,4) -> 0 | T90: , | U90: =ROUND(F90*$Q$1,4) -> 0 | V90: =IF(K90="","",IF(K90<1,ROUND(K90,4),CEILING(K90,5))) -> 50 | W90: =IF(L90="","",IF(L90<1,ROUND(L90,4),CEILING(L90,5))) | X90: =IF(M90="","",IF(M90<1,ROUND(M90,4),CEILING(M90,5))) | Z90: =Q90 -> 19.432 | AA90: 19.432 | AB90: =_xlfn.TEXTJOIN(",",TRUE,V90,W90,X90) -> 50
A91: 104 | B91: 260201 | C91: 8 | D91: 0.0341 | H91: 8 | K91: =IF(D91="","",IF(OR(RIGHT($A91,1)="1",RIGHT($A91,1)="2"),D91,IF(H91=4,D91*2,D91*6))) -> 0.2046 | L91: =IF(E91="","",IF(OR(RIGHT($A91,1)="1",RIGHT($A91,1)="2"),E91,IF(I91=4,E91*2,E91*6))) | M91: =IF(F91="","",IF(OR(RIGHT($A91,1)="1",RIGHT($A91,1)="2"),F91,IF(J91=4,F91*2,F91*6))) | N91: =IF(G91="","",IF(OR(RIGHT($A91,1)="1",RIGHT($A91,1)="2"),G91,IF(J91=4,G91*2,G91*6))) | P91: =B91-100000 -> 160201 | Q91: =ROUND(D91*0.8,4) -> 0.0273 | R91: , | S91: =ROUND(E91*$Q$1,4) -> 0 | T91: , | U91: =ROUND(F91*$Q$1,4) -> 0 | V91: =IF(K91="","",IF(K91<1,ROUND(K91,4),CEILING(K91,5))) -> 0.2046 | W91: =IF(L91="","",IF(L91<1,ROUND(L91,4),CEILING(L91,5))) | X91: =IF(M91="","",IF(M91<1,ROUND(M91,4),CEILING(M91,5))) | Z91: =Q91 -> 0.0273 | AA91: 0.0273 | AB91: =_xlfn.TEXTJOIN(",",TRUE,V91,W91,X91) -> 0.2046 | AF91: Lv.60普通武器-元素坦克
A92: 104 | B92: 260201 | C92: 4 | D92: 24.29 | H92: 4 | K92: =IF(D92="","",IF(OR(RIGHT($A92,1)="1",RIGHT($A92,1)="2"),D92,IF(H92=4,D92*2,D92*6))) -> 48.58 | L92: =IF(E92="","",IF(OR(RIGHT($A92,1)="1",RIGHT($A92,1)="2"),E92,IF(I92=4,E92*2,E92*6))) | M92: =IF(F92="","",IF(OR(RIGHT($A92,1)="1",RIGHT($A92,1)="2"),F92,IF(J92=4,F92*2,F92*6))) | N92: =IF(G92="","",IF(OR(RIGHT($A92,1)="1",RIGHT($A92,1)="2"),G92,IF(J92=4,G92*2,G92*6))) | P92: =B92-100000 -> 160201 | Q92: =ROUND(D92*0.8,4) -> 19.432 | R92: , | S92: =ROUND(E92*$Q$1,4) -> 0 | T92: , | U92: =ROUND(F92*$Q$1,4) -> 0 | V92: =IF(K92="","",IF(K92<1,ROUND(K92,4),CEILING(K92,5))) -> 50 | W92: =IF(L92="","",IF(L92<1,ROUND(L92,4),CEILING(L92,5))) | X92: =IF(M92="","",IF(M92<1,ROUND(M92,4),CEILING(M92,5))) | Z92: =Q92 -> 19.432 | AA92: 19.432 | AB92: =_xlfn.TEXTJOIN(",",TRUE,V92,W92,X92) -> 50
A93: 104 | B93: 260301 | C93: 8 | D93: 0.0307 | H93: 8 | K93: =IF(D93="","",IF(OR(RIGHT($A93,1)="1",RIGHT($A93,1)="2"),D93,IF(H93=4,D93*2,D93*6))) -> 0.1842 | L93: =IF(E93="","",IF(OR(RIGHT($A93,1)="1",RIGHT($A93,1)="2"),E93,IF(I93=4,E93*2,E93*6))) | M93: =IF(F93="","",IF(OR(RIGHT($A93,1)="1",RIGHT($A93,1)="2"),F93,IF(J93=4,F93*2,F93*6))) | N93: =IF(G93="","",IF(OR(RIGHT($A93,1)="1",RIGHT($A93,1)="2"),G93,IF(J93=4,G93*2,G93*6))) | P93: =B93-100000 -> 160301 | Q93: =ROUND(D93*0.8,4) -> 0.0246 | R93: , | S93: =ROUND(E93*$Q$1,4) -> 0 | T93: , | U93: =ROUND(F93*$Q$1,4) -> 0 | V93: =IF(K93="","",IF(K93<1,ROUND(K93,4),CEILING(K93,5))) -> 0.1842 | W93: =IF(L93="","",IF(L93<1,ROUND(L93,4),CEILING(L93,5))) | X93: =IF(M93="","",IF(M93<1,ROUND(M93,4),CEILING(M93,5))) | Z93: =Q93 -> 0.0246 | AA93: 0.0246 | AB93: =_xlfn.TEXTJOIN(",",TRUE,V93,W93,X93) -> 0.1842 | AF93: Lv.60普通武器-元素战士
A94: 104 | B94: 260301 | C94: 4 | D94: 24.29 | H94: 4 | K94: =IF(D94="","",IF(OR(RIGHT($A94,1)="1",RIGHT($A94,1)="2"),D94,IF(H94=4,D94*2,D94*6))) -> 48.58 | L94: =IF(E94="","",IF(OR(RIGHT($A94,1)="1",RIGHT($A94,1)="2"),E94,IF(I94=4,E94*2,E94*6))) | M94: =IF(F94="","",IF(OR(RIGHT($A94,1)="1",RIGHT($A94,1)="2"),F94,IF(J94=4,F94*2,F94*6))) | N94: =IF(G94="","",IF(OR(RIGHT($A94,1)="1",RIGHT($A94,1)="2"),G94,IF(J94=4,G94*2,G94*6))) | P94: =B94-100000 -> 160301 | Q94: =ROUND(D94*0.8,4) -> 19.432 | R94: , | S94: =ROUND(E94*$Q$1,4) -> 0 | T94: , | U94: =ROUND(F94*$Q$1,4) -> 0 | V94: =IF(K94="","",IF(K94<1,ROUND(K94,4),CEILING(K94,5))) -> 50 | W94: =IF(L94="","",IF(L94<1,ROUND(L94,4),CEILING(L94,5))) | X94: =IF(M94="","",IF(M94<1,ROUND(M94,4),CEILING(M94,5))) | Z94: =Q94 -> 19.432 | AA94: 19.432 | AB94: =_xlfn.TEXTJOIN(",",TRUE,V94,W94,X94) -> 50
A95: 104 | B95: 260301 | C95: 26 | D95: 0.0409 | H95: 26 | K95: =IF(D95="","",IF(OR(RIGHT($A95,1)="1",RIGHT($A95,1)="2"),D95,IF(H95=4,D95*2,D95*6))) -> 0.2454 | L95: =IF(E95="","",IF(OR(RIGHT($A95,1)="1",RIGHT($A95,1)="2"),E95,IF(I95=4,E95*2,E95*6))) | M95: =IF(F95="","",IF(OR(RIGHT($A95,1)="1",RIGHT($A95,1)="2"),F95,IF(J95=4,F95*2,F95*6))) | N95: =IF(G95="","",IF(OR(RIGHT($A95,1)="1",RIGHT($A95,1)="2"),G95,IF(J95=4,G95*2,G95*6))) | P95: =B95-100000 -> 160301 | Q95: =ROUND(D95*0.8,4) -> 0.0327 | R95: , | S95: =ROUND(E95*$Q$1,4) -> 0 | T95: , | U95: =ROUND(F95*$Q$1,4) -> 0 | V95: =IF(K95="","",IF(K95<1,ROUND(K95,4),CEILING(K95,5))) -> 0.2454 | W95: =IF(L95="","",IF(L95<1,ROUND(L95,4),CEILING(L95,5))) | X95: =IF(M95="","",IF(M95<1,ROUND(M95,4),CEILING(M95,5))) | Z95: =Q95 -> 0.0327 | AA95: 0.0327 | AB95: =_xlfn.TEXTJOIN(",",TRUE,V95,W95,X95) -> 0.2454
A96: 104 | B96: 260401 | C96: 8 | D96: 0.05112 | H96: 8 | K96: =IF(D96="","",IF(OR(RIGHT($A96,1)="1",RIGHT($A96,1)="2"),D96,IF(H96=4,D96*2,D96*6))) -> 0.30672 | L96: =IF(E96="","",IF(OR(RIGHT($A96,1)="1",RIGHT($A96,1)="2"),E96,IF(I96=4,E96*2,E96*6))) | M96: =IF(F96="","",IF(OR(RIGHT($A96,1)="1",RIGHT($A96,1)="2"),F96,IF(J96=4,F96*2,F96*6))) | N96: =IF(G96="","",IF(OR(RIGHT($A96,1)="1",RIGHT($A96,1)="2"),G96,IF(J96=4,G96*2,G96*6))) | P96: =B96-100000 -> 160401 | Q96: =ROUND(D96*0.8,4) -> 0.0409 | R96: , | S96: =ROUND(E96*$Q$1,4) -> 0 | T96: , | U96: =ROUND(F96*$Q$1,4) -> 0 | V96: =IF(K96="","",IF(K96<1,ROUND(K96,4),CEILING(K96,5))) -> 0.3067 | W96: =IF(L96="","",IF(L96<1,ROUND(L96,4),CEILING(L96,5))) | X96: =IF(M96="","",IF(M96<1,ROUND(M96,4),CEILING(M96,5))) | Z96: =Q96 -> 0.0409 | AA96: 0.0409 | AB96: =_xlfn.TEXTJOIN(",",TRUE,V96,W96,X96) -> 0.3067 | AF96: Lv.60普通武器-物理战士
A97: 104 | B97: 260401 | C97: 4 | D97: 24.29 | H97: 4 | K97: =IF(D97="","",IF(OR(RIGHT($A97,1)="1",RIGHT($A97,1)="2"),D97,IF(H97=4,D97*2,D97*6))) -> 48.58 | L97: =IF(E97="","",IF(OR(RIGHT($A97,1)="1",RIGHT($A97,1)="2"),E97,IF(I97=4,E97*2,E97*6))) | M97: =IF(F97="","",IF(OR(RIGHT($A97,1)="1",RIGHT($A97,1)="2"),F97,IF(J97=4,F97*2,F97*6))) | N97: =IF(G97="","",IF(OR(RIGHT($A97,1)="1",RIGHT($A97,1)="2"),G97,IF(J97=4,G97*2,G97*6))) | P97: =B97-100000 -> 160401 | Q97: =ROUND(D97*0.8,4) -> 19.432 | R97: , | S97: =ROUND(E97*$Q$1,4) -> 0 | T97: , | U97: =ROUND(F97*$Q$1,4) -> 0 | V97: =IF(K97="","",IF(K97<1,ROUND(K97,4),CEILING(K97,5))) -> 50 | W97: =IF(L97="","",IF(L97<1,ROUND(L97,4),CEILING(L97,5))) | X97: =IF(M97="","",IF(M97<1,ROUND(M97,4),CEILING(M97,5))) | Z97: =Q97 -> 19.432 | AA97: 19.432 | AB97: =_xlfn.TEXTJOIN(",",TRUE,V97,W97,X97) -> 50
A98: 104 | B98: 260501 | C98: 8 | D98: 0.0341 | H98: 8 | K98: =IF(D98="","",IF(OR(RIGHT($A98,1)="1",RIGHT($A98,1)="2"),D98,IF(H98=4,D98*2,D98*6))) -> 0.2046 | L98: =IF(E98="","",IF(OR(RIGHT($A98,1)="1",RIGHT($A98,1)="2"),E98,IF(I98=4,E98*2,E98*6))) | M98: =IF(F98="","",IF(OR(RIGHT($A98,1)="1",RIGHT($A98,1)="2"),F98,IF(J98=4,F98*2,F98*6))) | N98: =IF(G98="","",IF(OR(RIGHT($A98,1)="1",RIGHT($A98,1)="2"),G98,IF(J98=4,G98*2,G98*6))) | P98: =B98-100000 -> 160501 | Q98: =ROUND(D98*0.8,4) -> 0.0273 | R98: , | S98: =ROUND(E98*$Q$1,4) -> 0 | T98: , | U98: =ROUND(F98*$Q$1,4) -> 0 | V98: =IF(K98="","",IF(K98<1,ROUND(K98,4),CEILING(K98,5))) -> 0.2046 | W98: =IF(L98="","",IF(L98<1,ROUND(L98,4),CEILING(L98,5))) | X98: =IF(M98="","",IF(M98<1,ROUND(M98,4),CEILING(M98,5))) | Z98: =Q98 -> 0.0273 | AA98: 0.0273 | AB98: =_xlfn.TEXTJOIN(",",TRUE,V98,W98,X98) -> 0.2046 | AF98: Lv.60普通武器-元素刺客
A99: 104 | B99: 260501 | C99: 4 | D99: 24.29 | H99: 4 | K99: =IF(D99="","",IF(OR(RIGHT($A99,1)="1",RIGHT($A99,1)="2"),D99,IF(H99=4,D99*2,D99*6))) -> 48.58 | L99: =IF(E99="","",IF(OR(RIGHT($A99,1)="1",RIGHT($A99,1)="2"),E99,IF(I99=4,E99*2,E99*6))) | M99: =IF(F99="","",IF(OR(RIGHT($A99,1)="1",RIGHT($A99,1)="2"),F99,IF(J99=4,F99*2,F99*6))) | N99: =IF(G99="","",IF(OR(RIGHT($A99,1)="1",RIGHT($A99,1)="2"),G99,IF(J99=4,G99*2,G99*6))) | P99: =B99-100000 -> 160501 | Q99: =ROUND(D99*0.8,4) -> 19.432 | R99: , | S99: =ROUND(E99*$Q$1,4) -> 0 | T99: , | U99: =ROUND(F99*$Q$1,4) -> 0 | V99: =IF(K99="","",IF(K99<1,ROUND(K99,4),CEILING(K99,5))) -> 50 | W99: =IF(L99="","",IF(L99<1,ROUND(L99,4),CEILING(L99,5))) | X99: =IF(M99="","",IF(M99<1,ROUND(M99,4),CEILING(M99,5))) | Z99: =Q99 -> 19.432 | AA99: 19.432 | AB99: =_xlfn.TEXTJOIN(",",TRUE,V99,W99,X99) -> 50
A100: 104 | B100: 260501 | C100: 26 | D100: 0.1023 | H100: 26 | K100: =IF(D100="","",IF(OR(RIGHT($A100,1)="1",RIGHT($A100,1)="2"),D100,IF(H100=4,D100*2,D100*6))) -> 0.6138 | L100: =IF(E100="","",IF(OR(RIGHT($A100,1)="1",RIGHT($A100,1)="2"),E100,IF(I100=4,E100*2,E100*6))) | M100: =IF(F100="","",IF(OR(RIGHT($A100,1)="1",RIGHT($A100,1)="2"),F100,IF(J100=4,F100*2,F100*6))) | N100: =IF(G100="","",IF(OR(RIGHT($A100,1)="1",RIGHT($A100,1)="2"),G100,IF(J100=4,G100*2,G100*6))) | P100: =B100-100000 -> 160501 | Q100: =ROUND(D100*0.8,4) -> 0.0818 | R100: , | S100: =ROUND(E100*$Q$1,4) -> 0 | T100: , | U100: =ROUND(F100*$Q$1,4) -> 0 | V100: =IF(K100="","",IF(K100<1,ROUND(K100,4),CEILING(K100,5))) -> 0.6138 | W100: =IF(L100="","",IF(L100<1,ROUND(L100,4),CEILING(L100,5))) | X100: =IF(M100="","",IF(M100<1,ROUND(M100,4),CEILING(M100,5))) | Z100: =Q100 -> 0.0818 | AA100: 0.0818 | AB100: =_xlfn.TEXTJOIN(",",TRUE,V100,W100,X100) -> 0.6138
A101: 104 | B101: 260601 | C101: 8 | D101: 0.0171 | H101: 8 | K101: =IF(D101="","",IF(OR(RIGHT($A101,1)="1",RIGHT($A101,1)="2"),D101,IF(H101=4,D101*2,D101*6))) -> 0.1026 | L101: =IF(E101="","",IF(OR(RIGHT($A101,1)="1",RIGHT($A101,1)="2"),E101,IF(I101=4,E101*2,E101*6))) | M101: =IF(F101="","",IF(OR(RIGHT($A101,1)="1",RIGHT($A101,1)="2"),F101,IF(J101=4,F101*2,F101*6))) | N101: =IF(G101="","",IF(OR(RIGHT($A101,1)="1",RIGHT($A101,1)="2"),G101,IF(J101=4,G101*2,G101*6))) | P101: =B101-100000 -> 160601 | Q101: =ROUND(D101*0.8,4) -> 0.0137 | R101: , | S101: =ROUND(E101*$Q$1,4) -> 0 | T101: , | U101: =ROUND(F101*$Q$1,4) -> 0 | V101: =IF(K101="","",IF(K101<1,ROUND(K101,4),CEILING(K101,5))) -> 0.1026 | W101: =IF(L101="","",IF(L101<1,ROUND(L101,4),CEILING(L101,5))) | X101: =IF(M101="","",IF(M101<1,ROUND(M101,4),CEILING(M101,5))) | Z101: =Q101 -> 0.0137 | AA101: 0.0137 | AB101: =_xlfn.TEXTJOIN(",",TRUE,V101,W101,X101) -> 0.1026 | AF101: Lv.60普通武器-敏暴刺客
A102: 104 | B102: 260601 | C102: 4 | D102: 24.29 | H102: 4 | K102: =IF(D102="","",IF(OR(RIGHT($A102,1)="1",RIGHT($A102,1)="2"),D102,IF(H102=4,D102*2,D102*6))) -> 48.58 | L102: =IF(E102="","",IF(OR(RIGHT($A102,1)="1",RIGHT($A102,1)="2"),E102,IF(I102=4,E102*2,E102*6))) | M102: =IF(F102="","",IF(OR(RIGHT($A102,1)="1",RIGHT($A102,1)="2"),F102,IF(J102=4,F102*2,F102*6))) | N102: =IF(G102="","",IF(OR(RIGHT($A102,1)="1",RIGHT($A102,1)="2"),G102,IF(J102=4,G102*2,G102*6))) | P102: =B102-100000 -> 160601 | Q102: =ROUND(D102*0.8,4) -> 19.432 | R102: , | S102: =ROUND(E102*$Q$1,4) -> 0 | T102: , | U102: =ROUND(F102*$Q$1,4) -> 0 | V102: =IF(K102="","",IF(K102<1,ROUND(K102,4),CEILING(K102,5))) -> 50 | W102: =IF(L102="","",IF(L102<1,ROUND(L102,4),CEILING(L102,5))) | X102: =IF(M102="","",IF(M102<1,ROUND(M102,4),CEILING(M102,5))) | Z102: =Q102 -> 19.432 | AA102: 19.432 | AB102: =_xlfn.TEXTJOIN(",",TRUE,V102,W102,X102) -> 50
A103: 104 | B103: 260601 | C103: 9 | D103: 0.1143 | H103: 9 | K103: =IF(D103="","",IF(OR(RIGHT($A103,1)="1",RIGHT($A103,1)="2"),D103,IF(H103=4,D103*2,D103*6))) -> 0.6858 | L103: =IF(E103="","",IF(OR(RIGHT($A103,1)="1",RIGHT($A103,1)="2"),E103,IF(I103=4,E103*2,E103*6))) | M103: =IF(F103="","",IF(OR(RIGHT($A103,1)="1",RIGHT($A103,1)="2"),F103,IF(J103=4,F103*2,F103*6))) | N103: =IF(G103="","",IF(OR(RIGHT($A103,1)="1",RIGHT($A103,1)="2"),G103,IF(J103=4,G103*2,G103*6))) | P103: =B103-100000 -> 160601 | Q103: =ROUND(D103*0.8,4) -> 0.0914 | R103: , | S103: =ROUND(E103*$Q$1,4) -> 0 | T103: , | U103: =ROUND(F103*$Q$1,4) -> 0 | V103: =IF(K103="","",IF(K103<1,ROUND(K103,4),CEILING(K103,5))) -> 0.6858 | W103: =IF(L103="","",IF(L103<1,ROUND(L103,4),CEILING(L103,5))) | X103: =IF(M103="","",IF(M103<1,ROUND(M103,4),CEILING(M103,5))) | Z103: =Q103 -> 0.0914 | AA103: 0.0914 | AB103: =_xlfn.TEXTJOIN(",",TRUE,V103,W103,X103) -> 0.6858
A104: 104 | B104: 260701 | C104: 5 | D104: 0.0418 | H104: 5 | K104: =IF(D104="","",IF(OR(RIGHT($A104,1)="1",RIGHT($A104,1)="2"),D104,IF(H104=4,D104*2,D104*6))) -> 0.2508 | L104: =IF(E104="","",IF(OR(RIGHT($A104,1)="1",RIGHT($A104,1)="2"),E104,IF(I104=4,E104*2,E104*6))) | M104: =IF(F104="","",IF(OR(RIGHT($A104,1)="1",RIGHT($A104,1)="2"),F104,IF(J104=4,F104*2,F104*6))) | N104: =IF(G104="","",IF(OR(RIGHT($A104,1)="1",RIGHT($A104,1)="2"),G104,IF(J104=4,G104*2,G104*6))) | P104: =B104-100000 -> 160701 | Q104: =ROUND(D104*0.8,4) -> 0.0334 | R104: , | S104: =ROUND(E104*$Q$1,4) -> 0 | T104: , | U104: =ROUND(F104*$Q$1,4) -> 0 | V104: =IF(K104="","",IF(K104<1,ROUND(K104,4),CEILING(K104,5))) -> 0.2508 | W104: =IF(L104="","",IF(L104<1,ROUND(L104,4),CEILING(L104,5))) | X104: =IF(M104="","",IF(M104<1,ROUND(M104,4),CEILING(M104,5))) | Z104: =Q104 -> 0.0334 | AA104: 0.0334 | AB104: =_xlfn.TEXTJOIN(",",TRUE,V104,W104,X104) -> 0.2508 | AF104: Lv.60普通武器-闪避刺客
A105: 104 | B105: 260701 | C105: 4 | D105: 24.29 | H105: 4 | K105: =IF(D105="","",IF(OR(RIGHT($A105,1)="1",RIGHT($A105,1)="2"),D105,IF(H105=4,D105*2,D105*6))) -> 48.58 | L105: =IF(E105="","",IF(OR(RIGHT($A105,1)="1",RIGHT($A105,1)="2"),E105,IF(I105=4,E105*2,E105*6))) | M105: =IF(F105="","",IF(OR(RIGHT($A105,1)="1",RIGHT($A105,1)="2"),F105,IF(J105=4,F105*2,F105*6))) | N105: =IF(G105="","",IF(OR(RIGHT($A105,1)="1",RIGHT($A105,1)="2"),G105,IF(J105=4,G105*2,G105*6))) | P105: =B105-100000 -> 160701 | Q105: =ROUND(D105*0.8,4) -> 19.432 | R105: , | S105: =ROUND(E105*$Q$1,4) -> 0 | T105: , | U105: =ROUND(F105*$Q$1,4) -> 0 | V105: =IF(K105="","",IF(K105<1,ROUND(K105,4),CEILING(K105,5))) -> 50 | W105: =IF(L105="","",IF(L105<1,ROUND(L105,4),CEILING(L105,5))) | X105: =IF(M105="","",IF(M105<1,ROUND(M105,4),CEILING(M105,5))) | Z105: =Q105 -> 19.432 | AA105: 19.432 | AB105: =_xlfn.TEXTJOIN(",",TRUE,V105,W105,X105) -> 50
A106: 104 | B106: 260701 | C106: 9 | D106: 0.0571 | H106: 9 | K106: =IF(D106="","",IF(OR(RIGHT($A106,1)="1",RIGHT($A106,1)="2"),D106,IF(H106=4,D106*2,D106*6))) -> 0.3426 | L106: =IF(E106="","",IF(OR(RIGHT($A106,1)="1",RIGHT($A106,1)="2"),E106,IF(I106=4,E106*2,E106*6))) | M106: =IF(F106="","",IF(OR(RIGHT($A106,1)="1",RIGHT($A106,1)="2"),F106,IF(J106=4,F106*2,F106*6))) | N106: =IF(G106="","",IF(OR(RIGHT($A106,1)="1",RIGHT($A106,1)="2"),G106,IF(J106=4,G106*2,G106*6))) | P106: =B106-100000 -> 160701 | Q106: =ROUND(D106*0.8,4) -> 0.0457 | R106: , | S106: =ROUND(E106*$Q$1,4) -> 0 | T106: , | U106: =ROUND(F106*$Q$1,4) -> 0 | V106: =IF(K106="","",IF(K106<1,ROUND(K106,4),CEILING(K106,5))) -> 0.3426 | W106: =IF(L106="","",IF(L106<1,ROUND(L106,4),CEILING(L106,5))) | X106: =IF(M106="","",IF(M106<1,ROUND(M106,4),CEILING(M106,5))) | Z106: =Q106 -> 0.0457 | AA106: 0.0457 | AB106: =_xlfn.TEXTJOIN(",",TRUE,V106,W106,X106) -> 0.3426
A107: 104 | B107: 260801 | C107: 5 | D107: 0.0239 | H107: 5 | K107: =IF(D107="","",IF(OR(RIGHT($A107,1)="1",RIGHT($A107,1)="2"),D107,IF(H107=4,D107*2,D107*6))) -> 0.1434 | L107: =IF(E107="","",IF(OR(RIGHT($A107,1)="1",RIGHT($A107,1)="2"),E107,IF(I107=4,E107*2,E107*6))) | M107: =IF(F107="","",IF(OR(RIGHT($A107,1)="1",RIGHT($A107,1)="2"),F107,IF(J107=4,F107*2,F107*6))) | N107: =IF(G107="","",IF(OR(RIGHT($A107,1)="1",RIGHT($A107,1)="2"),G107,IF(J107=4,G107*2,G107*6))) | P107: =B107-100000 -> 160801 | Q107: =ROUND(D107*0.8,4) -> 0.0191 | R107: , | S107: =ROUND(E107*$Q$1,4) -> 0 | T107: , | U107: =ROUND(F107*$Q$1,4) -> 0 | V107: =IF(K107="","",IF(K107<1,ROUND(K107,4),CEILING(K107,5))) -> 0.1434 | W107: =IF(L107="","",IF(L107<1,ROUND(L107,4),CEILING(L107,5))) | X107: =IF(M107="","",IF(M107<1,ROUND(M107,4),CEILING(M107,5))) | Z107: =Q107 -> 0.0191 | AA107: 0.0191 | AB107: =_xlfn.TEXTJOIN(",",TRUE,V107,W107,X107) -> 0.1434 | AF107: Lv.60普通武器-元素辅助
A108: 104 | B108: 260801 | C108: 4 | D108: 12.14 | H108: 4 | K108: =IF(D108="","",IF(OR(RIGHT($A108,1)="1",RIGHT($A108,1)="2"),D108,IF(H108=4,D108*2,D108*6))) -> 24.28 | L108: =IF(E108="","",IF(OR(RIGHT($A108,1)="1",RIGHT($A108,1)="2"),E108,IF(I108=4,E108*2,E108*6))) | M108: =IF(F108="","",IF(OR(RIGHT($A108,1)="1",RIGHT($A108,1)="2"),F108,IF(J108=4,F108*2,F108*6))) | N108: =IF(G108="","",IF(OR(RIGHT($A108,1)="1",RIGHT($A108,1)="2"),G108,IF(J108=4,G108*2,G108*6))) | P108: =B108-100000 -> 160801 | Q108: =ROUND(D108*0.8,4) -> 9.712 | R108: , | S108: =ROUND(E108*$Q$1,4) -> 0 | T108: , | U108: =ROUND(F108*$Q$1,4) -> 0 | V108: =IF(K108="","",IF(K108<1,ROUND(K108,4),CEILING(K108,5))) -> 25 | W108: =IF(L108="","",IF(L108<1,ROUND(L108,4),CEILING(L108,5))) | X108: =IF(M108="","",IF(M108<1,ROUND(M108,4),CEILING(M108,5))) | Z108: =Q108 -> 9.712 | AA108: 9.712 | AB108: =_xlfn.TEXTJOIN(",",TRUE,V108,W108,X108) -> 25
A109: 104 | B109: 260801 | C109: 9 | D109: 0.0457 | H109: 9 | K109: =IF(D109="","",IF(OR(RIGHT($A109,1)="1",RIGHT($A109,1)="2"),D109,IF(H109=4,D109*2,D109*6))) -> 0.2742 | L109: =IF(E109="","",IF(OR(RIGHT($A109,1)="1",RIGHT($A109,1)="2"),E109,IF(I109=4,E109*2,E109*6))) | M109: =IF(F109="","",IF(OR(RIGHT($A109,1)="1",RIGHT($A109,1)="2"),F109,IF(J109=4,F109*2,F109*6))) | N109: =IF(G109="","",IF(OR(RIGHT($A109,1)="1",RIGHT($A109,1)="2"),G109,IF(J109=4,G109*2,G109*6))) | P109: =B109-100000 -> 160801 | Q109: =ROUND(D109*0.8,4) -> 0.0366 | R109: , | S109: =ROUND(E109*$Q$1,4) -> 0 | T109: , | U109: =ROUND(F109*$Q$1,4) -> 0 | V109: =IF(K109="","",IF(K109<1,ROUND(K109,4),CEILING(K109,5))) -> 0.2742 | W109: =IF(L109="","",IF(L109<1,ROUND(L109,4),CEILING(L109,5))) | X109: =IF(M109="","",IF(M109<1,ROUND(M109,4),CEILING(M109,5))) | Z109: =Q109 -> 0.0366 | AA109: 0.0366 | AB109: =_xlfn.TEXTJOIN(",",TRUE,V109,W109,X109) -> 0.2742
A110: 104 | B110: 260901 | C110: 5 | D110: 0.0299 | H110: 5 | K110: =IF(D110="","",IF(OR(RIGHT($A110,1)="1",RIGHT($A110,1)="2"),D110,IF(H110=4,D110*2,D110*6))) -> 0.1794 | L110: =IF(E110="","",IF(OR(RIGHT($A110,1)="1",RIGHT($A110,1)="2"),E110,IF(I110=4,E110*2,E110*6))) | M110: =IF(F110="","",IF(OR(RIGHT($A110,1)="1",RIGHT($A110,1)="2"),F110,IF(J110=4,F110*2,F110*6))) | N110: =IF(G110="","",IF(OR(RIGHT($A110,1)="1",RIGHT($A110,1)="2"),G110,IF(J110=4,G110*2,G110*6))) | P110: =B110-100000 -> 160901 | Q110: =ROUND(D110*0.8,4) -> 0.0239 | R110: , | S110: =ROUND(E110*$Q$1,4) -> 0 | T110: , | U110: =ROUND(F110*$Q$1,4) -> 0 | V110: =IF(K110="","",IF(K110<1,ROUND(K110,4),CEILING(K110,5))) -> 0.1794 | W110: =IF(L110="","",IF(L110<1,ROUND(L110,4),CEILING(L110,5))) | X110: =IF(M110="","",IF(M110<1,ROUND(M110,4),CEILING(M110,5))) | Z110: =Q110 -> 0.0239 | AA110: 0.0239 | AB110: =_xlfn.TEXTJOIN(",",TRUE,V110,W110,X110) -> 0.1794 | AF110: Lv.60普通武器-物理辅助
A111: 104 | B111: 260901 | C111: 9 | D111: 0.0571 | H111: 9 | K111: =IF(D111="","",IF(OR(RIGHT($A111,1)="1",RIGHT($A111,1)="2"),D111,IF(H111=4,D111*2,D111*6))) -> 0.3426 | L111: =IF(E111="","",IF(OR(RIGHT($A111,1)="1",RIGHT($A111,1)="2"),E111,IF(I111=4,E111*2,E111*6))) | M111: =IF(F111="","",IF(OR(RIGHT($A111,1)="1",RIGHT($A111,1)="2"),F111,IF(J111=4,F111*2,F111*6))) | N111: =IF(G111="","",IF(OR(RIGHT($A111,1)="1",RIGHT($A111,1)="2"),G111,IF(J111=4,G111*2,G111*6))) | P111: =B111-100000 -> 160901 | Q111: =ROUND(D111*0.8,4) -> 0.0457 | R111: , | S111: =ROUND(E111*$Q$1,4) -> 0 | T111: , | U111: =ROUND(F111*$Q$1,4) -> 0 | V111: =IF(K111="","",IF(K111<1,ROUND(K111,4),CEILING(K111,5))) -> 0.3426 | W111: =IF(L111="","",IF(L111<1,ROUND(L111,4),CEILING(L111,5))) | X111: =IF(M111="","",IF(M111<1,ROUND(M111,4),CEILING(M111,5))) | Z111: =Q111 -> 0.0457 | AA111: 0.0457 | AB111: =_xlfn.TEXTJOIN(",",TRUE,V111,W111,X111) -> 0.3426
A112: 104 | B112: 260901 | C112: 11 | D112: 0.0065 | H112: 11 | K112: =IF(D112="","",IF(OR(RIGHT($A112,1)="1",RIGHT($A112,1)="2"),D112,IF(H112=4,D112*2,D112*6))) -> 0.039 | L112: =IF(E112="","",IF(OR(RIGHT($A112,1)="1",RIGHT($A112,1)="2"),E112,IF(I112=4,E112*2,E112*6))) | M112: =IF(F112="","",IF(OR(RIGHT($A112,1)="1",RIGHT($A112,1)="2"),F112,IF(J112=4,F112*2,F112*6))) | N112: =IF(G112="","",IF(OR(RIGHT($A112,1)="1",RIGHT($A112,1)="2"),G112,IF(J112=4,G112*2,G112*6))) | P112: =B112-100000 -> 160901 | Q112: =ROUND(D112*0.8,4) -> 0.0052 | R112: , | S112: =ROUND(E112*$Q$1,4) -> 0 | T112: , | U112: =ROUND(F112*$Q$1,4) -> 0 | V112: =IF(K112="","",IF(K112<1,ROUND(K112,4),CEILING(K112,5))) -> 0.039 | W112: =IF(L112="","",IF(L112<1,ROUND(L112,4),CEILING(L112,5))) | X112: =IF(M112="","",IF(M112<1,ROUND(M112,4),CEILING(M112,5))) | Z112: =Q112 -> 0.0052 | AA112: 0.0052 | AB112: =_xlfn.TEXTJOIN(",",TRUE,V112,W112,X112) -> 0.039
A113: 104 | B113: 260901 | C113: 4 | D113: 12.14 | H113: 4 | K113: =IF(D113="","",IF(OR(RIGHT($A113,1)="1",RIGHT($A113,1)="2"),D113,IF(H113=4,D113*2,D113*6))) -> 24.28 | L113: =IF(E113="","",IF(OR(RIGHT($A113,1)="1",RIGHT($A113,1)="2"),E113,IF(I113=4,E113*2,E113*6))) | M113: =IF(F113="","",IF(OR(RIGHT($A113,1)="1",RIGHT($A113,1)="2"),F113,IF(J113=4,F113*2,F113*6))) | N113: =IF(G113="","",IF(OR(RIGHT($A113,1)="1",RIGHT($A113,1)="2"),G113,IF(J113=4,G113*2,G113*6))) | P113: =B113-100000 -> 160901 | Q113: =ROUND(D113*0.8,4) -> 9.712 | R113: , | S113: =ROUND(E113*$Q$1,4) -> 0 | T113: , | U113: =ROUND(F113*$Q$1,4) -> 0 | V113: =IF(K113="","",IF(K113<1,ROUND(K113,4),CEILING(K113,5))) -> 25 | W113: =IF(L113="","",IF(L113<1,ROUND(L113,4),CEILING(L113,5))) | X113: =IF(M113="","",IF(M113<1,ROUND(M113,4),CEILING(M113,5))) | Z113: =Q113 -> 9.712 | AA113: 9.712 | AB113: =_xlfn.TEXTJOIN(",",TRUE,V113,W113,X113) -> 25
A114: 201 | B114: 220002 | C114: 3,2 | D114: 14 | E114: 187 | H114: 3 | I114: 2 | K114: =IF(D114="","",IF(OR(RIGHT($A114,1)="1",RIGHT($A114,1)="2"),D114,IF(H114=4,D114*2,D114*6))) -> 14 | L114: =IF(E114="","",IF(OR(RIGHT($A114,1)="1",RIGHT($A114,1)="2"),E114,IF(I114=4,E114*2,E114*6))) -> 187 | M114: =IF(F114="","",IF(OR(RIGHT($A114,1)="1",RIGHT($A114,1)="2"),F114,IF(J114=4,F114*2,F114*6))) | N114: =IF(G114="","",IF(OR(RIGHT($A114,1)="1",RIGHT($A114,1)="2"),G114,IF(J114=4,G114*2,G114*6))) | P114: =B114-100000 -> 120002 | Q114: =ROUND(D114*0.8,0) -> 11 | R114: , | S114: =ROUND(E114*$Q$1,0) -> 150 | T114: , | U114: =ROUND(F114*$Q$1,4) -> 0 | V114: =IF(K114="","",IF(K114<1,ROUND(K114,4),CEILING(K114,5))) -> 15 | W114: =IF(L114="","",IF(L114<1,ROUND(L114,4),CEILING(L114,5))) -> 190 | X114: =IF(M114="","",IF(M114<1,ROUND(M114,4),CEILING(M114,5))) | Z114: =Q114&R114&S114 -> 11,150 | AA114: 11,150 | AB114: =_xlfn.TEXTJOIN(",",TRUE,V114,W114,X114) -> 15,190 | AF114: Lv.20普通衣服
A115: 201 | B115: 230002 | C115: 3,2 | D115: 18 | E115: 240 | H115: 3 | I115: 2 | K115: =IF(D115="","",IF(OR(RIGHT($A115,1)="1",RIGHT($A115,1)="2"),D115,IF(H115=4,D115*2,D115*6))) -> 18 | L115: =IF(E115="","",IF(OR(RIGHT($A115,1)="1",RIGHT($A115,1)="2"),E115,IF(I115=4,E115*2,E115*6))) -> 240 | M115: =IF(F115="","",IF(OR(RIGHT($A115,1)="1",RIGHT($A115,1)="2"),F115,IF(J115=4,F115*2,F115*6))) | N115: =IF(G115="","",IF(OR(RIGHT($A115,1)="1",RIGHT($A115,1)="2"),G115,IF(J115=4,G115*2,G115*6))) | P115: =B115-100000 -> 130002 | Q115: =ROUND(D115*0.8,0) -> 14 | R115: , | S115: =ROUND(E115*$Q$1,0) -> 192 | T115: , | U115: =ROUND(F115*$Q$1,4) -> 0 | V115: =IF(K115="","",IF(K115<1,ROUND(K115,4),CEILING(K115,5))) -> 20 | W115: =IF(L115="","",IF(L115<1,ROUND(L115,4),CEILING(L115,5))) -> 240 | X115: =IF(M115="","",IF(M115<1,ROUND(M115,4),CEILING(M115,5))) | Z115: =Q115&R115&S115 -> 14,192 | AA115: 14,192 | AB115: =_xlfn.TEXTJOIN(",",TRUE,V115,W115,X115) -> 20,240 | AF115: Lv.30普通衣服
A116: 201 | B116: 240002 | C116: 3,2 | D116: 28 | E116: 373 | H116: 3 | I116: 2 | K116: =IF(D116="","",IF(OR(RIGHT($A116,1)="1",RIGHT($A116,1)="2"),D116,IF(H116=4,D116*2,D116*6))) -> 28 | L116: =IF(E116="","",IF(OR(RIGHT($A116,1)="1",RIGHT($A116,1)="2"),E116,IF(I116=4,E116*2,E116*6))) -> 373 | M116: =IF(F116="","",IF(OR(RIGHT($A116,1)="1",RIGHT($A116,1)="2"),F116,IF(J116=4,F116*2,F116*6))) | N116: =IF(G116="","",IF(OR(RIGHT($A116,1)="1",RIGHT($A116,1)="2"),G116,IF(J116=4,G116*2,G116*6))) | P116: =B116-100000 -> 140002 | Q116: =ROUND(D116*0.8,0) -> 22 | R116: , | S116: =ROUND(E116*$Q$1,0) -> 298 | T116: , | U116: =ROUND(F116*$Q$1,4) -> 0 | V116: =IF(K116="","",IF(K116<1,ROUND(K116,4),CEILING(K116,5))) -> 30 | W116: =IF(L116="","",IF(L116<1,ROUND(L116,4),CEILING(L116,5))) -> 375 | X116: =IF(M116="","",IF(M116<1,ROUND(M116,4),CEILING(M116,5))) | Z116: =Q116&R116&S116 -> 22,298 | AA116: 22,298 | AB116: =_xlfn.TEXTJOIN(",",TRUE,V116,W116,X116) -> 30,375 | AF116: Lv.40普通衣服-均衡
A117: 201 | B117: 240102 | C117: 3,2 | D117: 22 | E117: 298 | H117: 3 | I117: 2 | K117: =IF(D117="","",IF(OR(RIGHT($A117,1)="1",RIGHT($A117,1)="2"),D117,IF(H117=4,D117*2,D117*6))) -> 22 | L117: =IF(E117="","",IF(OR(RIGHT($A117,1)="1",RIGHT($A117,1)="2"),E117,IF(I117=4,E117*2,E117*6))) -> 298 | M117: =IF(F117="","",IF(OR(RIGHT($A117,1)="1",RIGHT($A117,1)="2"),F117,IF(J117=4,F117*2,F117*6))) | N117: =IF(G117="","",IF(OR(RIGHT($A117,1)="1",RIGHT($A117,1)="2"),G117,IF(J117=4,G117*2,G117*6))) | P117: =B117-100000 -> 140102 | Q117: =ROUND(D117*0.8,0) -> 18 | R117: , | S117: =ROUND(E117*$Q$1,0) -> 238 | T117: , | U117: =ROUND(F117*$Q$1,4) -> 0 | V117: =IF(K117="","",IF(K117<1,ROUND(K117,4),CEILING(K117,5))) -> 25 | W117: =IF(L117="","",IF(L117<1,ROUND(L117,4),CEILING(L117,5))) -> 300 | X117: =IF(M117="","",IF(M117<1,ROUND(M117,4),CEILING(M117,5))) | Z117: =Q117&R117&S117 -> 18,238 | AA117: 18,238 | AB117: =_xlfn.TEXTJOIN(",",TRUE,V117,W117,X117) -> 25,300 | AF117: Lv.40普通衣服-输出
A118: 201 | B118: 240202 | C118: 3,2 | D118: 35 | E118: 467 | H118: 3 | I118: 2 | K118: =IF(D118="","",IF(OR(RIGHT($A118,1)="1",RIGHT($A118,1)="2"),D118,IF(H118=4,D118*2,D118*6))) -> 35 | L118: =IF(E118="","",IF(OR(RIGHT($A118,1)="1",RIGHT($A118,1)="2"),E118,IF(I118=4,E118*2,E118*6))) -> 467 | M118: =IF(F118="","",IF(OR(RIGHT($A118,1)="1",RIGHT($A118,1)="2"),F118,IF(J118=4,F118*2,F118*6))) | N118: =IF(G118="","",IF(OR(RIGHT($A118,1)="1",RIGHT($A118,1)="2"),G118,IF(J118=4,G118*2,G118*6))) | P118: =B118-100000 -> 140202 | Q118: =ROUND(D118*0.8,0) -> 28 | R118: , | S118: =ROUND(E118*$Q$1,0) -> 374 | T118: , | U118: =ROUND(F118*$Q$1,4) -> 0 | V118: =IF(K118="","",IF(K118<1,ROUND(K118,4),CEILING(K118,5))) -> 35 | W118: =IF(L118="","",IF(L118<1,ROUND(L118,4),CEILING(L118,5))) -> 470 | X118: =IF(M118="","",IF(M118<1,ROUND(M118,4),CEILING(M118,5))) | Z118: =Q118&R118&S118 -> 28,374 | AA118: 28,374 | AB118: =_xlfn.TEXTJOIN(",",TRUE,V118,W118,X118) -> 35,470 | AF118: Lv.40普通衣服-生存
A119: 201 | B119: 250102 | C119: 3,2 | D119: 60 | E119: 800 | H119: 3 | I119: 2 | K119: =IF(D119="","",IF(OR(RIGHT($A119,1)="1",RIGHT($A119,1)="2"),D119,IF(H119=4,D119*2,D119*6))) -> 60 | L119: =IF(E119="","",IF(OR(RIGHT($A119,1)="1",RIGHT($A119,1)="2"),E119,IF(I119=4,E119*2,E119*6))) -> 800 | M119: =IF(F119="","",IF(OR(RIGHT($A119,1)="1",RIGHT($A119,1)="2"),F119,IF(J119=4,F119*2,F119*6))) | N119: =IF(G119="","",IF(OR(RIGHT($A119,1)="1",RIGHT($A119,1)="2"),G119,IF(J119=4,G119*2,G119*6))) | P119: =B119-100000 -> 150102 | Q119: =ROUND(D119*0.8,0) -> 48 | R119: , | S119: =ROUND(E119*$Q$1,0) -> 640 | T119: , | U119: =ROUND(F119*$Q$1,4) -> 0 | V119: =IF(K119="","",IF(K119<1,ROUND(K119,4),CEILING(K119,5))) -> 60 | W119: =IF(L119="","",IF(L119<1,ROUND(L119,4),CEILING(L119,5))) -> 800 | X119: =IF(M119="","",IF(M119<1,ROUND(M119,4),CEILING(M119,5))) | Z119: =Q119&R119&S119 -> 48,640 | AA119: 48,640 | AB119: =_xlfn.TEXTJOIN(",",TRUE,V119,W119,X119) -> 60,800 | AF119: Lv.50普通衣服-物理坦克
A120: 201 | B120: 250202 | C120: 3,2 | D120: 60 | E120: 800 | H120: 3 | I120: 2 | K120: =IF(D120="","",IF(OR(RIGHT($A120,1)="1",RIGHT($A120,1)="2"),D120,IF(H120=4,D120*2,D120*6))) -> 60 | L120: =IF(E120="","",IF(OR(RIGHT($A120,1)="1",RIGHT($A120,1)="2"),E120,IF(I120=4,E120*2,E120*6))) -> 800 | M120: =IF(F120="","",IF(OR(RIGHT($A120,1)="1",RIGHT($A120,1)="2"),F120,IF(J120=4,F120*2,F120*6))) | N120: =IF(G120="","",IF(OR(RIGHT($A120,1)="1",RIGHT($A120,1)="2"),G120,IF(J120=4,G120*2,G120*6))) | P120: =B120-100000 -> 150202 | Q120: =ROUND(D120*0.8,0) -> 48 | R120: , | S120: =ROUND(E120*$Q$1,0) -> 640 | T120: , | U120: =ROUND(F120*$Q$1,4) -> 0 | V120: =IF(K120="","",IF(K120<1,ROUND(K120,4),CEILING(K120,5))) -> 60 | W120: =IF(L120="","",IF(L120<1,ROUND(L120,4),CEILING(L120,5))) -> 800 | X120: =IF(M120="","",IF(M120<1,ROUND(M120,4),CEILING(M120,5))) | Z120: =Q120&R120&S120 -> 48,640 | AA120: 48,640 | AB120: =_xlfn.TEXTJOIN(",",TRUE,V120,W120,X120) -> 60,800 | AF120: Lv.50普通衣服-元素坦克
A121: 201 | B121: 250302 | C121: 3,2 | D121: 60 | E121: 800 | H121: 3 | I121: 2 | K121: =IF(D121="","",IF(OR(RIGHT($A121,1)="1",RIGHT($A121,1)="2"),D121,IF(H121=4,D121*2,D121*6))) -> 60 | L121: =IF(E121="","",IF(OR(RIGHT($A121,1)="1",RIGHT($A121,1)="2"),E121,IF(I121=4,E121*2,E121*6))) -> 800 | M121: =IF(F121="","",IF(OR(RIGHT($A121,1)="1",RIGHT($A121,1)="2"),F121,IF(J121=4,F121*2,F121*6))) | N121: =IF(G121="","",IF(OR(RIGHT($A121,1)="1",RIGHT($A121,1)="2"),G121,IF(J121=4,G121*2,G121*6))) | P121: =B121-100000 -> 150302 | Q121: =ROUND(D121*0.8,0) -> 48 | R121: , | S121: =ROUND(E121*$Q$1,0) -> 640 | T121: , | U121: =ROUND(F121*$Q$1,4) -> 0 | V121: =IF(K121="","",IF(K121<1,ROUND(K121,4),CEILING(K121,5))) -> 60 | W121: =IF(L121="","",IF(L121<1,ROUND(L121,4),CEILING(L121,5))) -> 800 | X121: =IF(M121="","",IF(M121<1,ROUND(M121,4),CEILING(M121,5))) | Z121: =Q121&R121&S121 -> 48,640 | AA121: 48,640 | AB121: =_xlfn.TEXTJOIN(",",TRUE,V121,W121,X121) -> 60,800 | AF121: Lv.50普通衣服-元素战士
A122: 201 | B122: 250402 | C122: 3,2 | D122: 60 | E122: 800 | H122: 3 | I122: 2 | K122: =IF(D122="","",IF(OR(RIGHT($A122,1)="1",RIGHT($A122,1)="2"),D122,IF(H122=4,D122*2,D122*6))) -> 60 | L122: =IF(E122="","",IF(OR(RIGHT($A122,1)="1",RIGHT($A122,1)="2"),E122,IF(I122=4,E122*2,E122*6))) -> 800 | M122: =IF(F122="","",IF(OR(RIGHT($A122,1)="1",RIGHT($A122,1)="2"),F122,IF(J122=4,F122*2,F122*6))) | N122: =IF(G122="","",IF(OR(RIGHT($A122,1)="1",RIGHT($A122,1)="2"),G122,IF(J122=4,G122*2,G122*6))) | P122: =B122-100000 -> 150402 | Q122: =ROUND(D122*0.8,0) -> 48 | R122: , | S122: =ROUND(E122*$Q$1,0) -> 640 | T122: , | U122: =ROUND(F122*$Q$1,4) -> 0 | V122: =IF(K122="","",IF(K122<1,ROUND(K122,4),CEILING(K122,5))) -> 60 | W122: =IF(L122="","",IF(L122<1,ROUND(L122,4),CEILING(L122,5))) -> 800 | X122: =IF(M122="","",IF(M122<1,ROUND(M122,4),CEILING(M122,5))) | Z122: =Q122&R122&S122 -> 48,640 | AA122: 48,640 | AB122: =_xlfn.TEXTJOIN(",",TRUE,V122,W122,X122) -> 60,800 | AF122: Lv.50普通衣服-物理战士
A123: 201 | B123: 250502 | C123: 3,2 | D123: 60 | E123: 800 | H123: 3 | I123: 2 | K123: =IF(D123="","",IF(OR(RIGHT($A123,1)="1",RIGHT($A123,1)="2"),D123,IF(H123=4,D123*2,D123*6))) -> 60 | L123: =IF(E123="","",IF(OR(RIGHT($A123,1)="1",RIGHT($A123,1)="2"),E123,IF(I123=4,E123*2,E123*6))) -> 800 | M123: =IF(F123="","",IF(OR(RIGHT($A123,1)="1",RIGHT($A123,1)="2"),F123,IF(J123=4,F123*2,F123*6))) | N123: =IF(G123="","",IF(OR(RIGHT($A123,1)="1",RIGHT($A123,1)="2"),G123,IF(J123=4,G123*2,G123*6))) | P123: =B123-100000 -> 150502 | Q123: =ROUND(D123*0.8,0) -> 48 | R123: , | S123: =ROUND(E123*$Q$1,0) -> 640 | T123: , | U123: =ROUND(F123*$Q$1,4) -> 0 | V123: =IF(K123="","",IF(K123<1,ROUND(K123,4),CEILING(K123,5))) -> 60 | W123: =IF(L123="","",IF(L123<1,ROUND(L123,4),CEILING(L123,5))) -> 800 | X123: =IF(M123="","",IF(M123<1,ROUND(M123,4),CEILING(M123,5))) | Z123: =Q123&R123&S123 -> 48,640 | AA123: 48,640 | AB123: =_xlfn.TEXTJOIN(",",TRUE,V123,W123,X123) -> 60,800 | AF123: Lv.50普通衣服-元素刺客
A124: 201 | B124: 250602 | C124: 3,2 | D124: 60 | E124: 800 | H124: 3 | I124: 2 | K124: =IF(D124="","",IF(OR(RIGHT($A124,1)="1",RIGHT($A124,1)="2"),D124,IF(H124=4,D124*2,D124*6))) -> 60 | L124: =IF(E124="","",IF(OR(RIGHT($A124,1)="1",RIGHT($A124,1)="2"),E124,IF(I124=4,E124*2,E124*6))) -> 800 | M124: =IF(F124="","",IF(OR(RIGHT($A124,1)="1",RIGHT($A124,1)="2"),F124,IF(J124=4,F124*2,F124*6))) | N124: =IF(G124="","",IF(OR(RIGHT($A124,1)="1",RIGHT($A124,1)="2"),G124,IF(J124=4,G124*2,G124*6))) | P124: =B124-100000 -> 150602 | Q124: =ROUND(D124*0.8,0) -> 48 | R124: , | S124: =ROUND(E124*$Q$1,0) -> 640 | T124: , | U124: =ROUND(F124*$Q$1,4) -> 0 | V124: =IF(K124="","",IF(K124<1,ROUND(K124,4),CEILING(K124,5))) -> 60 | W124: =IF(L124="","",IF(L124<1,ROUND(L124,4),CEILING(L124,5))) -> 800 | X124: =IF(M124="","",IF(M124<1,ROUND(M124,4),CEILING(M124,5))) | Z124: =Q124&R124&S124 -> 48,640 | AA124: 48,640 | AB124: =_xlfn.TEXTJOIN(",",TRUE,V124,W124,X124) -> 60,800 | AF124: Lv.50普通衣服-敏暴刺客
A125: 201 | B125: 250702 | C125: 3,2 | D125: 60 | E125: 800 | H125: 3 | I125: 2 | K125: =IF(D125="","",IF(OR(RIGHT($A125,1)="1",RIGHT($A125,1)="2"),D125,IF(H125=4,D125*2,D125*6))) -> 60 | L125: =IF(E125="","",IF(OR(RIGHT($A125,1)="1",RIGHT($A125,1)="2"),E125,IF(I125=4,E125*2,E125*6))) -> 800 | M125: =IF(F125="","",IF(OR(RIGHT($A125,1)="1",RIGHT($A125,1)="2"),F125,IF(J125=4,F125*2,F125*6))) | N125: =IF(G125="","",IF(OR(RIGHT($A125,1)="1",RIGHT($A125,1)="2"),G125,IF(J125=4,G125*2,G125*6))) | P125: =B125-100000 -> 150702 | Q125: =ROUND(D125*0.8,0) -> 48 | R125: , | S125: =ROUND(E125*$Q$1,0) -> 640 | T125: , | U125: =ROUND(F125*$Q$1,4) -> 0 | V125: =IF(K125="","",IF(K125<1,ROUND(K125,4),CEILING(K125,5))) -> 60 | W125: =IF(L125="","",IF(L125<1,ROUND(L125,4),CEILING(L125,5))) -> 800 | X125: =IF(M125="","",IF(M125<1,ROUND(M125,4),CEILING(M125,5))) | Z125: =Q125&R125&S125 -> 48,640 | AA125: 48,640 | AB125: =_xlfn.TEXTJOIN(",",TRUE,V125,W125,X125) -> 60,800 | AF125: Lv.50普通衣服-闪避刺客
... A157: 202 | B157: 260902 | C157: 3,2 | D157: 169 | E157: 2253 | H157: 3 | I157: 2 | K157: =IF(D157="","",IF(OR(RIGHT($A157,1)="1",RIGHT($A157,1)="2"),D157,IF(H157=4,D157*2,D157*6))) -> 169 | L157: =IF(E157="","",IF(OR(RIGHT($A157,1)="1",RIGHT($A157,1)="2"),E157,IF(I157=4,E157*2,E157*6))) -> 2253 | M157: =IF(F157="","",IF(OR(RIGHT($A157,1)="1",RIGHT($A157,1)="2"),F157,IF(J157=4,F157*2,F157*6))) | N157: =IF(G157="","",IF(OR(RIGHT($A157,1)="1",RIGHT($A157,1)="2"),G157,IF(J157=4,G157*2,G157*6))) | P157: =B157-100000 -> 160902 | Q157: =ROUND(D157*0.8,0) -> 135 | R157: , | S157: =ROUND(E157*$Q$1,0) -> 1802 | T157: , | U157: =ROUND(F157*$Q$1,4) -> 0 | V157: =IF(K157="","",IF(K157<1,ROUND(K157,4),CEILING(K157,5))) -> 170 | W157: =IF(L157="","",IF(L157<1,ROUND(L157,4),CEILING(L157,5))) -> 2255 | X157: =IF(M157="","",IF(M157<1,ROUND(M157,4),CEILING(M157,5))) | Z157: =Q157&R157&S157 -> 135,1802 | AA157: 135,1802 | AB157: =_xlfn.TEXTJOIN(",",TRUE,V157,W157,X157) -> 170,2255 | AF157: Lv.60普通衣服-物理辅助
A158: 203 | B158: 250102 | C158: 6 | D158: 0.0188 | H158: 6 | K158: =IF(D158="","",IF(OR(RIGHT($A158,1)="1",RIGHT($A158,1)="2"),D158,IF(H158=4,D158*2,D158*6))) -> 0.1128 | L158: =IF(E158="","",IF(OR(RIGHT($A158,1)="1",RIGHT($A158,1)="2"),E158,IF(I158=4,E158*2,E158*6))) | M158: =IF(F158="","",IF(OR(RIGHT($A158,1)="1",RIGHT($A158,1)="2"),F158,IF(J158=4,F158*2,F158*6))) | N158: =IF(G158="","",IF(OR(RIGHT($A158,1)="1",RIGHT($A158,1)="2"),G158,IF(J158=4,G158*2,G158*6))) | P158: =B158-100000 -> 150102 | Q158: =ROUND(D158*0.8,4) -> 0.015 | R158: , | S158: =ROUND(E158*$Q$1,4) -> 0 | T158: , | U158: =ROUND(F158*$Q$1,4) -> 0 | V158: =IF(K158="","",IF(K158<1,ROUND(K158,4),CEILING(K158,5))) -> 0.1128 | W158: =IF(L158="","",IF(L158<1,ROUND(L158,4),CEILING(L158,5))) | X158: =IF(M158="","",IF(M158<1,ROUND(M158,4),CEILING(M158,5))) | Z158: =Q158 -> 0.015 | AA158: 0.015 | AB158: =_xlfn.TEXTJOIN(",",TRUE,V158,W158,X158) -> 0.1128 | AF158: Lv.50普通衣服-物理坦克
A159: 203 | B159: 250202 | C159: 6,35 | D159: 0.0047 | E159: 0.0161 | H159: 6 | I159: 35 | K159: =IF(D159="","",IF(OR(RIGHT($A159,1)="1",RIGHT($A159,1)="2"),D159,IF(H159=4,D159*2,D159*6))) -> 0.0282 | L159: =IF(E159="","",IF(OR(RIGHT($A159,1)="1",RIGHT($A159,1)="2"),E159,IF(I159=4,E159*2,E159*6))) -> 0.0966 | M159: =IF(F159="","",IF(OR(RIGHT($A159,1)="1",RIGHT($A159,1)="2"),F159,IF(J159=4,F159*2,F159*6))) | N159: =IF(G159="","",IF(OR(RIGHT($A159,1)="1",RIGHT($A159,1)="2"),G159,IF(J159=4,G159*2,G159*6))) | P159: =B159-100000 -> 150202 | Q159: =ROUND(D159*0.8,4) -> 0.0038 | R159: , | S159: =ROUND(E159*$Q$1,4) -> 0.0129 | T159: , | U159: =ROUND(F159*$Q$1,4) -> 0 | V159: =IF(K159="","",IF(K159<1,ROUND(K159,4),CEILING(K159,5))) -> 0.0282 | W159: =IF(L159="","",IF(L159<1,ROUND(L159,4),CEILING(L159,5))) -> 0.0966 | X159: =IF(M159="","",IF(M159<1,ROUND(M159,4),CEILING(M159,5))) | Z159: =Q159&R159&S159&T159&U159 -> 0.0038,0.0129,0 | AA159: 0.0038,0.0129 | AB159: =_xlfn.TEXTJOIN(",",TRUE,V159,W159,X159) -> 0.0282,0.0966 | AF159: Lv.50普通衣服-元素坦克
A160: 203 | B160: 250302 | C160: 7 | D160: 0.0048 | H160: 7 | K160: =IF(D160="","",IF(OR(RIGHT($A160,1)="1",RIGHT($A160,1)="2"),D160,IF(H160=4,D160*2,D160*6))) -> 0.0288 | L160: =IF(E160="","",IF(OR(RIGHT($A160,1)="1",RIGHT($A160,1)="2"),E160,IF(I160=4,E160*2,E160*6))) | M160: =IF(F160="","",IF(OR(RIGHT($A160,1)="1",RIGHT($A160,1)="2"),F160,IF(J160=4,F160*2,F160*6))) | N160: =IF(G160="","",IF(OR(RIGHT($A160,1)="1",RIGHT($A160,1)="2"),G160,IF(J160=4,G160*2,G160*6))) | P160: =B160-100000 -> 150302 | Q160: =ROUND(D160*0.8,4) -> 0.0038 | R160: , | S160: =ROUND(E160*$Q$1,4) -> 0 | T160: , | U160: =ROUND(F160*$Q$1,4) -> 0 | V160: =IF(K160="","",IF(K160<1,ROUND(K160,4),CEILING(K160,5))) -> 0.0288 | W160: =IF(L160="","",IF(L160<1,ROUND(L160,4),CEILING(L160,5))) | X160: =IF(M160="","",IF(M160<1,ROUND(M160,4),CEILING(M160,5))) | Z160: =Q160&R160&S160&T160&U160 -> 0.0038,0,0 | AA160: 0.0038 | AB160: =_xlfn.TEXTJOIN(",",TRUE,V160,W160,X160) -> 0.0288 | AF160: Lv.50普通衣服-元素战士
A161: 203 | B161: 250402 | C161: 7 | D161: 0.0047 | H161: 7 | K161: =IF(D161="","",IF(OR(RIGHT($A161,1)="1",RIGHT($A161,1)="2"),D161,IF(H161=4,D161*2,D161*6))) -> 0.0282 | L161: =IF(E161="","",IF(OR(RIGHT($A161,1)="1",RIGHT($A161,1)="2"),E161,IF(I161=4,E161*2,E161*6))) | M161: =IF(F161="","",IF(OR(RIGHT($A161,1)="1",RIGHT($A161,1)="2"),F161,IF(J161=4,F161*2,F161*6))) | N161: =IF(G161="","",IF(OR(RIGHT($A161,1)="1",RIGHT($A161,1)="2"),G161,IF(J161=4,G161*2,G161*6))) | P161: =B161-100000 -> 150402 | Q161: =ROUND(D161*0.8,4) -> 0.0038 | R161: , | S161: =ROUND(E161*$Q$1,4) -> 0 | T161: , | U161: =ROUND(F161*$Q$1,4) -> 0 | V161: =IF(K161="","",IF(K161<1,ROUND(K161,4),CEILING(K161,5))) -> 0.0282 | W161: =IF(L161="","",IF(L161<1,ROUND(L161,4),CEILING(L161,5))) | X161: =IF(M161="","",IF(M161<1,ROUND(M161,4),CEILING(M161,5))) | Z161: =Q161&R161&S161&T161&U161 -> 0.0038,0,0 | AA161: 0.0038 | AB161: =_xlfn.TEXTJOIN(",",TRUE,V161,W161,X161) -> 0.0282 | AF161: Lv.50普通衣服-物理战士
A162: 203 | B162: 250502 | C162: 11 | D162: 0.0061 | H162: 11 | K162: =IF(D162="","",IF(OR(RIGHT($A162,1)="1",RIGHT($A162,1)="2"),D162,IF(H162=4,D162*2,D162*6))) -> 0.0366 | L162: =IF(E162="","",IF(OR(RIGHT($A162,1)="1",RIGHT($A162,1)="2"),E162,IF(I162=4,E162*2,E162*6))) | M162: =IF(F162="","",IF(OR(RIGHT($A162,1)="1",RIGHT($A162,1)="2"),F162,IF(J162=4,F162*2,F162*6))) | N162: =IF(G162="","",IF(OR(RIGHT($A162,1)="1",RIGHT($A162,1)="2"),G162,IF(J162=4,G162*2,G162*6))) | P162: =B162-100000 -> 150502 | Q162: =ROUND(D162*0.8,4) -> 0.0049 | R162: , | S162: =ROUND(E162*$Q$1,4) -> 0 | T162: , | U162: =ROUND(F162*$Q$1,4) -> 0 | V162: =IF(K162="","",IF(K162<1,ROUND(K162,4),CEILING(K162,5))) -> 0.0366 | W162: =IF(L162="","",IF(L162<1,ROUND(L162,4),CEILING(L162,5))) | X162: =IF(M162="","",IF(M162<1,ROUND(M162,4),CEILING(M162,5))) | Z162: =Q162&R162&S162&T162&U162 -> 0.0049,0,0 | AA162: 0.0049 | AB162: =_xlfn.TEXTJOIN(",",TRUE,V162,W162,X162) -> 0.0366 | AF162: Lv.50普通衣服-元素刺客
...

Sheet Sheet5
C1: 词条1 | E1: 词条2（百分比） | G1: 词条3 | J1: 词条4 | P1: 词条1 | R1: 词条2（百分比） | T1: 词条3 | W1: 词条4 | AB1: 词条3汇总 | AC1: 词条4汇总
A2: 120001 | B2: Lv.20普通武器 | C2: 攻击 | P2: 45 | AA2: =IF(N2="","",_xlfn.XLOOKUP(N2,Sheet6!$E:$E,Sheet6!$D:$D,"",0,1)) | AB2: =_xlfn.TEXTJOIN(",",TRUE,T2,U2,V2) | AC2: =_xlfn.TEXTJOIN(",",TRUE,X2,Y2,Z2,AA2)
A3: 120002 | B3: Lv.20普通衣服 | C3: 防御 | D3: 生命 | P3: 15 | Q3: 185 | AA3: =IF(N3="","",_xlfn.XLOOKUP(N3,Sheet6!$E:$E,Sheet6!$D:$D,"",0,1)) | AB3: =_xlfn.TEXTJOIN(",",TRUE,T3,U3,V3) | AC3: =_xlfn.TEXTJOIN(",",TRUE,X3,Y3,Z3,AA3)
A4: 120003 | B4: Lv.20普通戒指 | C4: 攻击 | D4: 防御 | P4: 23 | Q4: 7 | AA4: =IF(N4="","",_xlfn.XLOOKUP(N4,Sheet6!$E:$E,Sheet6!$D:$D,"",0,1)) | AB4: =_xlfn.TEXTJOIN(",",TRUE,T4,U4,V4) | AC4: =_xlfn.TEXTJOIN(",",TRUE,X4,Y4,Z4,AA4)
A5: 120004 | B5: Lv.20普通项链 | C5: 防御 | D5: 生命 | P5: 7 | Q5: 375 | AA5: =IF(N5="","",_xlfn.XLOOKUP(N5,Sheet6!$E:$E,Sheet6!$D:$D,"",0,1)) | AB5: =_xlfn.TEXTJOIN(",",TRUE,T5,U5,V5) | AC5: =_xlfn.TEXTJOIN(",",TRUE,X5,Y5,Z5,AA5)
A6: 220001 | B6: Lv.20英雄武器 | C6: 攻击 | P6: 45 | AA6: =IF(N6="","",_xlfn.XLOOKUP(N6,Sheet6!$E:$E,Sheet6!$D:$D,"",0,1)) | AB6: =_xlfn.TEXTJOIN(",",TRUE,T6,U6,V6) | AC6: =_xlfn.TEXTJOIN(",",TRUE,X6,Y6,Z6,AA6)
A7: 220002 | B7: Lv.20英雄衣服 | C7: 防御 | D7: 生命 | P7: 15 | Q7: 185 | AA7: =IF(N7="","",_xlfn.XLOOKUP(N7,Sheet6!$E:$E,Sheet6!$D:$D,"",0,1)) | AB7: =_xlfn.TEXTJOIN(",",TRUE,T7,U7,V7) | AC7: =_xlfn.TEXTJOIN(",",TRUE,X7,Y7,Z7,AA7)
A8: 220003 | B8: Lv.20英雄戒指 | C8: 攻击 | D8: 防御 | P8: 23 | Q8: 7 | AA8: =IF(N8="","",_xlfn.XLOOKUP(N8,Sheet6!$E:$E,Sheet6!$D:$D,"",0,1)) | AB8: =_xlfn.TEXTJOIN(",",TRUE,T8,U8,V8) | AC8: =_xlfn.TEXTJOIN(",",TRUE,X8,Y8,Z8,AA8)
A9: 220004 | B9: Lv.20英雄项链 | C9: 防御 | D9: 生命 | P9: 7 | Q9: 375 | AA9: =IF(N9="","",_xlfn.XLOOKUP(N9,Sheet6!$E:$E,Sheet6!$D:$D,"",0,1)) | AB9: =_xlfn.TEXTJOIN(",",TRUE,T9,U9,V9) | AC9: =_xlfn.TEXTJOIN(",",TRUE,X9,Y9,Z9,AA9)
A10: 130001 | B10: Lv.30普通武器 | C10: 攻击 | P10: 60 | AA10: =IF(N10="","",_xlfn.XLOOKUP(N10,Sheet6!$E:$E,Sheet6!$D:$D,"",0,1)) | AB10: =_xlfn.TEXTJOIN(",",TRUE,T10,U10,V10) | AC10: =_xlfn.TEXTJOIN(",",TRUE,X10,Y10,Z10,AA10)
A11: 130002 | B11: Lv.30普通衣服 | C11: 防御 | D11: 生命 | P11: 18 | Q11: 240 | AA11: =IF(N11="","",_xlfn.XLOOKUP(N11,Sheet6!$E:$E,Sheet6!$D:$D,"",0,1)) | AB11: =_xlfn.TEXTJOIN(",",TRUE,T11,U11,V11) | AC11: =_xlfn.TEXTJOIN(",",TRUE,X11,Y11,Z11,AA11)
A12: 130003 | B12: Lv.30普通戒指 | C12: 攻击 | D12: 防御 | P12: 30 | Q12: 9 | AA12: =IF(N12="","",_xlfn.XLOOKUP(N12,Sheet6!$E:$E,Sheet6!$D:$D,"",0,1)) | AB12: =_xlfn.TEXTJOIN(",",TRUE,T12,U12,V12) | AC12: =_xlfn.TEXTJOIN(",",TRUE,X12,Y12,Z12,AA12)
A13: 130004 | B13: Lv.30普通项链 | C13: 防御 | D13: 生命 | P13: 9 | Q13: 480 | AA13: =IF(N13="","",_xlfn.XLOOKUP(N13,Sheet6!$E:$E,Sheet6!$D:$D,"",0,1)) | AB13: =_xlfn.TEXTJOIN(",",TRUE,T13,U13,V13) | AC13: =_xlfn.TEXTJOIN(",",TRUE,X13,Y13,Z13,AA13)
A14: 230001 | B14: Lv.30英雄武器 | C14: 攻击 | P14: 60 | AA14: =IF(N14="","",_xlfn.XLOOKUP(N14,Sheet6!$E:$E,Sheet6!$D:$D,"",0,1)) | AB14: =_xlfn.TEXTJOIN(",",TRUE,T14,U14,V14) | AC14: =_xlfn.TEXTJOIN(",",TRUE,X14,Y14,Z14,AA14)
A15: 230002 | B15: Lv.30英雄衣服 | C15: 防御 | D15: 生命 | P15: 18 | Q15: 240 | AA15: =IF(N15="","",_xlfn.XLOOKUP(N15,Sheet6!$E:$E,Sheet6!$D:$D,"",0,1)) | AB15: =_xlfn.TEXTJOIN(",",TRUE,T15,U15,V15) | AC15: =_xlfn.TEXTJOIN(",",TRUE,X15,Y15,Z15,AA15)
A16: 230003 | B16: Lv.30英雄戒指 | C16: 攻击 | D16: 防御 | P16: 30 | Q16: 9 | AA16: =IF(N16="","",_xlfn.XLOOKUP(N16,Sheet6!$E:$E,Sheet6!$D:$D,"",0,1)) | AB16: =_xlfn.TEXTJOIN(",",TRUE,T16,U16,V16) | AC16: =_xlfn.TEXTJOIN(",",TRUE,X16,Y16,Z16,AA16)
A17: 230004 | B17: Lv.30英雄项链 | C17: 防御 | D17: 生命 | P17: 9 | Q17: 480 | AA17: =IF(N17="","",_xlfn.XLOOKUP(N17,Sheet6!$E:$E,Sheet6!$D:$D,"",0,1)) | AB17: =_xlfn.TEXTJOIN(",",TRUE,T17,U17,V17) | AC17: =_xlfn.TEXTJOIN(",",TRUE,X17,Y17,Z17,AA17)
A18: 140001 | B18: Lv.40普通武器-均衡 | C18: 攻击 | E18: 攻击 | P18: =P22*0.8 -> 76 | R18: 0.65 | AA18: =IF(N18="","",_xlfn.XLOOKUP(N18,Sheet6!$E:$E,Sheet6!$D:$D,"",0,1)) | AB18: =_xlfn.TEXTJOIN(",",TRUE,T18,U18,V18) | AC18: =_xlfn.TEXTJOIN(",",TRUE,X18,Y18,Z18,AA18)
A19: 140002 | B19: Lv.40普通衣服-均衡 | C19: 防御 | D19: 生命 | E19: 防御 | F19: 生命 | P19: =P23*0.8 -> 22.4 | Q19: =Q23*0.8 -> 298.4 | R19: 0.65 | S19: 0.65 | AA19: =IF(N19="","",_xlfn.XLOOKUP(N19,Sheet6!$E:$E,Sheet6!$D:$D,"",0,1)) | AB19: =_xlfn.TEXTJOIN(",",TRUE,T19,U19,V19) | AC19: =_xlfn.TEXTJOIN(",",TRUE,X19,Y19,Z19,AA19)
A20: 140003 | B20: Lv.40普通戒指-均衡 | C20: 攻击 | D20: 防御 | E20: 攻击 | F20: 防御 | P20: =P24*0.8 -> 36.8 | Q20: =Q24*0.8 -> 11.2 | R20: 0.65 | S20: 0.65 | AA20: =IF(N20="","",_xlfn.XLOOKUP(N20,Sheet6!$E:$E,Sheet6!$D:$D,"",0,1)) | AB20: =_xlfn.TEXTJOIN(",",TRUE,T20,U20,V20) | AC20: =_xlfn.TEXTJOIN(",",TRUE,X20,Y20,Z20,AA20)
A21: 140004 | B21: Lv.40普通项链-均衡 | C21: 防御 | D21: 生命 | E21: 防御 | F21: 生命 | P21: =P25*0.8 -> 11.2 | Q21: =Q25*0.8 -> 596.8 | R21: 0.65 | S21: 0.65 | AA21: =IF(N21="","",_xlfn.XLOOKUP(N21,Sheet6!$E:$E,Sheet6!$D:$D,"",0,1)) | AB21: =_xlfn.TEXTJOIN(",",TRUE,T21,U21,V21) | AC21: =_xlfn.TEXTJOIN(",",TRUE,X21,Y21,Z21,AA21)
A22: 240001 | B22: Lv.40英雄武器-均衡 | C22: 攻击 | E22: 攻击 | P22: 95 | R22: 0.65 | AA22: =IF(N22="","",_xlfn.XLOOKUP(N22,Sheet6!$E:$E,Sheet6!$D:$D,"",0,1)) | AB22: =_xlfn.TEXTJOIN(",",TRUE,T22,U22,V22) | AC22: =_xlfn.TEXTJOIN(",",TRUE,X22,Y22,Z22,AA22)
A23: 240002 | B23: Lv.40英雄衣服-均衡 | C23: 防御 | D23: 生命 | E23: 防御 | F23: 生命 | P23: 28 | Q23: 373 | R23: 0.65 | S23: 0.65 | AA23: =IF(N23="","",_xlfn.XLOOKUP(N23,Sheet6!$E:$E,Sheet6!$D:$D,"",0,1)) | AB23: =_xlfn.TEXTJOIN(",",TRUE,T23,U23,V23) | AC23: =_xlfn.TEXTJOIN(",",TRUE,X23,Y23,Z23,AA23)
A24: 240003 | B24: Lv.40英雄戒指-均衡 | C24: 攻击 | D24: 防御 | E24: 攻击 | F24: 防御 | P24: 46 | Q24: 14 | R24: 0.65 | S24: 0.65 | AA24: =IF(N24="","",_xlfn.XLOOKUP(N24,Sheet6!$E:$E,Sheet6!$D:$D,"",0,1)) | AB24: =_xlfn.TEXTJOIN(",",TRUE,T24,U24,V24) | AC24: =_xlfn.TEXTJOIN(",",TRUE,X24,Y24,Z24,AA24)
A25: 240004 | B25: Lv.40英雄项链-均衡 | C25: 防御 | D25: 生命 | E25: 防御 | F25: 生命 | P25: 14 | Q25: 746 | R25: 0.65 | S25: 0.65 | AA25: =IF(N25="","",_xlfn.XLOOKUP(N25,Sheet6!$E:$E,Sheet6!$D:$D,"",0,1)) | AB25: =_xlfn.TEXTJOIN(",",TRUE,T25,U25,V25) | AC25: =_xlfn.TEXTJOIN(",",TRUE,X25,Y25,Z25,AA25)
A26: 140101 | B26: Lv.40普通武器-输出 | C26: 攻击 | E26: 攻击 | P26: =P30*0.8 -> 92.8 | R26: 0.65 | AA26: =IF(N26="","",_xlfn.XLOOKUP(N26,Sheet6!$E:$E,Sheet6!$D:$D,"",0,1)) | AB26: =_xlfn.TEXTJOIN(",",TRUE,T26,U26,V26) | AC26: =_xlfn.TEXTJOIN(",",TRUE,X26,Y26,Z26,AA26)
A27: 140102 | B27: Lv.40普通衣服-输出 | C27: 防御 | D27: 生命 | E27: 防御 | F27: 生命 | P27: =P31*0.8 -> 17.6 | Q27: =Q31*0.8 -> 238.4 | R27: 0.65 | S27: 0.65 | AA27: =IF(N27="","",_xlfn.XLOOKUP(N27,Sheet6!$E:$E,Sheet6!$D:$D,"",0,1)) | AB27: =_xlfn.TEXTJOIN(",",TRUE,T27,U27,V27) | AC27: =_xlfn.TEXTJOIN(",",TRUE,X27,Y27,Z27,AA27)
A28: 140103 | B28: Lv.40普通戒指-输出 | C28: 攻击 | D28: 防御 | E28: 攻击 | F28: 防御 | P28: =P32*0.8 -> 46.4 | Q28: =Q32*0.8 -> 8.8 | R28: 0.65 | S28: 0.65 | AA28: =IF(N28="","",_xlfn.XLOOKUP(N28,Sheet6!$E:$E,Sheet6!$D:$D,"",0,1)) | AB28: =_xlfn.TEXTJOIN(",",TRUE,T28,U28,V28) | AC28: =_xlfn.TEXTJOIN(",",TRUE,X28,Y28,Z28,AA28)
A29: 140104 | B29: Lv.40普通项链-输出 | C29: 防御 | D29: 生命 | E29: 防御 | F29: 生命 | P29: =P33*0.8 -> 8.8 | Q29: =Q33*0.8 -> 477.6 | R29: 0.65 | S29: 0.65 | AA29: =IF(N29="","",_xlfn.XLOOKUP(N29,Sheet6!$E:$E,Sheet6!$D:$D,"",0,1)) | AB29: =_xlfn.TEXTJOIN(",",TRUE,T29,U29,V29) | AC29: =_xlfn.TEXTJOIN(",",TRUE,X29,Y29,Z29,AA29)
A30: 240101 | B30: Lv.40普通武器-输出 | C30: 攻击 | E30: 攻击 | P30: 116 | R30: 0.65 | AA30: =IF(N30="","",_xlfn.XLOOKUP(N30,Sheet6!$E:$E,Sheet6!$D:$D,"",0,1)) | AB30: =_xlfn.TEXTJOIN(",",TRUE,T30,U30,V30) | AC30: =_xlfn.TEXTJOIN(",",TRUE,X30,Y30,Z30,AA30)
A31: 240102 | B31: Lv.40英雄衣服-输出 | C31: 防御 | D31: 生命 | E31: 防御 | F31: 生命 | P31: 22 | Q31: 298 | R31: 0.65 | S31: 0.65 | AA31: =IF(N31="","",_xlfn.XLOOKUP(N31,Sheet6!$E:$E,Sheet6!$D:$D,"",0,1)) | AB31: =_xlfn.TEXTJOIN(",",TRUE,T31,U31,V31) | AC31: =_xlfn.TEXTJOIN(",",TRUE,X31,Y31,Z31,AA31)
A32: 240103 | B32: Lv.40英雄戒指-输出 | C32: 攻击 | D32: 防御 | E32: 攻击 | F32: 防御 | P32: 58 | Q32: 11 | R32: 0.65 | S32: 0.65 | AA32: =IF(N32="","",_xlfn.XLOOKUP(N32,Sheet6!$E:$E,Sheet6!$D:$D,"",0,1)) | AB32: =_xlfn.TEXTJOIN(",",TRUE,T32,U32,V32) | AC32: =_xlfn.TEXTJOIN(",",TRUE,X32,Y32,Z32,AA32)
A33: 240104 | B33: Lv.40英雄项链-输出 | C33: 防御 | D33: 生命 | E33: 防御 | F33: 生命 | P33: 11 | Q33: 597 | R33: 0.65 | S33: 0.65 | AA33: =IF(N33="","",_xlfn.XLOOKUP(N33,Sheet6!$E:$E,Sheet6!$D:$D,"",0,1)) | AB33: =_xlfn.TEXTJOIN(",",TRUE,T33,U33,V33) | AC33: =_xlfn.TEXTJOIN(",",TRUE,X33,Y33,Z33,AA33)
A34: 140201 | B34: Lv.40普通武器-生存 | C34: 攻击 | E34: 攻击 | P34: =P38*0.8 -> 59.2 | R34: 0.65 | AA34: =IF(N34="","",_xlfn.XLOOKUP(N34,Sheet6!$E:$E,Sheet6!$D:$D,"",0,1)) | AB34: =_xlfn.TEXTJOIN(",",TRUE,T34,U34,V34) | AC34: =_xlfn.TEXTJOIN(",",TRUE,X34,Y34,Z34,AA34)
A35: 140202 | B35: Lv.40普通衣服-生存 | C35: 防御 | D35: 生命 | E35: 防御 | F35: 生命 | P35: =P39*0.8 -> 28 | Q35: =Q39*0.8 -> 372.8 | R35: 0.65 | S35: 0.65 | AA35: =IF(N35="","",_xlfn.XLOOKUP(N35,Sheet6!$E:$E,Sheet6!$D:$D,"",0,1)) | AB35: =_xlfn.TEXTJOIN(",",TRUE,T35,U35,V35) | AC35: =_xlfn.TEXTJOIN(",",TRUE,X35,Y35,Z35,AA35)
A36: 140203 | B36: Lv.40普通戒指-生存 | C36: 攻击 | D36: 防御 | E36: 攻击 | F36: 防御 | P36: =P40*0.8 -> 29.6 | Q36: =Q40*0.8 -> 13.6 | R36: 0.65 | S36: 0.65 | AA36: =IF(N36="","",_xlfn.XLOOKUP(N36,Sheet6!$E:$E,Sheet6!$D:$D,"",0,1)) | AB36: =_xlfn.TEXTJOIN(",",TRUE,T36,U36,V36) | AC36: =_xlfn.TEXTJOIN(",",TRUE,X36,Y36,Z36,AA36)
A37: 140204 | B37: Lv.40普通项链-生存 | C37: 防御 | D37: 生命 | E37: 防御 | F37: 生命 | P37: =P41*0.8 -> 13.6 | Q37: =Q41*0.8 -> 746.4 | R37: 0.65 | S37: 0.65 | AA37: =IF(N37="","",_xlfn.XLOOKUP(N37,Sheet6!$E:$E,Sheet6!$D:$D,"",0,1)) | AB37: =_xlfn.TEXTJOIN(",",TRUE,T37,U37,V37) | AC37: =_xlfn.TEXTJOIN(",",TRUE,X37,Y37,Z37,AA37)
A38: 240201 | B38: Lv.40英雄武器-生存 | C38: 攻击 | E38: 攻击 | P38: 74 | R38: 0.65 | AA38: =IF(N38="","",_xlfn.XLOOKUP(N38,Sheet6!$E:$E,Sheet6!$D:$D,"",0,1)) | AB38: =_xlfn.TEXTJOIN(",",TRUE,T38,U38,V38) | AC38: =_xlfn.TEXTJOIN(",",TRUE,X38,Y38,Z38,AA38)
A39: 240202 | B39: Lv.40英雄衣服-生存 | C39: 防御 | D39: 生命 | E39: 防御 | F39: 生命 | P39: 35 | Q39: 466 | R39: 0.65 | S39: 0.65 | AA39: =IF(N39="","",_xlfn.XLOOKUP(N39,Sheet6!$E:$E,Sheet6!$D:$D,"",0,1)) | AB39: =_xlfn.TEXTJOIN(",",TRUE,T39,U39,V39) | AC39: =_xlfn.TEXTJOIN(",",TRUE,X39,Y39,Z39,AA39)
A40: 240203 | B40: Lv.40英雄戒指-生存 | C40: 攻击 | D40: 防御 | E40: 攻击 | F40: 防御 | P40: 37 | Q40: 17 | R40: 0.65 | S40: 0.65 | AA40: =IF(N40="","",_xlfn.XLOOKUP(N40,Sheet6!$E:$E,Sheet6!$D:$D,"",0,1)) | AB40: =_xlfn.TEXTJOIN(",",TRUE,T40,U40,V40) | AC40: =_xlfn.TEXTJOIN(",",TRUE,X40,Y40,Z40,AA40)
A41: 240204 | B41: Lv.40英雄项链-生存 | C41: 防御 | D41: 生命 | E41: 防御 | F41: 生命 | P41: 17 | Q41: 933 | R41: 0.65 | S41: 0.65 | AA41: =IF(N41="","",_xlfn.XLOOKUP(N41,Sheet6!$E:$E,Sheet6!$D:$D,"",0,1)) | AB41: =_xlfn.TEXTJOIN(",",TRUE,T41,U41,V41) | AC41: =_xlfn.TEXTJOIN(",",TRUE,X41,Y41,Z41,AA41)
A42: 150101 | B42: Lv.50英雄低速武器-物理坦克 | C42: 攻击 | E42: 攻击 | G42: 命中 | P42: 200 | R42: 0.65 | T42: =IF(G42="","",_xlfn.XLOOKUP(G42,Sheet6!$E:$E,Sheet6!$D:$D,"",0,1)) -> 8 | U42: =IF(H42="","",_xlfn.XLOOKUP(H42,Sheet6!$E:$E,Sheet6!$D:$D,"",0,1)) | V42: =IF(I42="","",_xlfn.XLOOKUP(I42,Sheet6!$E:$E,Sheet6!$D:$D,"",0,1)) | W42: =IF(J42="","",_xlfn.XLOOKUP(J42,Sheet6!$E:$E,Sheet6!$D:$D,"",0,1)) | X42: =IF(K42="","",_xlfn.XLOOKUP(K42,Sheet6!$E:$E,Sheet6!$D:$D,"",0,1)) | Y42: =IF(L42="","",_xlfn.XLOOKUP(L42,Sheet6!$E:$E,Sheet6!$D:$D,"",0,1)) | Z42: =IF(M42="","",_xlfn.XLOOKUP(M42,Sheet6!$E:$E,Sheet6!$D:$D,"",0,1)) | AA42: =IF(N42="","",_xlfn.XLOOKUP(N42,Sheet6!$E:$E,Sheet6!$D:$D,"",0,1)) | AB42: =_xlfn.TEXTJOIN(",",TRUE,T42,U42,V42) -> 8 | AC42: =_xlfn.TEXTJOIN(",",TRUE,X42,Y42,Z42,AA42)
A43: 150102 | B43: Lv.50英雄低速衣服-物理坦克 | C43: 防御 | D43: 生命 | E43: 防御 | F43: 生命 | G43: 韧性 | P43: 60 | Q43: 80 | R43: 0.65 | S43: 0.65 | T43: =IF(G43="","",_xlfn.XLOOKUP(G43,Sheet6!$E:$E,Sheet6!$D:$D,"",0,1)) -> 6 | U43: =IF(H43="","",_xlfn.XLOOKUP(H43,Sheet6!$E:$E,Sheet6!$D:$D,"",0,1)) | V43: =IF(I43="","",_xlfn.XLOOKUP(I43,Sheet6!$E:$E,Sheet6!$D:$D,"",0,1)) | W43: =IF(J43="","",_xlfn.XLOOKUP(J43,Sheet6!$E:$E,Sheet6!$D:$D,"",0,1)) | X43: =IF(K43="","",_xlfn.XLOOKUP(K43,Sheet6!$E:$E,Sheet6!$D:$D,"",0,1)) | Y43: =IF(L43="","",_xlfn.XLOOKUP(L43,Sheet6!$E:$E,Sheet6!$D:$D,"",0,1)) | Z43: =IF(M43="","",_xlfn.XLOOKUP(M43,Sheet6!$E:$E,Sheet6!$D:$D,"",0,1)) | AA43: =IF(N43="","",_xlfn.XLOOKUP(N43,Sheet6!$E:$E,Sheet6!$D:$D,"",0,1)) | AB43: =_xlfn.TEXTJOIN(",",TRUE,T43,U43,V43) -> 6 | AC43: =_xlfn.TEXTJOIN(",",TRUE,X43,Y43,Z43,AA43)
A44: 150103 | B44: Lv.50英雄低速戒指-物理坦克 | C44: 攻击 | D44: 防御 | E44: 攻击 | F44: 防御 | G44: 闪避 | P44: 100 | Q44: 30 | R44: 0.65 | S44: 0.65 | T44: =IF(G44="","",_xlfn.XLOOKUP(G44,Sheet6!$E:$E,Sheet6!$D:$D,"",0,1)) -> 7 | U44: =IF(H44="","",_xlfn.XLOOKUP(H44,Sheet6!$E:$E,Sheet6!$D:$D,"",0,1)) | V44: =IF(I44="","",_xlfn.XLOOKUP(I44,Sheet6!$E:$E,Sheet6!$D:$D,"",0,1)) | W44: =IF(J44="","",_xlfn.XLOOKUP(J44,Sheet6!$E:$E,Sheet6!$D:$D,"",0,1)) | X44: =IF(K44="","",_xlfn.XLOOKUP(K44,Sheet6!$E:$E,Sheet6!$D:$D,"",0,1)) | Y44: =IF(L44="","",_xlfn.XLOOKUP(L44,Sheet6!$E:$E,Sheet6!$D:$D,"",0,1)) | Z44: =IF(M44="","",_xlfn.XLOOKUP(M44,Sheet6!$E:$E,Sheet6!$D:$D,"",0,1)) | AA44: =IF(N44="","",_xlfn.XLOOKUP(N44,Sheet6!$E:$E,Sheet6!$D:$D,"",0,1)) | AB44: =_xlfn.TEXTJOIN(",",TRUE,T44,U44,V44) -> 7 | AC44: =_xlfn.TEXTJOIN(",",TRUE,X44,Y44,Z44,AA44)
A45: 150104 | B45: Lv.50英雄低速项链-物理坦克 | C45: 防御 | D45: 生命 | E45: 防御 | F45: 生命 | G45: 格挡 | P45: 30 | Q45: 1600 | R45: 0.65 | S45: 0.65 | T45: =IF(G45="","",_xlfn.XLOOKUP(G45,Sheet6!$E:$E,Sheet6!$D:$D,"",0,1)) -> 10 | U45: =IF(H45="","",_xlfn.XLOOKUP(H45,Sheet6!$E:$E,Sheet6!$D:$D,"",0,1)) | V45: =IF(I45="","",_xlfn.XLOOKUP(I45,Sheet6!$E:$E,Sheet6!$D:$D,"",0,1)) | W45: =IF(J45="","",_xlfn.XLOOKUP(J45,Sheet6!$E:$E,Sheet6!$D:$D,"",0,1)) | X45: =IF(K45="","",_xlfn.XLOOKUP(K45,Sheet6!$E:$E,Sheet6!$D:$D,"",0,1)) | Y45: =IF(L45="","",_xlfn.XLOOKUP(L45,Sheet6!$E:$E,Sheet6!$D:$D,"",0,1)) | Z45: =IF(M45="","",_xlfn.XLOOKUP(M45,Sheet6!$E:$E,Sheet6!$D:$D,"",0,1)) | AA45: =IF(N45="","",_xlfn.XLOOKUP(N45,Sheet6!$E:$E,Sheet6!$D:$D,"",0,1)) | AB45: =_xlfn.TEXTJOIN(",",TRUE,T45,U45,V45) -> 10 | AC45: =_xlfn.TEXTJOIN(",",TRUE,X45,Y45,Z45,AA45)
A46: 250101 | B46: Lv.50英雄高速武器-物理坦克 | C46: 攻击 | E46: 攻击 | G46: 命中 | P46: 200 | R46: 0.65 | T46: =IF(G46="","",_xlfn.XLOOKUP(G46,Sheet6!$E:$E,Sheet6!$D:$D,"",0,1)) -> 8 | U46: =IF(H46="","",_xlfn.XLOOKUP(H46,Sheet6!$E:$E,Sheet6!$D:$D,"",0,1)) | V46: =IF(I46="","",_xlfn.XLOOKUP(I46,Sheet6!$E:$E,Sheet6!$D:$D,"",0,1)) | W46: =IF(J46="","",_xlfn.XLOOKUP(J46,Sheet6!$E:$E,Sheet6!$D:$D,"",0,1)) | X46: =IF(K46="","",_xlfn.XLOOKUP(K46,Sheet6!$E:$E,Sheet6!$D:$D,"",0,1)) | Y46: =IF(L46="","",_xlfn.XLOOKUP(L46,Sheet6!$E:$E,Sheet6!$D:$D,"",0,1)) | Z46: =IF(M46="","",_xlfn.XLOOKUP(M46,Sheet6!$E:$E,Sheet6!$D:$D,"",0,1)) | AA46: =IF(N46="","",_xlfn.XLOOKUP(N46,Sheet6!$E:$E,Sheet6!$D:$D,"",0,1)) | AB46: =_xlfn.TEXTJOIN(",",TRUE,T46,U46,V46) -> 8 | AC46: =_xlfn.TEXTJOIN(",",TRUE,X46,Y46,Z46,AA46)
A47: 250102 | B47: Lv.50英雄高速衣服-物理坦克 | C47: 防御 | D47: 生命 | E47: 防御 | F47: 生命 | G47: 韧性 | P47: 60 | Q47: 80 | R47: 0.65 | S47: 0.65 | T47: =IF(G47="","",_xlfn.XLOOKUP(G47,Sheet6!$E:$E,Sheet6!$D:$D,"",0,1)) -> 6 | U47: =IF(H47="","",_xlfn.XLOOKUP(H47,Sheet6!$E:$E,Sheet6!$D:$D,"",0,1)) | V47: =IF(I47="","",_xlfn.XLOOKUP(I47,Sheet6!$E:$E,Sheet6!$D:$D,"",0,1)) | W47: =IF(J47="","",_xlfn.XLOOKUP(J47,Sheet6!$E:$E,Sheet6!$D:$D,"",0,1)) | X47: =IF(K47="","",_xlfn.XLOOKUP(K47,Sheet6!$E:$E,Sheet6!$D:$D,"",0,1)) | Y47: =IF(L47="","",_xlfn.XLOOKUP(L47,Sheet6!$E:$E,Sheet6!$D:$D,"",0,1)) | Z47: =IF(M47="","",_xlfn.XLOOKUP(M47,Sheet6!$E:$E,Sheet6!$D:$D,"",0,1)) | AA47: =IF(N47="","",_xlfn.XLOOKUP(N47,Sheet6!$E:$E,Sheet6!$D:$D,"",0,1)) | AB47: =_xlfn.TEXTJOIN(",",TRUE,T47,U47,V47) -> 6 | AC47: =_xlfn.TEXTJOIN(",",TRUE,X47,Y47,Z47,AA47)
A48: 250103 | B48: Lv.50英雄高速戒指-物理坦克 | C48: 攻击 | D48: 防御 | E48: 攻击 | F48: 防御 | G48: 闪避 | P48: 100 | Q48: 30 | R48: 0.65 | S48: 0.65 | T48: =IF(G48="","",_xlfn.XLOOKUP(G48,Sheet6!$E:$E,Sheet6!$D:$D,"",0,1)) -> 7 | U48: =IF(H48="","",_xlfn.XLOOKUP(H48,Sheet6!$E:$E,Sheet6!$D:$D,"",0,1)) | V48: =IF(I48="","",_xlfn.XLOOKUP(I48,Sheet6!$E:$E,Sheet6!$D:$D,"",0,1)) | W48: =IF(J48="","",_xlfn.XLOOKUP(J48,Sheet6!$E:$E,Sheet6!$D:$D,"",0,1)) | X48: =IF(K48="","",_xlfn.XLOOKUP(K48,Sheet6!$E:$E,Sheet6!$D:$D,"",0,1)) | Y48: =IF(L48="","",_xlfn.XLOOKUP(L48,Sheet6!$E:$E,Sheet6!$D:$D,"",0,1)) | Z48: =IF(M48="","",_xlfn.XLOOKUP(M48,Sheet6!$E:$E,Sheet6!$D:$D,"",0,1)) | AA48: =IF(N48="","",_xlfn.XLOOKUP(N48,Sheet6!$E:$E,Sheet6!$D:$D,"",0,1)) | AB48: =_xlfn.TEXTJOIN(",",TRUE,T48,U48,V48) -> 7 | AC48: =_xlfn.TEXTJOIN(",",TRUE,X48,Y48,Z48,AA48)
A49: 250104 | B49: Lv.50英雄高速项链-物理坦克 | C49: 防御 | D49: 生命 | E49: 防御 | F49: 生命 | G49: 格挡 | P49: 30 | Q49: 1600 | R49: 0.65 | S49: 0.65 | T49: =IF(G49="","",_xlfn.XLOOKUP(G49,Sheet6!$E:$E,Sheet6!$D:$D,"",0,1)) -> 10 | U49: =IF(H49="","",_xlfn.XLOOKUP(H49,Sheet6!$E:$E,Sheet6!$D:$D,"",0,1)) | V49: =IF(I49="","",_xlfn.XLOOKUP(I49,Sheet6!$E:$E,Sheet6!$D:$D,"",0,1)) | W49: =IF(J49="","",_xlfn.XLOOKUP(J49,Sheet6!$E:$E,Sheet6!$D:$D,"",0,1)) | X49: =IF(K49="","",_xlfn.XLOOKUP(K49,Sheet6!$E:$E,Sheet6!$D:$D,"",0,1)) | Y49: =IF(L49="","",_xlfn.XLOOKUP(L49,Sheet6!$E:$E,Sheet6!$D:$D,"",0,1)) | Z49: =IF(M49="","",_xlfn.XLOOKUP(M49,Sheet6!$E:$E,Sheet6!$D:$D,"",0,1)) | AA49: =IF(N49="","",_xlfn.XLOOKUP(N49,Sheet6!$E:$E,Sheet6!$D:$D,"",0,1)) | AB49: =_xlfn.TEXTJOIN(",",TRUE,T49,U49,V49) -> 10 | AC49: =_xlfn.TEXTJOIN(",",TRUE,X49,Y49,Z49,AA49)
A50: 150201 | B50: Lv.50英雄低速武器-元素坦克 | C50: 攻击 | E50: 攻击 | G50: 命中 | P50: 200 | R50: 0.65 | T50: =IF(G50="","",_xlfn.XLOOKUP(G50,Sheet6!$E:$E,Sheet6!$D:$D,"",0,1)) -> 8 | U50: =IF(H50="","",_xlfn.XLOOKUP(H50,Sheet6!$E:$E,Sheet6!$D:$D,"",0,1)) | V50: =IF(I50="","",_xlfn.XLOOKUP(I50,Sheet6!$E:$E,Sheet6!$D:$D,"",0,1)) | W50: =IF(J50="","",_xlfn.XLOOKUP(J50,Sheet6!$E:$E,Sheet6!$D:$D,"",0,1)) | X50: =IF(K50="","",_xlfn.XLOOKUP(K50,Sheet6!$E:$E,Sheet6!$D:$D,"",0,1)) | Y50: =IF(L50="","",_xlfn.XLOOKUP(L50,Sheet6!$E:$E,Sheet6!$D:$D,"",0,1)) | Z50: =IF(M50="","",_xlfn.XLOOKUP(M50,Sheet6!$E:$E,Sheet6!$D:$D,"",0,1)) | AA50: =IF(N50="","",_xlfn.XLOOKUP(N50,Sheet6!$E:$E,Sheet6!$D:$D,"",0,1)) | AB50: =_xlfn.TEXTJOIN(",",TRUE,T50,U50,V50) -> 8 | AC50: =_xlfn.TEXTJOIN(",",TRUE,X50,Y50,Z50,AA50)
A51: 150202 | B51: Lv.50英雄低速衣服-元素坦克 | C51: 防御 | D51: 生命 | E51: 防御 | F51: 生命 | G51: 韧性 | H51: 属抗 | P51: 60 | Q51: 80 | R51: 0.65 | S51: 0.65 | T51: =IF(G51="","",_xlfn.XLOOKUP(G51,Sheet6!$E:$E,Sheet6!$D:$D,"",0,1)) -> 6 | U51: =IF(H51="","",_xlfn.XLOOKUP(H51,Sheet6!$E:$E,Sheet6!$D:$D,"",0,1)) -> 35 | V51: =IF(I51="","",_xlfn.XLOOKUP(I51,Sheet6!$E:$E,Sheet6!$D:$D,"",0,1)) | W51: =IF(J51="","",_xlfn.XLOOKUP(J51,Sheet6!$E:$E,Sheet6!$D:$D,"",0,1)) | X51: =IF(K51="","",_xlfn.XLOOKUP(K51,Sheet6!$E:$E,Sheet6!$D:$D,"",0,1)) | Y51: =IF(L51="","",_xlfn.XLOOKUP(L51,Sheet6!$E:$E,Sheet6!$D:$D,"",0,1)) | Z51: =IF(M51="","",_xlfn.XLOOKUP(M51,Sheet6!$E:$E,Sheet6!$D:$D,"",0,1)) | AA51: =IF(N51="","",_xlfn.XLOOKUP(N51,Sheet6!$E:$E,Sheet6!$D:$D,"",0,1)) | AB51: =_xlfn.TEXTJOIN(",",TRUE,T51,U51,V51) -> 6,35 | AC51: =_xlfn.TEXTJOIN(",",TRUE,X51,Y51,Z51,AA51)
A52: 150203 | B52: Lv.50英雄低速戒指-元素坦克 | C52: 攻击 | D52: 防御 | E52: 攻击 | F52: 防御 | G52: 闪避 | P52: 100 | Q52: 30 | R52: 0.65 | S52: 0.65 | T52: =IF(G52="","",_xlfn.XLOOKUP(G52,Sheet6!$E:$E,Sheet6!$D:$D,"",0,1)) -> 7 | U52: =IF(H52="","",_xlfn.XLOOKUP(H52,Sheet6!$E:$E,Sheet6!$D:$D,"",0,1)) | V52: =IF(I52="","",_xlfn.XLOOKUP(I52,Sheet6!$E:$E,Sheet6!$D:$D,"",0,1)) | W52: =IF(J52="","",_xlfn.XLOOKUP(J52,Sheet6!$E:$E,Sheet6!$D:$D,"",0,1)) | X52: =IF(K52="","",_xlfn.XLOOKUP(K52,Sheet6!$E:$E,Sheet6!$D:$D,"",0,1)) | Y52: =IF(L52="","",_xlfn.XLOOKUP(L52,Sheet6!$E:$E,Sheet6!$D:$D,"",0,1)) | Z52: =IF(M52="","",_xlfn.XLOOKUP(M52,Sheet6!$E:$E,Sheet6!$D:$D,"",0,1)) | AA52: =IF(N52="","",_xlfn.XLOOKUP(N52,Sheet6!$E:$E,Sheet6!$D:$D,"",0,1)) | AB52: =_xlfn.TEXTJOIN(",",TRUE,T52,U52,V52) -> 7 | AC52: =_xlfn.TEXTJOIN(",",TRUE,X52,Y52,Z52,AA52)
A53: 150204 | B53: Lv.50英雄低速项链-元素坦克 | C53: 防御 | D53: 生命 | E53: 防御 | F53: 生命 | G53: 格挡 | H53: 属抗 | P53: 30 | Q53: 1600 | R53: 0.65 | S53: 0.65 | T53: =IF(G53="","",_xlfn.XLOOKUP(G53,Sheet6!$E:$E,Sheet6!$D:$D,"",0,1)) -> 10 | U53: =IF(H53="","",_xlfn.XLOOKUP(H53,Sheet6!$E:$E,Sheet6!$D:$D,"",0,1)) -> 35 | V53: =IF(I53="","",_xlfn.XLOOKUP(I53,Sheet6!$E:$E,Sheet6!$D:$D,"",0,1)) | W53: =IF(J53="","",_xlfn.XLOOKUP(J53,Sheet6!$E:$E,Sheet6!$D:$D,"",0,1)) | X53: =IF(K53="","",_xlfn.XLOOKUP(K53,Sheet6!$E:$E,Sheet6!$D:$D,"",0,1)) | Y53: =IF(L53="","",_xlfn.XLOOKUP(L53,Sheet6!$E:$E,Sheet6!$D:$D,"",0,1)) | Z53: =IF(M53="","",_xlfn.XLOOKUP(M53,Sheet6!$E:$E,Sheet6!$D:$D,"",0,1)) | AA53: =IF(N53="","",_xlfn.XLOOKUP(N53,Sheet6!$E:$E,Sheet6!$D:$D,"",0,1)) | AB53: =_xlfn.TEXTJOIN(",",TRUE,T53,U53,V53) -> 10,35 | AC53: =_xlfn.TEXTJOIN(",",TRUE,X53,Y53,Z53,AA53)
A54: 250201 | B54: Lv.50英雄高速武器-元素坦克 | C54: 攻击 | E54: 攻击 | G54: 命中 | P54: 200 | R54: 0.65 | T54: =IF(G54="","",_xlfn.XLOOKUP(G54,Sheet6!$E:$E,Sheet6!$D:$D,"",0,1)) -> 8 | U54: =IF(H54="","",_xlfn.XLOOKUP(H54,Sheet6!$E:$E,Sheet6!$D:$D,"",0,1)) | V54: =IF(I54="","",_xlfn.XLOOKUP(I54,Sheet6!$E:$E,Sheet6!$D:$D,"",0,1)) | W54: =IF(J54="","",_xlfn.XLOOKUP(J54,Sheet6!$E:$E,Sheet6!$D:$D,"",0,1)) | X54: =IF(K54="","",_xlfn.XLOOKUP(K54,Sheet6!$E:$E,Sheet6!$D:$D,"",0,1)) | Y54: =IF(L54="","",_xlfn.XLOOKUP(L54,Sheet6!$E:$E,Sheet6!$D:$D,"",0,1)) | Z54: =IF(M54="","",_xlfn.XLOOKUP(M54,Sheet6!$E:$E,Sheet6!$D:$D,"",0,1)) | AA54: =IF(N54="","",_xlfn.XLOOKUP(N54,Sheet6!$E:$E,Sheet6!$D:$D,"",0,1)) | AB54: =_xlfn.TEXTJOIN(",",TRUE,T54,U54,V54) -> 8 | AC54: =_xlfn.TEXTJOIN(",",TRUE,X54,Y54,Z54,AA54)
A55: 250202 | B55: Lv.50英雄高速衣服-元素坦克 | C55: 防御 | D55: 生命 | E55: 防御 | F55: 生命 | G55: 韧性 | H55: 属抗 | P55: 60 | Q55: 80 | R55: 0.65 | S55: 0.65 | T55: =IF(G55="","",_xlfn.XLOOKUP(G55,Sheet6!$E:$E,Sheet6!$D:$D,"",0,1)) -> 6 | U55: =IF(H55="","",_xlfn.XLOOKUP(H55,Sheet6!$E:$E,Sheet6!$D:$D,"",0,1)) -> 35 | V55: =IF(I55="","",_xlfn.XLOOKUP(I55,Sheet6!$E:$E,Sheet6!$D:$D,"",0,1)) | W55: =IF(J55="","",_xlfn.XLOOKUP(J55,Sheet6!$E:$E,Sheet6!$D:$D,"",0,1)) | X55: =IF(K55="","",_xlfn.XLOOKUP(K55,Sheet6!$E:$E,Sheet6!$D:$D,"",0,1)) | Y55: =IF(L55="","",_xlfn.XLOOKUP(L55,Sheet6!$E:$E,Sheet6!$D:$D,"",0,1)) | Z55: =IF(M55="","",_xlfn.XLOOKUP(M55,Sheet6!$E:$E,Sheet6!$D:$D,"",0,1)) | AA55: =IF(N55="","",_xlfn.XLOOKUP(N55,Sheet6!$E:$E,Sheet6!$D:$D,"",0,1)) | AB55: =_xlfn.TEXTJOIN(",",TRUE,T55,U55,V55) -> 6,35 | AC55: =_xlfn.TEXTJOIN(",",TRUE,X55,Y55,Z55,AA55)
A56: 250203 | B56: Lv.50英雄高速戒指-元素坦克 | C56: 攻击 | D56: 防御 | E56: 攻击 | F56: 防御 | G56: 闪避 | P56: 100 | Q56: 30 | R56: 0.65 | S56: 0.65 | T56: =IF(G56="","",_xlfn.XLOOKUP(G56,Sheet6!$E:$E,Sheet6!$D:$D,"",0,1)) -> 7 | U56: =IF(H56="","",_xlfn.XLOOKUP(H56,Sheet6!$E:$E,Sheet6!$D:$D,"",0,1)) | V56: =IF(I56="","",_xlfn.XLOOKUP(I56,Sheet6!$E:$E,Sheet6!$D:$D,"",0,1)) | W56: =IF(J56="","",_xlfn.XLOOKUP(J56,Sheet6!$E:$E,Sheet6!$D:$D,"",0,1)) | X56: =IF(K56="","",_xlfn.XLOOKUP(K56,Sheet6!$E:$E,Sheet6!$D:$D,"",0,1)) | Y56: =IF(L56="","",_xlfn.XLOOKUP(L56,Sheet6!$E:$E,Sheet6!$D:$D,"",0,1)) | Z56: =IF(M56="","",_xlfn.XLOOKUP(M56,Sheet6!$E:$E,Sheet6!$D:$D,"",0,1)) | AA56: =IF(N56="","",_xlfn.XLOOKUP(N56,Sheet6!$E:$E,Sheet6!$D:$D,"",0,1)) | AB56: =_xlfn.TEXTJOIN(",",TRUE,T56,U56,V56) -> 7 | AC56: =_xlfn.TEXTJOIN(",",TRUE,X56,Y56,Z56,AA56)
A57: 250204 | B57: Lv.50英雄高速项链-元素坦克 | C57: 防御 | D57: 生命 | E57: 防御 | F57: 生命 | G57: 格挡 | H57: 属抗 | P57: 30 | Q57: 1600 | R57: 0.65 | S57: 0.65 | T57: =IF(G57="","",_xlfn.XLOOKUP(G57,Sheet6!$E:$E,Sheet6!$D:$D,"",0,1)) -> 10 | U57: =IF(H57="","",_xlfn.XLOOKUP(H57,Sheet6!$E:$E,Sheet6!$D:$D,"",0,1)) -> 35 | V57: =IF(I57="","",_xlfn.XLOOKUP(I57,Sheet6!$E:$E,Sheet6!$D:$D,"",0,1)) | W57: =IF(J57="","",_xlfn.XLOOKUP(J57,Sheet6!$E:$E,Sheet6!$D:$D,"",0,1)) | X57: =IF(K57="","",_xlfn.XLOOKUP(K57,Sheet6!$E:$E,Sheet6!$D:$D,"",0,1)) | Y57: =IF(L57="","",_xlfn.XLOOKUP(L57,Sheet6!$E:$E,Sheet6!$D:$D,"",0,1)) | Z57: =IF(M57="","",_xlfn.XLOOKUP(M57,Sheet6!$E:$E,Sheet6!$D:$D,"",0,1)) | AA57: =IF(N57="","",_xlfn.XLOOKUP(N57,Sheet6!$E:$E,Sheet6!$D:$D,"",0,1)) | AB57: =_xlfn.TEXTJOIN(",",TRUE,T57,U57,V57) -> 10,35 | AC57: =_xlfn.TEXTJOIN(",",TRUE,X57,Y57,Z57,AA57)
A58: 150301 | B58: Lv.50英雄低速武器-元素战士 | C58: 攻击 | E58: 攻击 | G58: 命中 | H58: 属伤 | P58: 200 | R58: 0.65 | T58: =IF(G58="","",_xlfn.XLOOKUP(G58,Sheet6!$E:$E,Sheet6!$D:$D,"",0,1)) -> 8 | U58: =IF(H58="","",_xlfn.XLOOKUP(H58,Sheet6!$E:$E,Sheet6!$D:$D,"",0,1)) -> 26 | V58: =IF(I58="","",_xlfn.XLOOKUP(I58,Sheet6!$E:$E,Sheet6!$D:$D,"",0,1)) | W58: =IF(J58="","",_xlfn.XLOOKUP(J58,Sheet6!$E:$E,Sheet6!$D:$D,"",0,1)) | X58: =IF(K58="","",_xlfn.XLOOKUP(K58,Sheet6!$E:$E,Sheet6!$D:$D,"",0,1)) | Y58: =IF(L58="","",_xlfn.XLOOKUP(L58,Sheet6!$E:$E,Sheet6!$D:$D,"",0,1)) | Z58: =IF(M58="","",_xlfn.XLOOKUP(M58,Sheet6!$E:$E,Sheet6!$D:$D,"",0,1)) | AA58: =IF(N58="","",_xlfn.XLOOKUP(N58,Sheet6!$E:$E,Sheet6!$D:$D,"",0,1)) | AB58: =_xlfn.TEXTJOIN(",",TRUE,T58,U58,V58) -> 8,26 | AC58: =_xlfn.TEXTJOIN(",",TRUE,X58,Y58,Z58,AA58)
A59: 150302 | B59: Lv.50英雄低速衣服-元素战士 | C59: 防御 | D59: 生命 | E59: 防御 | F59: 生命 | G59: 韧性 | P59: 60 | Q59: 80 | R59: 0.65 | S59: 0.65 | T59: =IF(G59="","",_xlfn.XLOOKUP(G59,Sheet6!$E:$E,Sheet6!$D:$D,"",0,1)) -> 6 | U59: =IF(H59="","",_xlfn.XLOOKUP(H59,Sheet6!$E:$E,Sheet6!$D:$D,"",0,1)) | V59: =IF(I59="","",_xlfn.XLOOKUP(I59,Sheet6!$E:$E,Sheet6!$D:$D,"",0,1)) | W59: =IF(J59="","",_xlfn.XLOOKUP(J59,Sheet6!$E:$E,Sheet6!$D:$D,"",0,1)) | X59: =IF(K59="","",_xlfn.XLOOKUP(K59,Sheet6!$E:$E,Sheet6!$D:$D,"",0,1)) | Y59: =IF(L59="","",_xlfn.XLOOKUP(L59,Sheet6!$E:$E,Sheet6!$D:$D,"",0,1)) | Z59: =IF(M59="","",_xlfn.XLOOKUP(M59,Sheet6!$E:$E,Sheet6!$D:$D,"",0,1)) | AA59: =IF(N59="","",_xlfn.XLOOKUP(N59,Sheet6!$E:$E,Sheet6!$D:$D,"",0,1)) | AB59: =_xlfn.TEXTJOIN(",",TRUE,T59,U59,V59) -> 6 | AC59: =_xlfn.TEXTJOIN(",",TRUE,X59,Y59,Z59,AA59)
A60: 150303 | B60: Lv.50英雄低速戒指-元素战士 | C60: 攻击 | D60: 防御 | E60: 攻击 | F60: 防御 | G60: 破击 | P60: 100 | Q60: 30 | R60: 0.65 | S60: 0.65 | T60: =IF(G60="","",_xlfn.XLOOKUP(G60,Sheet6!$E:$E,Sheet6!$D:$D,"",0,1)) -> 11 | U60: =IF(H60="","",_xlfn.XLOOKUP(H60,Sheet6!$E:$E,Sheet6!$D:$D,"",0,1)) | V60: =IF(I60="","",_xlfn.XLOOKUP(I60,Sheet6!$E:$E,Sheet6!$D:$D,"",0,1)) | W60: =IF(J60="","",_xlfn.XLOOKUP(J60,Sheet6!$E:$E,Sheet6!$D:$D,"",0,1)) | X60: =IF(K60="","",_xlfn.XLOOKUP(K60,Sheet6!$E:$E,Sheet6!$D:$D,"",0,1)) | Y60: =IF(L60="","",_xlfn.XLOOKUP(L60,Sheet6!$E:$E,Sheet6!$D:$D,"",0,1)) | Z60: =IF(M60="","",_xlfn.XLOOKUP(M60,Sheet6!$E:$E,Sheet6!$D:$D,"",0,1)) | AA60: =IF(N60="","",_xlfn.XLOOKUP(N60,Sheet6!$E:$E,Sheet6!$D:$D,"",0,1)) | AB60: =_xlfn.TEXTJOIN(",",TRUE,T60,U60,V60) -> 11 | AC60: =_xlfn.TEXTJOIN(",",TRUE,X60,Y60,Z60,AA60)
A61: 150304 | B61: Lv.50英雄低速项链-元素战士 | C61: 防御 | D61: 生命 | E61: 防御 | F61: 生命 | G61: 暴击 | H61: 属伤 | P61: 30 | Q61: 1600 | R61: 0.65 | S61: 0.65 | T61: =IF(G61="","",_xlfn.XLOOKUP(G61,Sheet6!$E:$E,Sheet6!$D:$D,"",0,1)) -> 5 | U61: =IF(H61="","",_xlfn.XLOOKUP(H61,Sheet6!$E:$E,Sheet6!$D:$D,"",0,1)) -> 26 | V61: =IF(I61="","",_xlfn.XLOOKUP(I61,Sheet6!$E:$E,Sheet6!$D:$D,"",0,1)) | W61: =IF(J61="","",_xlfn.XLOOKUP(J61,Sheet6!$E:$E,Sheet6!$D:$D,"",0,1)) | X61: =IF(K61="","",_xlfn.XLOOKUP(K61,Sheet6!$E:$E,Sheet6!$D:$D,"",0,1)) | Y61: =IF(L61="","",_xlfn.XLOOKUP(L61,Sheet6!$E:$E,Sheet6!$D:$D,"",0,1)) | Z61: =IF(M61="","",_xlfn.XLOOKUP(M61,Sheet6!$E:$E,Sheet6!$D:$D,"",0,1)) | AA61: =IF(N61="","",_xlfn.XLOOKUP(N61,Sheet6!$E:$E,Sheet6!$D:$D,"",0,1)) | AB61: =_xlfn.TEXTJOIN(",",TRUE,T61,U61,V61) -> 5,26 | AC61: =_xlfn.TEXTJOIN(",",TRUE,X61,Y61,Z61,AA61)
A62: 250301 | B62: Lv.50英雄高速武器-元素战士 | C62: 攻击 | E62: 攻击 | G62: 命中 | H62: 属伤 | P62: 200 | R62: 0.65 | T62: =IF(G62="","",_xlfn.XLOOKUP(G62,Sheet6!$E:$E,Sheet6!$D:$D,"",0,1)) -> 8 | U62: =IF(H62="","",_xlfn.XLOOKUP(H62,Sheet6!$E:$E,Sheet6!$D:$D,"",0,1)) -> 26 | V62: =IF(I62="","",_xlfn.XLOOKUP(I62,Sheet6!$E:$E,Sheet6!$D:$D,"",0,1)) | W62: =IF(J62="","",_xlfn.XLOOKUP(J62,Sheet6!$E:$E,Sheet6!$D:$D,"",0,1)) | X62: =IF(K62="","",_xlfn.XLOOKUP(K62,Sheet6!$E:$E,Sheet6!$D:$D,"",0,1)) | Y62: =IF(L62="","",_xlfn.XLOOKUP(L62,Sheet6!$E:$E,Sheet6!$D:$D,"",0,1)) | Z62: =IF(M62="","",_xlfn.XLOOKUP(M62,Sheet6!$E:$E,Sheet6!$D:$D,"",0,1)) | AA62: =IF(N62="","",_xlfn.XLOOKUP(N62,Sheet6!$E:$E,Sheet6!$D:$D,"",0,1)) | AB62: =_xlfn.TEXTJOIN(",",TRUE,T62,U62,V62) -> 8,26 | AC62: =_xlfn.TEXTJOIN(",",TRUE,X62,Y62,Z62,AA62)
A63: 250302 | B63: Lv.50英雄高速衣服-元素战士 | C63: 防御 | D63: 生命 | E63: 防御 | F63: 生命 | G63: 韧性 | P63: 60 | Q63: 80 | R63: 0.65 | S63: 0.65 | T63: =IF(G63="","",_xlfn.XLOOKUP(G63,Sheet6!$E:$E,Sheet6!$D:$D,"",0,1)) -> 6 | U63: =IF(H63="","",_xlfn.XLOOKUP(H63,Sheet6!$E:$E,Sheet6!$D:$D,"",0,1)) | V63: =IF(I63="","",_xlfn.XLOOKUP(I63,Sheet6!$E:$E,Sheet6!$D:$D,"",0,1)) | W63: =IF(J63="","",_xlfn.XLOOKUP(J63,Sheet6!$E:$E,Sheet6!$D:$D,"",0,1)) | X63: =IF(K63="","",_xlfn.XLOOKUP(K63,Sheet6!$E:$E,Sheet6!$D:$D,"",0,1)) | Y63: =IF(L63="","",_xlfn.XLOOKUP(L63,Sheet6!$E:$E,Sheet6!$D:$D,"",0,1)) | Z63: =IF(M63="","",_xlfn.XLOOKUP(M63,Sheet6!$E:$E,Sheet6!$D:$D,"",0,1)) | AA63: =IF(N63="","",_xlfn.XLOOKUP(N63,Sheet6!$E:$E,Sheet6!$D:$D,"",0,1)) | AB63: =_xlfn.TEXTJOIN(",",TRUE,T63,U63,V63) -> 6 | AC63: =_xlfn.TEXTJOIN(",",TRUE,X63,Y63,Z63,AA63)
A64: 250303 | B64: Lv.50英雄高速戒指-元素战士 | C64: 攻击 | D64: 防御 | E64: 攻击 | F64: 防御 | G64: 破击 | P64: 100 | Q64: 30 | R64: 0.65 | S64: 0.65 | T64: =IF(G64="","",_xlfn.XLOOKUP(G64,Sheet6!$E:$E,Sheet6!$D:$D,"",0,1)) -> 11 | U64: =IF(H64="","",_xlfn.XLOOKUP(H64,Sheet6!$E:$E,Sheet6!$D:$D,"",0,1)) | V64: =IF(I64="","",_xlfn.XLOOKUP(I64,Sheet6!$E:$E,Sheet6!$D:$D,"",0,1)) | W64: =IF(J64="","",_xlfn.XLOOKUP(J64,Sheet6!$E:$E,Sheet6!$D:$D,"",0,1)) | X64: =IF(K64="","",_xlfn.XLOOKUP(K64,Sheet6!$E:$E,Sheet6!$D:$D,"",0,1)) | Y64: =IF(L64="","",_xlfn.XLOOKUP(L64,Sheet6!$E:$E,Sheet6!$D:$D,"",0,1)) | Z64: =IF(M64="","",_xlfn.XLOOKUP(M64,Sheet6!$E:$E,Sheet6!$D:$D,"",0,1)) | AA64: =IF(N64="","",_xlfn.XLOOKUP(N64,Sheet6!$E:$E,Sheet6!$D:$D,"",0,1)) | AB64: =_xlfn.TEXTJOIN(",",TRUE,T64,U64,V64) -> 11 | AC64: =_xlfn.TEXTJOIN(",",TRUE,X64,Y64,Z64,AA64)
A65: 250304 | B65: Lv.50英雄高速项链-元素战士 | C65: 防御 | D65: 生命 | E65: 防御 | F65: 生命 | G65: 暴击 | H65: 属伤 | P65: 30 | Q65: 1600 | R65: 0.65 | S65: 0.65 | T65: =IF(G65="","",_xlfn.XLOOKUP(G65,Sheet6!$E:$E,Sheet6!$D:$D,"",0,1)) -> 5 | U65: =IF(H65="","",_xlfn.XLOOKUP(H65,Sheet6!$E:$E,Sheet6!$D:$D,"",0,1)) -> 26 | V65: =IF(I65="","",_xlfn.XLOOKUP(I65,Sheet6!$E:$E,Sheet6!$D:$D,"",0,1)) | W65: =IF(J65="","",_xlfn.XLOOKUP(J65,Sheet6!$E:$E,Sheet6!$D:$D,"",0,1)) | X65: =IF(K65="","",_xlfn.XLOOKUP(K65,Sheet6!$E:$E,Sheet6!$D:$D,"",0,1)) | Y65: =IF(L65="","",_xlfn.XLOOKUP(L65,Sheet6!$E:$E,Sheet6!$D:$D,"",0,1)) | Z65: =IF(M65="","",_xlfn.XLOOKUP(M65,Sheet6!$E:$E,Sheet6!$D:$D,"",0,1)) | AA65: =IF(N65="","",_xlfn.XLOOKUP(N65,Sheet6!$E:$E,Sheet6!$D:$D,"",0,1)) | AB65: =_xlfn.TEXTJOIN(",",TRUE,T65,U65,V65) -> 5,26 | AC65: =_xlfn.TEXTJOIN(",",TRUE,X65,Y65,Z65,AA65)
A66: 150401 | B66: Lv.50英雄低速武器-物理战士 | C66: 攻击 | E66: 攻击 | G66: 命中 | P66: 200 | R66: 0.65 | T66: =IF(G66="","",_xlfn.XLOOKUP(G66,Sheet6!$E:$E,Sheet6!$D:$D,"",0,1)) -> 8 | U66: =IF(H66="","",_xlfn.XLOOKUP(H66,Sheet6!$E:$E,Sheet6!$D:$D,"",0,1)) | V66: =IF(I66="","",_xlfn.XLOOKUP(I66,Sheet6!$E:$E,Sheet6!$D:$D,"",0,1)) | W66: =IF(J66="","",_xlfn.XLOOKUP(J66,Sheet6!$E:$E,Sheet6!$D:$D,"",0,1)) | X66: =IF(K66="","",_xlfn.XLOOKUP(K66,Sheet6!$E:$E,Sheet6!$D:$D,"",0,1)) | Y66: =IF(L66="","",_xlfn.XLOOKUP(L66,Sheet6!$E:$E,Sheet6!$D:$D,"",0,1)) | Z66: =IF(M66="","",_xlfn.XLOOKUP(M66,Sheet6!$E:$E,Sheet6!$D:$D,"",0,1)) | AA66: =IF(N66="","",_xlfn.XLOOKUP(N66,Sheet6!$E:$E,Sheet6!$D:$D,"",0,1)) | AB66: =_xlfn.TEXTJOIN(",",TRUE,T66,U66,V66) -> 8 | AC66: =_xlfn.TEXTJOIN(",",TRUE,X66,Y66,Z66,AA66)
A67: 150402 | B67: Lv.50英雄低速衣服-物理战士 | C67: 防御 | D67: 生命 | E67: 防御 | F67: 生命 | G67: 韧性 | P67: 60 | Q67: 80 | R67: 0.65 | S67: 0.65 | T67: =IF(G67="","",_xlfn.XLOOKUP(G67,Sheet6!$E:$E,Sheet6!$D:$D,"",0,1)) -> 6 | U67: =IF(H67="","",_xlfn.XLOOKUP(H67,Sheet6!$E:$E,Sheet6!$D:$D,"",0,1)) | V67: =IF(I67="","",_xlfn.XLOOKUP(I67,Sheet6!$E:$E,Sheet6!$D:$D,"",0,1)) | W67: =IF(J67="","",_xlfn.XLOOKUP(J67,Sheet6!$E:$E,Sheet6!$D:$D,"",0,1)) | X67: =IF(K67="","",_xlfn.XLOOKUP(K67,Sheet6!$E:$E,Sheet6!$D:$D,"",0,1)) | Y67: =IF(L67="","",_xlfn.XLOOKUP(L67,Sheet6!$E:$E,Sheet6!$D:$D,"",0,1)) | Z67: =IF(M67="","",_xlfn.XLOOKUP(M67,Sheet6!$E:$E,Sheet6!$D:$D,"",0,1)) | AA67: =IF(N67="","",_xlfn.XLOOKUP(N67,Sheet6!$E:$E,Sheet6!$D:$D,"",0,1)) | AB67: =_xlfn.TEXTJOIN(",",TRUE,T67,U67,V67) -> 6 | AC67: =_xlfn.TEXTJOIN(",",TRUE,X67,Y67,Z67,AA67)
A68: 150403 | B68: Lv.50英雄低速戒指-物理战士 | C68: 攻击 | D68: 防御 | E68: 攻击 | F68: 防御 | G68: 破击 | P68: 100 | Q68: 30 | R68: 0.65 | S68: 0.65 | T68: =IF(G68="","",_xlfn.XLOOKUP(G68,Sheet6!$E:$E,Sheet6!$D:$D,"",0,1)) -> 11 | U68: =IF(H68="","",_xlfn.XLOOKUP(H68,Sheet6!$E:$E,Sheet6!$D:$D,"",0,1)) | V68: =IF(I68="","",_xlfn.XLOOKUP(I68,Sheet6!$E:$E,Sheet6!$D:$D,"",0,1)) | W68: =IF(J68="","",_xlfn.XLOOKUP(J68,Sheet6!$E:$E,Sheet6!$D:$D,"",0,1)) | X68: =IF(K68="","",_xlfn.XLOOKUP(K68,Sheet6!$E:$E,Sheet6!$D:$D,"",0,1)) | Y68: =IF(L68="","",_xlfn.XLOOKUP(L68,Sheet6!$E:$E,Sheet6!$D:$D,"",0,1)) | Z68: =IF(M68="","",_xlfn.XLOOKUP(M68,Sheet6!$E:$E,Sheet6!$D:$D,"",0,1)) | AA68: =IF(N68="","",_xlfn.XLOOKUP(N68,Sheet6!$E:$E,Sheet6!$D:$D,"",0,1)) | AB68: =_xlfn.TEXTJOIN(",",TRUE,T68,U68,V68) -> 11 | AC68: =_xlfn.TEXTJOIN(",",TRUE,X68,Y68,Z68,AA68)
A69: 150404 | B69: Lv.50英雄低速项链-物理战士 | C69: 防御 | D69: 生命 | E69: 防御 | F69: 生命 | G69: 暴击 | P69: 30 | Q69: 1600 | R69: 0.65 | S69: 0.65 | T69: =IF(G69="","",_xlfn.XLOOKUP(G69,Sheet6!$E:$E,Sheet6!$D:$D,"",0,1)) -> 5 | U69: =IF(H69="","",_xlfn.XLOOKUP(H69,Sheet6!$E:$E,Sheet6!$D:$D,"",0,1)) | V69: =IF(I69="","",_xlfn.XLOOKUP(I69,Sheet6!$E:$E,Sheet6!$D:$D,"",0,1)) | W69: =IF(J69="","",_xlfn.XLOOKUP(J69,Sheet6!$E:$E,Sheet6!$D:$D,"",0,1)) | X69: =IF(K69="","",_xlfn.XLOOKUP(K69,Sheet6!$E:$E,Sheet6!$D:$D,"",0,1)) | Y69: =IF(L69="","",_xlfn.XLOOKUP(L69,Sheet6!$E:$E,Sheet6!$D:$D,"",0,1)) | Z69: =IF(M69="","",_xlfn.XLOOKUP(M69,Sheet6!$E:$E,Sheet6!$D:$D,"",0,1)) | AA69: =IF(N69="","",_xlfn.XLOOKUP(N69,Sheet6!$E:$E,Sheet6!$D:$D,"",0,1)) | AB69: =_xlfn.TEXTJOIN(",",TRUE,T69,U69,V69) -> 5 | AC69: =_xlfn.TEXTJOIN(",",TRUE,X69,Y69,Z69,AA69)
A70: 250401 | B70: Lv.50英雄高速武器-物理战士 | C70: 攻击 | E70: 攻击 | G70: 命中 | P70: 200 | R70: 0.65 | T70: =IF(G70="","",_xlfn.XLOOKUP(G70,Sheet6!$E:$E,Sheet6!$D:$D,"",0,1)) -> 8 | U70: =IF(H70="","",_xlfn.XLOOKUP(H70,Sheet6!$E:$E,Sheet6!$D:$D,"",0,1)) | V70: =IF(I70="","",_xlfn.XLOOKUP(I70,Sheet6!$E:$E,Sheet6!$D:$D,"",0,1)) | W70: =IF(J70="","",_xlfn.XLOOKUP(J70,Sheet6!$E:$E,Sheet6!$D:$D,"",0,1)) | X70: =IF(K70="","",_xlfn.XLOOKUP(K70,Sheet6!$E:$E,Sheet6!$D:$D,"",0,1)) | Y70: =IF(L70="","",_xlfn.XLOOKUP(L70,Sheet6!$E:$E,Sheet6!$D:$D,"",0,1)) | Z70: =IF(M70="","",_xlfn.XLOOKUP(M70,Sheet6!$E:$E,Sheet6!$D:$D,"",0,1)) | AA70: =IF(N70="","",_xlfn.XLOOKUP(N70,Sheet6!$E:$E,Sheet6!$D:$D,"",0,1)) | AB70: =_xlfn.TEXTJOIN(",",TRUE,T70,U70,V70) -> 8 | AC70: =_xlfn.TEXTJOIN(",",TRUE,X70,Y70,Z70,AA70)
A71: 250402 | B71: Lv.50英雄高速衣服-物理战士 | C71: 防御 | D71: 生命 | E71: 防御 | F71: 生命 | G71: 韧性 | P71: 60 | Q71: 80 | R71: 0.65 | S71: 0.65 | T71: =IF(G71="","",_xlfn.XLOOKUP(G71,Sheet6!$E:$E,Sheet6!$D:$D,"",0,1)) -> 6 | U71: =IF(H71="","",_xlfn.XLOOKUP(H71,Sheet6!$E:$E,Sheet6!$D:$D,"",0,1)) | V71: =IF(I71="","",_xlfn.XLOOKUP(I71,Sheet6!$E:$E,Sheet6!$D:$D,"",0,1)) | W71: =IF(J71="","",_xlfn.XLOOKUP(J71,Sheet6!$E:$E,Sheet6!$D:$D,"",0,1)) | X71: =IF(K71="","",_xlfn.XLOOKUP(K71,Sheet6!$E:$E,Sheet6!$D:$D,"",0,1)) | Y71: =IF(L71="","",_xlfn.XLOOKUP(L71,Sheet6!$E:$E,Sheet6!$D:$D,"",0,1)) | Z71: =IF(M71="","",_xlfn.XLOOKUP(M71,Sheet6!$E:$E,Sheet6!$D:$D,"",0,1)) | AA71: =IF(N71="","",_xlfn.XLOOKUP(N71,Sheet6!$E:$E,Sheet6!$D:$D,"",0,1)) | AB71: =_xlfn.TEXTJOIN(",",TRUE,T71,U71,V71) -> 6 | AC71: =_xlfn.TEXTJOIN(",",TRUE,X71,Y71,Z71,AA71)
A72: 250403 | B72: Lv.50英雄高速戒指-物理战士 | C72: 攻击 | D72: 防御 | E72: 攻击 | F72: 防御 | G72: 破击 | P72: 100 | Q72: 30 | R72: 0.65 | S72: 0.65 | T72: =IF(G72="","",_xlfn.XLOOKUP(G72,Sheet6!$E:$E,Sheet6!$D:$D,"",0,1)) -> 11 | U72: =IF(H72="","",_xlfn.XLOOKUP(H72,Sheet6!$E:$E,Sheet6!$D:$D,"",0,1)) | V72: =IF(I72="","",_xlfn.XLOOKUP(I72,Sheet6!$E:$E,Sheet6!$D:$D,"",0,1)) | W72: =IF(J72="","",_xlfn.XLOOKUP(J72,Sheet6!$E:$E,Sheet6!$D:$D,"",0,1)) | X72: =IF(K72="","",_xlfn.XLOOKUP(K72,Sheet6!$E:$E,Sheet6!$D:$D,"",0,1)) | Y72: =IF(L72="","",_xlfn.XLOOKUP(L72,Sheet6!$E:$E,Sheet6!$D:$D,"",0,1)) | Z72: =IF(M72="","",_xlfn.XLOOKUP(M72,Sheet6!$E:$E,Sheet6!$D:$D,"",0,1)) | AA72: =IF(N72="","",_xlfn.XLOOKUP(N72,Sheet6!$E:$E,Sheet6!$D:$D,"",0,1)) | AB72: =_xlfn.TEXTJOIN(",",TRUE,T72,U72,V72) -> 11 | AC72: =_xlfn.TEXTJOIN(",",TRUE,X72,Y72,Z72,AA72)
A73: 250404 | B73: Lv.50英雄高速项链-物理战士 | C73: 防御 | D73: 生命 | E73: 防御 | F73: 生命 | G73: 暴击 | P73: 30 | Q73: 1600 | R73: 0.65 | S73: 0.65 | T73: =IF(G73="","",_xlfn.XLOOKUP(G73,Sheet6!$E:$E,Sheet6!$D:$D,"",0,1)) -> 5 | U73: =IF(H73="","",_xlfn.XLOOKUP(H73,Sheet6!$E:$E,Sheet6!$D:$D,"",0,1)) | V73: =IF(I73="","",_xlfn.XLOOKUP(I73,Sheet6!$E:$E,Sheet6!$D:$D,"",0,1)) | W73: =IF(J73="","",_xlfn.XLOOKUP(J73,Sheet6!$E:$E,Sheet6!$D:$D,"",0,1)) | X73: =IF(K73="","",_xlfn.XLOOKUP(K73,Sheet6!$E:$E,Sheet6!$D:$D,"",0,1)) | Y73: =IF(L73="","",_xlfn.XLOOKUP(L73,Sheet6!$E:$E,Sheet6!$D:$D,"",0,1)) | Z73: =IF(M73="","",_xlfn.XLOOKUP(M73,Sheet6!$E:$E,Sheet6!$D:$D,"",0,1)) | AA73: =IF(N73="","",_xlfn.XLOOKUP(N73,Sheet6!$E:$E,Sheet6!$D:$D,"",0,1)) | AB73: =_xlfn.TEXTJOIN(",",TRUE,T73,U73,V73) -> 5 | AC73: =_xlfn.TEXTJOIN(",",TRUE,X73,Y73,Z73,AA73)
A74: 150501 | B74: Lv.50英雄低速武器-元素刺客 | C74: 攻击 | E74: 攻击 | G74: 命中 | H74: 属伤 | P74: 200 | R74: 0.65 | T74: =IF(G74="","",_xlfn.XLOOKUP(G74,Sheet6!$E:$E,Sheet6!$D:$D,"",0,1)) -> 8 | U74: =IF(H74="","",_xlfn.XLOOKUP(H74,Sheet6!$E:$E,Sheet6!$D:$D,"",0,1)) -> 26 | V74: =IF(I74="","",_xlfn.XLOOKUP(I74,Sheet6!$E:$E,Sheet6!$D:$D,"",0,1)) | W74: =IF(J74="","",_xlfn.XLOOKUP(J74,Sheet6!$E:$E,Sheet6!$D:$D,"",0,1)) | X74: =IF(K74="","",_xlfn.XLOOKUP(K74,Sheet6!$E:$E,Sheet6!$D:$D,"",0,1)) | Y74: =IF(L74="","",_xlfn.XLOOKUP(L74,Sheet6!$E:$E,Sheet6!$D:$D,"",0,1)) | Z74: =IF(M74="","",_xlfn.XLOOKUP(M74,Sheet6!$E:$E,Sheet6!$D:$D,"",0,1)) | AA74: =IF(N74="","",_xlfn.XLOOKUP(N74,Sheet6!$E:$E,Sheet6!$D:$D,"",0,1)) | AB74: =_xlfn.TEXTJOIN(",",TRUE,T74,U74,V74) -> 8,26 | AC74: =_xlfn.TEXTJOIN(",",TRUE,X74,Y74,Z74,AA74)
A75: 150502 | B75: Lv.50英雄低速衣服-元素刺客 | C75: 防御 | D75: 生命 | E75: 防御 | F75: 生命 | G75: 破击 | P75: 60 | Q75: 80 | R75: 0.65 | S75: 0.65 | T75: =IF(G75="","",_xlfn.XLOOKUP(G75,Sheet6!$E:$E,Sheet6!$D:$D,"",0,1)) -> 11 | U75: =IF(H75="","",_xlfn.XLOOKUP(H75,Sheet6!$E:$E,Sheet6!$D:$D,"",0,1)) | V75: =IF(I75="","",_xlfn.XLOOKUP(I75,Sheet6!$E:$E,Sheet6!$D:$D,"",0,1)) | W75: =IF(J75="","",_xlfn.XLOOKUP(J75,Sheet6!$E:$E,Sheet6!$D:$D,"",0,1)) | X75: =IF(K75="","",_xlfn.XLOOKUP(K75,Sheet6!$E:$E,Sheet6!$D:$D,"",0,1)) | Y75: =IF(L75="","",_xlfn.XLOOKUP(L75,Sheet6!$E:$E,Sheet6!$D:$D,"",0,1)) | Z75: =IF(M75="","",_xlfn.XLOOKUP(M75,Sheet6!$E:$E,Sheet6!$D:$D,"",0,1)) | AA75: =IF(N75="","",_xlfn.XLOOKUP(N75,Sheet6!$E:$E,Sheet6!$D:$D,"",0,1)) | AB75: =_xlfn.TEXTJOIN(",",TRUE,T75,U75,V75) -> 11 | AC75: =_xlfn.TEXTJOIN(",",TRUE,X75,Y75,Z75,AA75)
A76: 150503 | B76: Lv.50英雄低速戒指-元素刺客 | C76: 攻击 | D76: 防御 | E76: 攻击 | F76: 防御 | G76: 暴击 | H76: 暴伤 | P76: 100 | Q76: 30 | R76: 0.65 | S76: 0.65 | T76: =IF(G76="","",_xlfn.XLOOKUP(G76,Sheet6!$E:$E,Sheet6!$D:$D,"",0,1)) -> 5 | U76: =IF(H76="","",_xlfn.XLOOKUP(H76,Sheet6!$E:$E,Sheet6!$D:$D,"",0,1)) -> 9 | V76: =IF(I76="","",_xlfn.XLOOKUP(I76,Sheet6!$E:$E,Sheet6!$D:$D,"",0,1)) | W76: =IF(J76="","",_xlfn.XLOOKUP(J76,Sheet6!$E:$E,Sheet6!$D:$D,"",0,1)) | X76: =IF(K76="","",_xlfn.XLOOKUP(K76,Sheet6!$E:$E,Sheet6!$D:$D,"",0,1)) | Y76: =IF(L76="","",_xlfn.XLOOKUP(L76,Sheet6!$E:$E,Sheet6!$D:$D,"",0,1)) | Z76: =IF(M76="","",_xlfn.XLOOKUP(M76,Sheet6!$E:$E,Sheet6!$D:$D,"",0,1)) | AA76: =IF(N76="","",_xlfn.XLOOKUP(N76,Sheet6!$E:$E,Sheet6!$D:$D,"",0,1)) | AB76: =_xlfn.TEXTJOIN(",",TRUE,T76,U76,V76) -> 5,9 | AC76: =_xlfn.TEXTJOIN(",",TRUE,X76,Y76,Z76,AA76)
A77: 150504 | B77: Lv.50英雄低速项链-元素刺客 | C77: 防御 | D77: 生命 | E77: 防御 | F77: 生命 | G77: 闪避 | P77: 30 | Q77: 1600 | R77: 0.65 | S77: 0.65 | T77: =IF(G77="","",_xlfn.XLOOKUP(G77,Sheet6!$E:$E,Sheet6!$D:$D,"",0,1)) -> 7 | U77: =IF(H77="","",_xlfn.XLOOKUP(H77,Sheet6!$E:$E,Sheet6!$D:$D,"",0,1)) | V77: =IF(I77="","",_xlfn.XLOOKUP(I77,Sheet6!$E:$E,Sheet6!$D:$D,"",0,1)) | W77: =IF(J77="","",_xlfn.XLOOKUP(J77,Sheet6!$E:$E,Sheet6!$D:$D,"",0,1)) | X77: =IF(K77="","",_xlfn.XLOOKUP(K77,Sheet6!$E:$E,Sheet6!$D:$D,"",0,1)) | Y77: =IF(L77="","",_xlfn.XLOOKUP(L77,Sheet6!$E:$E,Sheet6!$D:$D,"",0,1)) | Z77: =IF(M77="","",_xlfn.XLOOKUP(M77,Sheet6!$E:$E,Sheet6!$D:$D,"",0,1)) | AA77: =IF(N77="","",_xlfn.XLOOKUP(N77,Sheet6!$E:$E,Sheet6!$D:$D,"",0,1)) | AB77: =_xlfn.TEXTJOIN(",",TRUE,T77,U77,V77) -> 7 | AC77: =_xlfn.TEXTJOIN(",",TRUE,X77,Y77,Z77,AA77)
A78: 250501 | B78: Lv.50英雄高速武器-元素刺客 | C78: 攻击 | E78: 攻击 | G78: 命中 | H78: 属伤 | P78: 200 | R78: 0.65 | T78: =IF(G78="","",_xlfn.XLOOKUP(G78,Sheet6!$E:$E,Sheet6!$D:$D,"",0,1)) -> 8 | U78: =IF(H78="","",_xlfn.XLOOKUP(H78,Sheet6!$E:$E,Sheet6!$D:$D,"",0,1)) -> 26 | V78: =IF(I78="","",_xlfn.XLOOKUP(I78,Sheet6!$E:$E,Sheet6!$D:$D,"",0,1)) | W78: =IF(J78="","",_xlfn.XLOOKUP(J78,Sheet6!$E:$E,Sheet6!$D:$D,"",0,1)) | X78: =IF(K78="","",_xlfn.XLOOKUP(K78,Sheet6!$E:$E,Sheet6!$D:$D,"",0,1)) | Y78: =IF(L78="","",_xlfn.XLOOKUP(L78,Sheet6!$E:$E,Sheet6!$D:$D,"",0,1)) | Z78: =IF(M78="","",_xlfn.XLOOKUP(M78,Sheet6!$E:$E,Sheet6!$D:$D,"",0,1)) | AA78: =IF(N78="","",_xlfn.XLOOKUP(N78,Sheet6!$E:$E,Sheet6!$D:$D,"",0,1)) | AB78: =_xlfn.TEXTJOIN(",",TRUE,T78,U78,V78) -> 8,26 | AC78: =_xlfn.TEXTJOIN(",",TRUE,X78,Y78,Z78,AA78)
A79: 250502 | B79: Lv.50英雄高速衣服-元素刺客 | C79: 防御 | D79: 生命 | E79: 防御 | F79: 生命 | G79: 破击 | P79: 60 | Q79: 80 | R79: 0.65 | S79: 1213 | T79: =IF(G79="","",_xlfn.XLOOKUP(G79,Sheet6!$E:$E,Sheet6!$D:$D,"",0,1)) -> 11 | U79: =IF(H79="","",_xlfn.XLOOKUP(H79,Sheet6!$E:$E,Sheet6!$D:$D,"",0,1)) | V79: =IF(I79="","",_xlfn.XLOOKUP(I79,Sheet6!$E:$E,Sheet6!$D:$D,"",0,1)) | W79: =IF(J79="","",_xlfn.XLOOKUP(J79,Sheet6!$E:$E,Sheet6!$D:$D,"",0,1)) | X79: =IF(K79="","",_xlfn.XLOOKUP(K79,Sheet6!$E:$E,Sheet6!$D:$D,"",0,1)) | Y79: =IF(L79="","",_xlfn.XLOOKUP(L79,Sheet6!$E:$E,Sheet6!$D:$D,"",0,1)) | Z79: =IF(M79="","",_xlfn.XLOOKUP(M79,Sheet6!$E:$E,Sheet6!$D:$D,"",0,1)) | AA79: =IF(N79="","",_xlfn.XLOOKUP(N79,Sheet6!$E:$E,Sheet6!$D:$D,"",0,1)) | AB79: =_xlfn.TEXTJOIN(",",TRUE,T79,U79,V79) -> 11 | AC79: =_xlfn.TEXTJOIN(",",TRUE,X79,Y79,Z79,AA79)
A80: 250503 | B80: Lv.50英雄高速戒指-元素刺客 | C80: 攻击 | D80: 防御 | E80: 攻击 | F80: 防御 | G80: 暴击 | H80: 暴伤 | P80: 100 | Q80: 30 | R80: 0.65 | S80: 45 | T80: =IF(G80="","",_xlfn.XLOOKUP(G80,Sheet6!$E:$E,Sheet6!$D:$D,"",0,1)) -> 5 | U80: =IF(H80="","",_xlfn.XLOOKUP(H80,Sheet6!$E:$E,Sheet6!$D:$D,"",0,1)) -> 9 | V80: =IF(I80="","",_xlfn.XLOOKUP(I80,Sheet6!$E:$E,Sheet6!$D:$D,"",0,1)) | W80: =IF(J80="","",_xlfn.XLOOKUP(J80,Sheet6!$E:$E,Sheet6!$D:$D,"",0,1)) | X80: =IF(K80="","",_xlfn.XLOOKUP(K80,Sheet6!$E:$E,Sheet6!$D:$D,"",0,1)) | Y80: =IF(L80="","",_xlfn.XLOOKUP(L80,Sheet6!$E:$E,Sheet6!$D:$D,"",0,1)) | Z80: =IF(M80="","",_xlfn.XLOOKUP(M80,Sheet6!$E:$E,Sheet6!$D:$D,"",0,1)) | AA80: =IF(N80="","",_xlfn.XLOOKUP(N80,Sheet6!$E:$E,Sheet6!$D:$D,"",0,1)) | AB80: =_xlfn.TEXTJOIN(",",TRUE,T80,U80,V80) -> 5,9 | AC80: =_xlfn.TEXTJOIN(",",TRUE,X80,Y80,Z80,AA80)
A81: 250504 | B81: Lv.50英雄高速项链-元素刺客 | C81: 防御 | D81: 生命 | E81: 防御 | F81: 生命 | G81: 闪避 | P81: 30 | Q81: 1600 | R81: 0.65 | S81: 2426 | T81: =IF(G81="","",_xlfn.XLOOKUP(G81,Sheet6!$E:$E,Sheet6!$D:$D,"",0,1)) -> 7 | U81: =IF(H81="","",_xlfn.XLOOKUP(H81,Sheet6!$E:$E,Sheet6!$D:$D,"",0,1)) | V81: =IF(I81="","",_xlfn.XLOOKUP(I81,Sheet6!$E:$E,Sheet6!$D:$D,"",0,1)) | W81: =IF(J81="","",_xlfn.XLOOKUP(J81,Sheet6!$E:$E,Sheet6!$D:$D,"",0,1)) | X81: =IF(K81="","",_xlfn.XLOOKUP(K81,Sheet6!$E:$E,Sheet6!$D:$D,"",0,1)) | Y81: =IF(L81="","",_xlfn.XLOOKUP(L81,Sheet6!$E:$E,Sheet6!$D:$D,"",0,1)) | Z81: =IF(M81="","",_xlfn.XLOOKUP(M81,Sheet6!$E:$E,Sheet6!$D:$D,"",0,1)) | AA81: =IF(N81="","",_xlfn.XLOOKUP(N81,Sheet6!$E:$E,Sheet6!$D:$D,"",0,1)) | AB81: =_xlfn.TEXTJOIN(",",TRUE,T81,U81,V81) -> 7 | AC81: =_xlfn.TEXTJOIN(",",TRUE,X81,Y81,Z81,AA81)
A82: 150601 | B82: Lv.50英雄低速武器-敏暴刺客 | C82: 攻击 | E82: 攻击 | G82: 命中 | H82: 暴伤 | P82: 200 | R82: 0.65 | T82: =IF(G82="","",_xlfn.XLOOKUP(G82,Sheet6!$E:$E,Sheet6!$D:$D,"",0,1)) -> 8 | U82: =IF(H82="","",_xlfn.XLOOKUP(H82,Sheet6!$E:$E,Sheet6!$D:$D,"",0,1)) -> 9 | V82: =IF(I82="","",_xlfn.XLOOKUP(I82,Sheet6!$E:$E,Sheet6!$D:$D,"",0,1)) | W82: =IF(J82="","",_xlfn.XLOOKUP(J82,Sheet6!$E:$E,Sheet6!$D:$D,"",0,1)) | X82: =IF(K82="","",_xlfn.XLOOKUP(K82,Sheet6!$E:$E,Sheet6!$D:$D,"",0,1)) | Y82: =IF(L82="","",_xlfn.XLOOKUP(L82,Sheet6!$E:$E,Sheet6!$D:$D,"",0,1)) | Z82: =IF(M82="","",_xlfn.XLOOKUP(M82,Sheet6!$E:$E,Sheet6!$D:$D,"",0,1)) | AA82: =IF(N82="","",_xlfn.XLOOKUP(N82,Sheet6!$E:$E,Sheet6!$D:$D,"",0,1)) | AB82: =_xlfn.TEXTJOIN(",",TRUE,T82,U82,V82) -> 8,9 | AC82: =_xlfn.TEXTJOIN(",",TRUE,X82,Y82,Z82,AA82)
A83: 150602 | B83: Lv.50英雄低速衣服-敏暴刺客 | C83: 防御 | D83: 生命 | E83: 防御 | F83: 生命 | G83: 破击 | P83: 60 | Q83: 80 | R83: 0.65 | S83: 1213 | T83: =IF(G83="","",_xlfn.XLOOKUP(G83,Sheet6!$E:$E,Sheet6!$D:$D,"",0,1)) -> 11 | U83: =IF(H83="","",_xlfn.XLOOKUP(H83,Sheet6!$E:$E,Sheet6!$D:$D,"",0,1)) | V83: =IF(I83="","",_xlfn.XLOOKUP(I83,Sheet6!$E:$E,Sheet6!$D:$D,"",0,1)) | W83: =IF(J83="","",_xlfn.XLOOKUP(J83,Sheet6!$E:$E,Sheet6!$D:$D,"",0,1)) | X83: =IF(K83="","",_xlfn.XLOOKUP(K83,Sheet6!$E:$E,Sheet6!$D:$D,"",0,1)) | Y83: =IF(L83="","",_xlfn.XLOOKUP(L83,Sheet6!$E:$E,Sheet6!$D:$D,"",0,1)) | Z83: =IF(M83="","",_xlfn.XLOOKUP(M83,Sheet6!$E:$E,Sheet6!$D:$D,"",0,1)) | AA83: =IF(N83="","",_xlfn.XLOOKUP(N83,Sheet6!$E:$E,Sheet6!$D:$D,"",0,1)) | AB83: =_xlfn.TEXTJOIN(",",TRUE,T83,U83,V83) -> 11 | AC83: =_xlfn.TEXTJOIN(",",TRUE,X83,Y83,Z83,AA83)
A84: 150603 | B84: Lv.50英雄低速戒指-敏暴刺客 | C84: 攻击 | D84: 防御 | E84: 攻击 | F84: 防御 | G84: 暴击 | H84: 暴伤 | P84: 100 | Q84: 30 | R84: 0.65 | S84: 45 | T84: =IF(G84="","",_xlfn.XLOOKUP(G84,Sheet6!$E:$E,Sheet6!$D:$D,"",0,1)) -> 5 | U84: =IF(H84="","",_xlfn.XLOOKUP(H84,Sheet6!$E:$E,Sheet6!$D:$D,"",0,1)) -> 9 | V84: =IF(I84="","",_xlfn.XLOOKUP(I84,Sheet6!$E:$E,Sheet6!$D:$D,"",0,1)) | W84: =IF(J84="","",_xlfn.XLOOKUP(J84,Sheet6!$E:$E,Sheet6!$D:$D,"",0,1)) | X84: =IF(K84="","",_xlfn.XLOOKUP(K84,Sheet6!$E:$E,Sheet6!$D:$D,"",0,1)) | Y84: =IF(L84="","",_xlfn.XLOOKUP(L84,Sheet6!$E:$E,Sheet6!$D:$D,"",0,1)) | Z84: =IF(M84="","",_xlfn.XLOOKUP(M84,Sheet6!$E:$E,Sheet6!$D:$D,"",0,1)) | AA84: =IF(N84="","",_xlfn.XLOOKUP(N84,Sheet6!$E:$E,Sheet6!$D:$D,"",0,1)) | AB84: =_xlfn.TEXTJOIN(",",TRUE,T84,U84,V84) -> 5,9 | AC84: =_xlfn.TEXTJOIN(",",TRUE,X84,Y84,Z84,AA84)
A85: 150604 | B85: Lv.50英雄低速项链-敏暴刺客 | C85: 防御 | D85: 生命 | E85: 防御 | F85: 生命 | G85: 闪避 | P85: 30 | Q85: 1600 | R85: 0.65 | S85: 2426 | T85: =IF(G85="","",_xlfn.XLOOKUP(G85,Sheet6!$E:$E,Sheet6!$D:$D,"",0,1)) -> 7 | U85: =IF(H85="","",_xlfn.XLOOKUP(H85,Sheet6!$E:$E,Sheet6!$D:$D,"",0,1)) | V85: =IF(I85="","",_xlfn.XLOOKUP(I85,Sheet6!$E:$E,Sheet6!$D:$D,"",0,1)) | W85: =IF(J85="","",_xlfn.XLOOKUP(J85,Sheet6!$E:$E,Sheet6!$D:$D,"",0,1)) | X85: =IF(K85="","",_xlfn.XLOOKUP(K85,Sheet6!$E:$E,Sheet6!$D:$D,"",0,1)) | Y85: =IF(L85="","",_xlfn.XLOOKUP(L85,Sheet6!$E:$E,Sheet6!$D:$D,"",0,1)) | Z85: =IF(M85="","",_xlfn.XLOOKUP(M85,Sheet6!$E:$E,Sheet6!$D:$D,"",0,1)) | AA85: =IF(N85="","",_xlfn.XLOOKUP(N85,Sheet6!$E:$E,Sheet6!$D:$D,"",0,1)) | AB85: =_xlfn.TEXTJOIN(",",TRUE,T85,U85,V85) -> 7 | AC85: =_xlfn.TEXTJOIN(",",TRUE,X85,Y85,Z85,AA85)
A86: 250601 | B86: Lv.50英雄高速武器-敏暴刺客 | C86: 攻击 | E86: 攻击 | G86: 命中 | H86: 暴伤 | P86: 200 | R86: 0.65 | T86: =IF(G86="","",_xlfn.XLOOKUP(G86,Sheet6!$E:$E,Sheet6!$D:$D,"",0,1)) -> 8 | U86: =IF(H86="","",_xlfn.XLOOKUP(H86,Sheet6!$E:$E,Sheet6!$D:$D,"",0,1)) -> 9 | V86: =IF(I86="","",_xlfn.XLOOKUP(I86,Sheet6!$E:$E,Sheet6!$D:$D,"",0,1)) | W86: =IF(J86="","",_xlfn.XLOOKUP(J86,Sheet6!$E:$E,Sheet6!$D:$D,"",0,1)) | X86: =IF(K86="","",_xlfn.XLOOKUP(K86,Sheet6!$E:$E,Sheet6!$D:$D,"",0,1)) | Y86: =IF(L86="","",_xlfn.XLOOKUP(L86,Sheet6!$E:$E,Sheet6!$D:$D,"",0,1)) | Z86: =IF(M86="","",_xlfn.XLOOKUP(M86,Sheet6!$E:$E,Sheet6!$D:$D,"",0,1)) | AA86: =IF(N86="","",_xlfn.XLOOKUP(N86,Sheet6!$E:$E,Sheet6!$D:$D,"",0,1)) | AB86: =_xlfn.TEXTJOIN(",",TRUE,T86,U86,V86) -> 8,9 | AC86: =_xlfn.TEXTJOIN(",",TRUE,X86,Y86,Z86,AA86)
A87: 250602 | B87: Lv.50英雄高速衣服-敏暴刺客 | C87: 防御 | D87: 生命 | E87: 防御 | F87: 生命 | G87: 破击 | P87: 60 | Q87: 80 | R87: 0.65 | S87: 1213 | T87: =IF(G87="","",_xlfn.XLOOKUP(G87,Sheet6!$E:$E,Sheet6!$D:$D,"",0,1)) -> 11 | U87: =IF(H87="","",_xlfn.XLOOKUP(H87,Sheet6!$E:$E,Sheet6!$D:$D,"",0,1)) | V87: =IF(I87="","",_xlfn.XLOOKUP(I87,Sheet6!$E:$E,Sheet6!$D:$D,"",0,1)) | W87: =IF(J87="","",_xlfn.XLOOKUP(J87,Sheet6!$E:$E,Sheet6!$D:$D,"",0,1)) | X87: =IF(K87="","",_xlfn.XLOOKUP(K87,Sheet6!$E:$E,Sheet6!$D:$D,"",0,1)) | Y87: =IF(L87="","",_xlfn.XLOOKUP(L87,Sheet6!$E:$E,Sheet6!$D:$D,"",0,1)) | Z87: =IF(M87="","",_xlfn.XLOOKUP(M87,Sheet6!$E:$E,Sheet6!$D:$D,"",0,1)) | AA87: =IF(N87="","",_xlfn.XLOOKUP(N87,Sheet6!$E:$E,Sheet6!$D:$D,"",0,1)) | AB87: =_xlfn.TEXTJOIN(",",TRUE,T87,U87,V87) -> 11 | AC87: =_xlfn.TEXTJOIN(",",TRUE,X87,Y87,Z87,AA87)
A88: 250603 | B88: Lv.50英雄高速戒指-敏暴刺客 | C88: 攻击 | D88: 防御 | E88: 攻击 | F88: 防御 | G88: 暴击 | H88: 暴伤 | P88: 100 | Q88: 30 | R88: 0.65 | S88: 45 | T88: =IF(G88="","",_xlfn.XLOOKUP(G88,Sheet6!$E:$E,Sheet6!$D:$D,"",0,1)) -> 5 | U88: =IF(H88="","",_xlfn.XLOOKUP(H88,Sheet6!$E:$E,Sheet6!$D:$D,"",0,1)) -> 9 | V88: =IF(I88="","",_xlfn.XLOOKUP(I88,Sheet6!$E:$E,Sheet6!$D:$D,"",0,1)) | W88: =IF(J88="","",_xlfn.XLOOKUP(J88,Sheet6!$E:$E,Sheet6!$D:$D,"",0,1)) | X88: =IF(K88="","",_xlfn.XLOOKUP(K88,Sheet6!$E:$E,Sheet6!$D:$D,"",0,1)) | Y88: =IF(L88="","",_xlfn.XLOOKUP(L88,Sheet6!$E:$E,Sheet6!$D:$D,"",0,1)) | Z88: =IF(M88="","",_xlfn.XLOOKUP(M88,Sheet6!$E:$E,Sheet6!$D:$D,"",0,1)) | AA88: =IF(N88="","",_xlfn.XLOOKUP(N88,Sheet6!$E:$E,Sheet6!$D:$D,"",0,1)) | AB88: =_xlfn.TEXTJOIN(",",TRUE,T88,U88,V88) -> 5,9 | AC88: =_xlfn.TEXTJOIN(",",TRUE,X88,Y88,Z88,AA88)
A89: 250604 | B89: Lv.50英雄高速项链-敏暴刺客 | C89: 防御 | D89: 生命 | E89: 防御 | F89: 生命 | G89: 闪避 | P89: 30 | Q89: 1600 | R89: 0.65 | S89: 2426 | T89: =IF(G89="","",_xlfn.XLOOKUP(G89,Sheet6!$E:$E,Sheet6!$D:$D,"",0,1)) -> 7 | U89: =IF(H89="","",_xlfn.XLOOKUP(H89,Sheet6!$E:$E,Sheet6!$D:$D,"",0,1)) | V89: =IF(I89="","",_xlfn.XLOOKUP(I89,Sheet6!$E:$E,Sheet6!$D:$D,"",0,1)) | W89: =IF(J89="","",_xlfn.XLOOKUP(J89,Sheet6!$E:$E,Sheet6!$D:$D,"",0,1)) | X89: =IF(K89="","",_xlfn.XLOOKUP(K89,Sheet6!$E:$E,Sheet6!$D:$D,"",0,1)) | Y89: =IF(L89="","",_xlfn.XLOOKUP(L89,Sheet6!$E:$E,Sheet6!$D:$D,"",0,1)) | Z89: =IF(M89="","",_xlfn.XLOOKUP(M89,Sheet6!$E:$E,Sheet6!$D:$D,"",0,1)) | AA89: =IF(N89="","",_xlfn.XLOOKUP(N89,Sheet6!$E:$E,Sheet6!$D:$D,"",0,1)) | AB89: =_xlfn.TEXTJOIN(",",TRUE,T89,U89,V89) -> 7 | AC89: =_xlfn.TEXTJOIN(",",TRUE,X89,Y89,Z89,AA89)
A90: 150701 | B90: Lv.50英雄低速武器-闪避刺客 | C90: 攻击 | E90: 攻击 | G90: 暴击 | H90: 暴伤 | P90: 200 | R90: 0.65 | T90: =IF(G90="","",_xlfn.XLOOKUP(G90,Sheet6!$E:$E,Sheet6!$D:$D,"",0,1)) -> 5 | U90: =IF(H90="","",_xlfn.XLOOKUP(H90,Sheet6!$E:$E,Sheet6!$D:$D,"",0,1)) -> 9 | V90: =IF(I90="","",_xlfn.XLOOKUP(I90,Sheet6!$E:$E,Sheet6!$D:$D,"",0,1)) | W90: =IF(J90="","",_xlfn.XLOOKUP(J90,Sheet6!$E:$E,Sheet6!$D:$D,"",0,1)) | X90: =IF(K90="","",_xlfn.XLOOKUP(K90,Sheet6!$E:$E,Sheet6!$D:$D,"",0,1)) | Y90: =IF(L90="","",_xlfn.XLOOKUP(L90,Sheet6!$E:$E,Sheet6!$D:$D,"",0,1)) | Z90: =IF(M90="","",_xlfn.XLOOKUP(M90,Sheet6!$E:$E,Sheet6!$D:$D,"",0,1)) | AA90: =IF(N90="","",_xlfn.XLOOKUP(N90,Sheet6!$E:$E,Sheet6!$D:$D,"",0,1)) | AB90: =_xlfn.TEXTJOIN(",",TRUE,T90,U90,V90) -> 5,9 | AC90: =_xlfn.TEXTJOIN(",",TRUE,X90,Y90,Z90,AA90)
A91: 150702 | B91: Lv.50英雄低速衣服-闪避刺客 | C91: 防御 | D91: 生命 | E91: 防御 | F91: 生命 | G91: 破击 | P91: 60 | Q91: 80 | R91: 0.65 | S91: 1213 | T91: =IF(G91="","",_xlfn.XLOOKUP(G91,Sheet6!$E:$E,Sheet6!$D:$D,"",0,1)) -> 11 | U91: =IF(H91="","",_xlfn.XLOOKUP(H91,Sheet6!$E:$E,Sheet6!$D:$D,"",0,1)) | V91: =IF(I91="","",_xlfn.XLOOKUP(I91,Sheet6!$E:$E,Sheet6!$D:$D,"",0,1)) | W91: =IF(J91="","",_xlfn.XLOOKUP(J91,Sheet6!$E:$E,Sheet6!$D:$D,"",0,1)) | X91: =IF(K91="","",_xlfn.XLOOKUP(K91,Sheet6!$E:$E,Sheet6!$D:$D,"",0,1)) | Y91: =IF(L91="","",_xlfn.XLOOKUP(L91,Sheet6!$E:$E,Sheet6!$D:$D,"",0,1)) | Z91: =IF(M91="","",_xlfn.XLOOKUP(M91,Sheet6!$E:$E,Sheet6!$D:$D,"",0,1)) | AA91: =IF(N91="","",_xlfn.XLOOKUP(N91,Sheet6!$E:$E,Sheet6!$D:$D,"",0,1)) | AB91: =_xlfn.TEXTJOIN(",",TRUE,T91,U91,V91) -> 11 | AC91: =_xlfn.TEXTJOIN(",",TRUE,X91,Y91,Z91,AA91)
A92: 150703 | B92: Lv.50英雄低速戒指-闪避刺客 | C92: 攻击 | D92: 防御 | E92: 攻击 | F92: 防御 | G92: 韧性 | H92: 暴伤 | P92: 100 | Q92: 30 | R92: 0.65 | S92: 45 | T92: =IF(G92="","",_xlfn.XLOOKUP(G92,Sheet6!$E:$E,Sheet6!$D:$D,"",0,1)) -> 6 | U92: =IF(H92="","",_xlfn.XLOOKUP(H92,Sheet6!$E:$E,Sheet6!$D:$D,"",0,1)) -> 9 | V92: =IF(I92="","",_xlfn.XLOOKUP(I92,Sheet6!$E:$E,Sheet6!$D:$D,"",0,1)) | W92: =IF(J92="","",_xlfn.XLOOKUP(J92,Sheet6!$E:$E,Sheet6!$D:$D,"",0,1)) | X92: =IF(K92="","",_xlfn.XLOOKUP(K92,Sheet6!$E:$E,Sheet6!$D:$D,"",0,1)) | Y92: =IF(L92="","",_xlfn.XLOOKUP(L92,Sheet6!$E:$E,Sheet6!$D:$D,"",0,1)) | Z92: =IF(M92="","",_xlfn.XLOOKUP(M92,Sheet6!$E:$E,Sheet6!$D:$D,"",0,1)) | AA92: =IF(N92="","",_xlfn.XLOOKUP(N92,Sheet6!$E:$E,Sheet6!$D:$D,"",0,1)) | AB92: =_xlfn.TEXTJOIN(",",TRUE,T92,U92,V92) -> 6,9 | AC92: =_xlfn.TEXTJOIN(",",TRUE,X92,Y92,Z92,AA92)
A93: 150704 | B93: Lv.50英雄低速项链-闪避刺客 | C93: 防御 | D93: 生命 | E93: 防御 | F93: 生命 | G93: 闪避 | P93: 30 | Q93: 1600 | R93: 0.65 | S93: 2426 | T93: =IF(G93="","",_xlfn.XLOOKUP(G93,Sheet6!$E:$E,Sheet6!$D:$D,"",0,1)) -> 7 | U93: =IF(H93="","",_xlfn.XLOOKUP(H93,Sheet6!$E:$E,Sheet6!$D:$D,"",0,1)) | V93: =IF(I93="","",_xlfn.XLOOKUP(I93,Sheet6!$E:$E,Sheet6!$D:$D,"",0,1)) | W93: =IF(J93="","",_xlfn.XLOOKUP(J93,Sheet6!$E:$E,Sheet6!$D:$D,"",0,1)) | X93: =IF(K93="","",_xlfn.XLOOKUP(K93,Sheet6!$E:$E,Sheet6!$D:$D,"",0,1)) | Y93: =IF(L93="","",_xlfn.XLOOKUP(L93,Sheet6!$E:$E,Sheet6!$D:$D,"",0,1)) | Z93: =IF(M93="","",_xlfn.XLOOKUP(M93,Sheet6!$E:$E,Sheet6!$D:$D,"",0,1)) | AA93: =IF(N93="","",_xlfn.XLOOKUP(N93,Sheet6!$E:$E,Sheet6!$D:$D,"",0,1)) | AB93: =_xlfn.TEXTJOIN(",",TRUE,T93,U93,V93) -> 7 | AC93: =_xlfn.TEXTJOIN(",",TRUE,X93,Y93,Z93,AA93)
A94: 250701 | B94: Lv.50英雄高速武器-闪避刺客 | C94: 攻击 | E94: 攻击 | G94: 暴击 | H94: 暴伤 | P94: 200 | R94: 0.65 | T94: =IF(G94="","",_xlfn.XLOOKUP(G94,Sheet6!$E:$E,Sheet6!$D:$D,"",0,1)) -> 5 | U94: =IF(H94="","",_xlfn.XLOOKUP(H94,Sheet6!$E:$E,Sheet6!$D:$D,"",0,1)) -> 9 | V94: =IF(I94="","",_xlfn.XLOOKUP(I94,Sheet6!$E:$E,Sheet6!$D:$D,"",0,1)) | W94: =IF(J94="","",_xlfn.XLOOKUP(J94,Sheet6!$E:$E,Sheet6!$D:$D,"",0,1)) | X94: =IF(K94="","",_xlfn.XLOOKUP(K94,Sheet6!$E:$E,Sheet6!$D:$D,"",0,1)) | Y94: =IF(L94="","",_xlfn.XLOOKUP(L94,Sheet6!$E:$E,Sheet6!$D:$D,"",0,1)) | Z94: =IF(M94="","",_xlfn.XLOOKUP(M94,Sheet6!$E:$E,Sheet6!$D:$D,"",0,1)) | AA94: =IF(N94="","",_xlfn.XLOOKUP(N94,Sheet6!$E:$E,Sheet6!$D:$D,"",0,1)) | AB94: =_xlfn.TEXTJOIN(",",TRUE,T94,U94,V94) -> 5,9 | AC94: =_xlfn.TEXTJOIN(",",TRUE,X94,Y94,Z94,AA94)
A95: 250702 | B95: Lv.50英雄高速衣服-闪避刺客 | C95: 防御 | D95: 生命 | E95: 防御 | F95: 生命 | G95: 破击 | P95: 60 | Q95: 80 | R95: 0.65 | S95: 1213 | T95: =IF(G95="","",_xlfn.XLOOKUP(G95,Sheet6!$E:$E,Sheet6!$D:$D,"",0,1)) -> 11 | U95: =IF(H95="","",_xlfn.XLOOKUP(H95,Sheet6!$E:$E,Sheet6!$D:$D,"",0,1)) | V95: =IF(I95="","",_xlfn.XLOOKUP(I95,Sheet6!$E:$E,Sheet6!$D:$D,"",0,1)) | W95: =IF(J95="","",_xlfn.XLOOKUP(J95,Sheet6!$E:$E,Sheet6!$D:$D,"",0,1)) | X95: =IF(K95="","",_xlfn.XLOOKUP(K95,Sheet6!$E:$E,Sheet6!$D:$D,"",0,1)) | Y95: =IF(L95="","",_xlfn.XLOOKUP(L95,Sheet6!$E:$E,Sheet6!$D:$D,"",0,1)) | Z95: =IF(M95="","",_xlfn.XLOOKUP(M95,Sheet6!$E:$E,Sheet6!$D:$D,"",0,1)) | AA95: =IF(N95="","",_xlfn.XLOOKUP(N95,Sheet6!$E:$E,Sheet6!$D:$D,"",0,1)) | AB95: =_xlfn.TEXTJOIN(",",TRUE,T95,U95,V95) -> 11 | AC95: =_xlfn.TEXTJOIN(",",TRUE,X95,Y95,Z95,AA95)
A96: 250703 | B96: Lv.50英雄高速戒指-闪避刺客 | C96: 攻击 | D96: 防御 | E96: 攻击 | F96: 防御 | G96: 韧性 | H96: 暴伤 | P96: 100 | Q96: 30 | R96: 0.65 | S96: 45 | T96: =IF(G96="","",_xlfn.XLOOKUP(G96,Sheet6!$E:$E,Sheet6!$D:$D,"",0,1)) -> 6 | U96: =IF(H96="","",_xlfn.XLOOKUP(H96,Sheet6!$E:$E,Sheet6!$D:$D,"",0,1)) -> 9 | V96: =IF(I96="","",_xlfn.XLOOKUP(I96,Sheet6!$E:$E,Sheet6!$D:$D,"",0,1)) | W96: =IF(J96="","",_xlfn.XLOOKUP(J96,Sheet6!$E:$E,Sheet6!$D:$D,"",0,1)) | X96: =IF(K96="","",_xlfn.XLOOKUP(K96,Sheet6!$E:$E,Sheet6!$D:$D,"",0,1)) | Y96: =IF(L96="","",_xlfn.XLOOKUP(L96,Sheet6!$E:$E,Sheet6!$D:$D,"",0,1)) | Z96: =IF(M96="","",_xlfn.XLOOKUP(M96,Sheet6!$E:$E,Sheet6!$D:$D,"",0,1)) | AA96: =IF(N96="","",_xlfn.XLOOKUP(N96,Sheet6!$E:$E,Sheet6!$D:$D,"",0,1)) | AB96: =_xlfn.TEXTJOIN(",",TRUE,T96,U96,V96) -> 6,9 | AC96: =_xlfn.TEXTJOIN(",",TRUE,X96,Y96,Z96,AA96)
A97: 250704 | B97: Lv.50英雄高速项链-闪避刺客 | C97: 防御 | D97: 生命 | E97: 防御 | F97: 生命 | G97: 闪避 | P97: 30 | Q97: 1600 | R97: 0.65 | S97: 2426 | T97: =IF(G97="","",_xlfn.XLOOKUP(G97,Sheet6!$E:$E,Sheet6!$D:$D,"",0,1)) -> 7 | U97: =IF(H97="","",_xlfn.XLOOKUP(H97,Sheet6!$E:$E,Sheet6!$D:$D,"",0,1)) | V97: =IF(I97="","",_xlfn.XLOOKUP(I97,Sheet6!$E:$E,Sheet6!$D:$D,"",0,1)) | W97: =IF(J97="","",_xlfn.XLOOKUP(J97,Sheet6!$E:$E,Sheet6!$D:$D,"",0,1)) | X97: =IF(K97="","",_xlfn.XLOOKUP(K97,Sheet6!$E:$E,Sheet6!$D:$D,"",0,1)) | Y97: =IF(L97="","",_xlfn.XLOOKUP(L97,Sheet6!$E:$E,Sheet6!$D:$D,"",0,1)) | Z97: =IF(M97="","",_xlfn.XLOOKUP(M97,Sheet6!$E:$E,Sheet6!$D:$D,"",0,1)) | AA97: =IF(N97="","",_xlfn.XLOOKUP(N97,Sheet6!$E:$E,Sheet6!$D:$D,"",0,1)) | AB97: =_xlfn.TEXTJOIN(",",TRUE,T97,U97,V97) -> 7 | AC97: =_xlfn.TEXTJOIN(",",TRUE,X97,Y97,Z97,AA97)
A98: 150801 | B98: Lv.50英雄低速武器-元素辅助 | C98: 攻击 | E98: 攻击 | G98: 暴击 | H98: 暴伤 | P98: 200 | R98: 0.65 | T98: =IF(G98="","",_xlfn.XLOOKUP(G98,Sheet6!$E:$E,Sheet6!$D:$D,"",0,1)) -> 5 | U98: =IF(H98="","",_xlfn.XLOOKUP(H98,Sheet6!$E:$E,Sheet6!$D:$D,"",0,1)) -> 9 | V98: =IF(I98="","",_xlfn.XLOOKUP(I98,Sheet6!$E:$E,Sheet6!$D:$D,"",0,1)) | W98: =IF(J98="","",_xlfn.XLOOKUP(J98,Sheet6!$E:$E,Sheet6!$D:$D,"",0,1)) | X98: =IF(K98="","",_xlfn.XLOOKUP(K98,Sheet6!$E:$E,Sheet6!$D:$D,"",0,1)) | Y98: =IF(L98="","",_xlfn.XLOOKUP(L98,Sheet6!$E:$E,Sheet6!$D:$D,"",0,1)) | Z98: =IF(M98="","",_xlfn.XLOOKUP(M98,Sheet6!$E:$E,Sheet6!$D:$D,"",0,1)) | AA98: =IF(N98="","",_xlfn.XLOOKUP(N98,Sheet6!$E:$E,Sheet6!$D:$D,"",0,1)) | AB98: =_xlfn.TEXTJOIN(",",TRUE,T98,U98,V98) -> 5,9 | AC98: =_xlfn.TEXTJOIN(",",TRUE,X98,Y98,Z98,AA98)
A99: 150802 | B99: Lv.50英雄低速衣服-元素辅助 | C99: 防御 | D99: 生命 | E99: 防御 | F99: 生命 | G99: 命中 | H99: 格挡 | I99: 属伤 | P99: 60 | Q99: 80 | R99: 0.65 | S99: 1213 | T99: =IF(G99="","",_xlfn.XLOOKUP(G99,Sheet6!$E:$E,Sheet6!$D:$D,"",0,1)) -> 8 | U99: =IF(H99="","",_xlfn.XLOOKUP(H99,Sheet6!$E:$E,Sheet6!$D:$D,"",0,1)) -> 10 | V99: =IF(I99="","",_xlfn.XLOOKUP(I99,Sheet6!$E:$E,Sheet6!$D:$D,"",0,1)) -> 26 | W99: =IF(J99="","",_xlfn.XLOOKUP(J99,Sheet6!$E:$E,Sheet6!$D:$D,"",0,1)) | X99: =IF(K99="","",_xlfn.XLOOKUP(K99,Sheet6!$E:$E,Sheet6!$D:$D,"",0,1)) | Y99: =IF(L99="","",_xlfn.XLOOKUP(L99,Sheet6!$E:$E,Sheet6!$D:$D,"",0,1)) | Z99: =IF(M99="","",_xlfn.XLOOKUP(M99,Sheet6!$E:$E,Sheet6!$D:$D,"",0,1)) | AA99: =IF(N99="","",_xlfn.XLOOKUP(N99,Sheet6!$E:$E,Sheet6!$D:$D,"",0,1)) | AB99: =_xlfn.TEXTJOIN(",",TRUE,T99,U99,V99) -> 8,10,26 | AC99: =_xlfn.TEXTJOIN(",",TRUE,X99,Y99,Z99,AA99)
A100: 150803 | B100: Lv.50英雄低速戒指-元素辅助 | C100: 攻击 | D100: 防御 | E100: 攻击 | F100: 防御 | G100: 韧性 | H100: 暴伤 | P100: 100 | Q100: 30 | R100: 0.65 | S100: 45 | T100: =IF(G100="","",_xlfn.XLOOKUP(G100,Sheet6!$E:$E,Sheet6!$D:$D,"",0,1)) -> 6 | U100: =IF(H100="","",_xlfn.XLOOKUP(H100,Sheet6!$E:$E,Sheet6!$D:$D,"",0,1)) -> 9 | V100: =IF(I100="","",_xlfn.XLOOKUP(I100,Sheet6!$E:$E,Sheet6!$D:$D,"",0,1)) | W100: =IF(J100="","",_xlfn.XLOOKUP(J100,Sheet6!$E:$E,Sheet6!$D:$D,"",0,1)) | X100: =IF(K100="","",_xlfn.XLOOKUP(K100,Sheet6!$E:$E,Sheet6!$D:$D,"",0,1)) | Y100: =IF(L100="","",_xlfn.XLOOKUP(L100,Sheet6!$E:$E,Sheet6!$D:$D,"",0,1)) | Z100: =IF(M100="","",_xlfn.XLOOKUP(M100,Sheet6!$E:$E,Sheet6!$D:$D,"",0,1)) | AA100: =IF(N100="","",_xlfn.XLOOKUP(N100,Sheet6!$E:$E,Sheet6!$D:$D,"",0,1)) | AB100: =_xlfn.TEXTJOIN(",",TRUE,T100,U100,V100) -> 6,9 | AC100: =_xlfn.TEXTJOIN(",",TRUE,X100,Y100,Z100,AA100)
...

Sheet Sheet6
D5: 1 | E5: 攻击
D6: 2 | E6: 生命
D7: 3 | E7: 防御
D8: 4 | E8: 速度
D9: 5 | E9: 暴击
D10: 6 | E10: 韧性
D11: 7 | E11: 闪避
D12: 8 | E12: 命中
D13: 9 | E13: 暴伤
D14: 10 | E14: 格挡
D15: 11 | E15: 破击
D30: 26 | E30: 属伤
D39: 35 | E39: 属抗

Sheet Sheet7
C1: 103 | D1: 150101 | E1: 8 | J1: 0.0967 | P1: 100 | Q1: Lv.50英雄低速武器-物理坦克 | U1: =IF(J1="","",IF(J1=23,"",ROUND(J1*4/6,4))) -> 0.0645 | V1: =IF(K1="","",IF(K1=23,"",ROUND(K1*4/6,4))) | W1: =IF(L1="","",IF(L1=23,"",ROUND(L1*4/6,4))) | Y1: =IF(E1="","",IF(E1=35,INT(U1*3385),IF(E1=26,INT(U1*3385),U1))) -> 0.0645 | Z1: =IF(F1="","",IF(F1=35,INT(V1*3385),IF(F1=26,INT(V1*3385),V1))) | AA1: =IF(G1="","",IF(G1=35,INT(W1*3385),IF(G1=26,INT(W1*3385),W1))) | AB1: =IF(H1="","",IF(H1=35,X1*3385,IF(H1=26,X1*3385,X1))) | AE1: =IF(M1="","",IF(M1=23,"",ROUND(M1*4/6,4))) | AF1: =_xlfn.TEXTJOIN(",",TRUE,Y1,Z1,AA1,AB1) -> 0.0645
C2: 203 | D2: 150102 | E2: 6 | J2: 0.1693 | P2: 100 | Q2: Lv.50英雄低速衣服-物理坦克 | U2: =IF(J2="","",IF(J2=23,"",ROUND(J2*4/6,4))) -> 0.1129 | V2: =IF(K2="","",IF(K2=23,"",ROUND(K2*4/6,4))) | W2: =IF(L2="","",IF(L2=23,"",ROUND(L2*4/6,4))) | Y2: =IF(E2="","",IF(E2=35,INT(U2*3385),IF(E2=26,INT(U2*3385),U2))) -> 0.1129 | Z2: =IF(F2="","",IF(F2=35,INT(V2*3385),IF(F2=26,INT(V2*3385),V2))) | AA2: =IF(G2="","",IF(G2=35,INT(W2*3385),IF(G2=26,INT(W2*3385),W2))) | AB2: =IF(H2="","",IF(H2=35,X2*3385,IF(H2=26,X2*3385,X2))) | AE2: =IF(M2="","",IF(M2=23,"",ROUND(M2*4/6,4))) | AF2: =_xlfn.TEXTJOIN(",",TRUE,Y2,Z2,AA2,AB2) -> 0.1129
C3: 303 | D3: 150103 | E3: 7 | J3: 0.0967 | P3: 100 | Q3: Lv.50英雄低速戒指-物理坦克 | U3: =IF(J3="","",IF(J3=23,"",ROUND(J3*4/6,4))) -> 0.0645 | V3: =IF(K3="","",IF(K3=23,"",ROUND(K3*4/6,4))) | W3: =IF(L3="","",IF(L3=23,"",ROUND(L3*4/6,4))) | Y3: =IF(E3="","",IF(E3=35,INT(U3*3385),IF(E3=26,INT(U3*3385),U3))) -> 0.0645 | Z3: =IF(F3="","",IF(F3=35,INT(V3*3385),IF(F3=26,INT(V3*3385),V3))) | AA3: =IF(G3="","",IF(G3=35,INT(W3*3385),IF(G3=26,INT(W3*3385),W3))) | AB3: =IF(H3="","",IF(H3=35,X3*3385,IF(H3=26,X3*3385,X3))) | AE3: =IF(M3="","",IF(M3=23,"",ROUND(M3*4/6,4))) | AF3: =_xlfn.TEXTJOIN(",",TRUE,Y3,Z3,AA3,AB3) -> 0.0645
C4: 403 | D4: 150104 | E4: 10 | J4: 0.1838 | P4: 100 | Q4: Lv.50英雄低速项链-物理坦克 | U4: =IF(J4="","",IF(J4=23,"",ROUND(J4*4/6,4))) -> 0.1225 | V4: =IF(K4="","",IF(K4=23,"",ROUND(K4*4/6,4))) | W4: =IF(L4="","",IF(L4=23,"",ROUND(L4*4/6,4))) | Y4: =IF(E4="","",IF(E4=35,INT(U4*3385),IF(E4=26,INT(U4*3385),U4))) -> 0.1225 | Z4: =IF(F4="","",IF(F4=35,INT(V4*3385),IF(F4=26,INT(V4*3385),V4))) | AA4: =IF(G4="","",IF(G4=35,INT(W4*3385),IF(G4=26,INT(W4*3385),W4))) | AB4: =IF(H4="","",IF(H4=35,X4*3385,IF(H4=26,X4*3385,X4))) | AE4: =IF(M4="","",IF(M4=23,"",ROUND(M4*4/6,4))) | AF4: =_xlfn.TEXTJOIN(",",TRUE,Y4,Z4,AA4,AB4) -> 0.1225
C5: 103 | D5: 150201 | E5: 8 | J5: 0.0967 | P5: 100 | Q5: Lv.50英雄低速武器-元素坦克 | U5: =IF(J5="","",IF(J5=23,"",ROUND(J5*4/6,4))) -> 0.0645 | V5: =IF(K5="","",IF(K5=23,"",ROUND(K5*4/6,4))) | W5: =IF(L5="","",IF(L5=23,"",ROUND(L5*4/6,4))) | Y5: =IF(E5="","",IF(E5=35,INT(U5*3385),IF(E5=26,INT(U5*3385),U5))) -> 0.0645 | Z5: =IF(F5="","",IF(F5=35,INT(V5*3385),IF(F5=26,INT(V5*3385),V5))) | AA5: =IF(G5="","",IF(G5=35,INT(W5*3385),IF(G5=26,INT(W5*3385),W5))) | AB5: =IF(H5="","",IF(H5=35,X5*3385,IF(H5=26,X5*3385,X5))) | AE5: =IF(M5="","",IF(M5=23,"",ROUND(M5*4/6,4))) | AF5: =_xlfn.TEXTJOIN(",",TRUE,Y5,Z5,AA5,AB5) -> 0.0645
C6: 203 | D6: 150202 | E6: 6 | F6: 35 | J6: 0.0846 | K6: 0.1451 | P6: 100 | Q6: Lv.50英雄低速衣服-元素坦克 | U6: =IF(J6="","",IF(J6=23,"",ROUND(J6*4/6,4))) -> 0.0564 | V6: =IF(K6="","",IF(K6=23,"",ROUND(K6*4/6,4))) -> 0.0967 | W6: =IF(L6="","",IF(L6=23,"",ROUND(L6*4/6,4))) | Y6: =IF(E6="","",IF(E6=35,INT(U6*3385),IF(E6=26,INT(U6*3385),U6))) -> 0.0564 | Z6: =IF(F6="","",IF(F6=35,INT(V6*3385),IF(F6=26,INT(V6*3385),V6))) -> 327 | AA6: =IF(G6="","",IF(G6=35,INT(W6*3385),IF(G6=26,INT(W6*3385),W6))) | AB6: =IF(H6="","",IF(H6=35,X6*3385,IF(H6=26,X6*3385,X6))) | AE6: =IF(M6="","",IF(M6=23,"",ROUND(M6*4/6,4))) | AF6: =_xlfn.TEXTJOIN(",",TRUE,Y6,Z6,AA6,AB6) -> 0.0564,327
C7: 303 | D7: 150203 | E7: 7 | J7: 0.0967 | P7: 100 | Q7: Lv.50英雄低速戒指-元素坦克 | U7: =IF(J7="","",IF(J7=23,"",ROUND(J7*4/6,4))) -> 0.0645 | V7: =IF(K7="","",IF(K7=23,"",ROUND(K7*4/6,4))) | W7: =IF(L7="","",IF(L7=23,"",ROUND(L7*4/6,4))) | Y7: =IF(E7="","",IF(E7=35,INT(U7*3385),IF(E7=26,INT(U7*3385),U7))) -> 0.0645 | Z7: =IF(F7="","",IF(F7=35,INT(V7*3385),IF(F7=26,INT(V7*3385),V7))) | AA7: =IF(G7="","",IF(G7=35,INT(W7*3385),IF(G7=26,INT(W7*3385),W7))) | AB7: =IF(H7="","",IF(H7=35,X7*3385,IF(H7=26,X7*3385,X7))) | AE7: =IF(M7="","",IF(M7=23,"",ROUND(M7*4/6,4))) | AF7: =_xlfn.TEXTJOIN(",",TRUE,Y7,Z7,AA7,AB7) -> 0.0645
C8: 403 | D8: 150204 | E8: 10 | F8: 35 | J8: 0.0919 | K8: 0.1451 | P8: 100 | Q8: Lv.50英雄低速项链-元素坦克 | U8: =IF(J8="","",IF(J8=23,"",ROUND(J8*4/6,4))) -> 0.0613 | V8: =IF(K8="","",IF(K8=23,"",ROUND(K8*4/6,4))) -> 0.0967 | W8: =IF(L8="","",IF(L8=23,"",ROUND(L8*4/6,4))) | Y8: =IF(E8="","",IF(E8=35,INT(U8*3385),IF(E8=26,INT(U8*3385),U8))) -> 0.0613 | Z8: =IF(F8="","",IF(F8=35,INT(V8*3385),IF(F8=26,INT(V8*3385),V8))) -> 327 | AA8: =IF(G8="","",IF(G8=35,INT(W8*3385),IF(G8=26,INT(W8*3385),W8))) | AB8: =IF(H8="","",IF(H8=35,X8*3385,IF(H8=26,X8*3385,X8))) | AE8: =IF(M8="","",IF(M8=23,"",ROUND(M8*4/6,4))) | AF8: =_xlfn.TEXTJOIN(",",TRUE,Y8,Z8,AA8,AB8) -> 0.0613,327
C9: 103 | D9: 150301 | E9: 8 | F9: 26 | J9: 0.1354 | K9: 0.1451 | P9: 100 | Q9: Lv.50英雄低速武器-元素战士 | U9: =IF(J9="","",IF(J9=23,"",ROUND(J9*4/6,4))) -> 0.0903 | V9: =IF(K9="","",IF(K9=23,"",ROUND(K9*4/6,4))) -> 0.0967 | W9: =IF(L9="","",IF(L9=23,"",ROUND(L9*4/6,4))) | Y9: =IF(E9="","",IF(E9=35,INT(U9*3385),IF(E9=26,INT(U9*3385),U9))) -> 0.0903 | Z9: =IF(F9="","",IF(F9=35,INT(V9*3385),IF(F9=26,INT(V9*3385),V9))) -> 327 | AA9: =IF(G9="","",IF(G9=35,INT(W9*3385),IF(G9=26,INT(W9*3385),W9))) | AB9: =IF(H9="","",IF(H9=35,X9*3385,IF(H9=26,X9*3385,X9))) | AE9: =IF(M9="","",IF(M9=23,"",ROUND(M9*4/6,4))) | AF9: =_xlfn.TEXTJOIN(",",TRUE,Y9,Z9,AA9,AB9) -> 0.0903,327
C10: 203 | D10: 150302 | E10: 6 | J10: 0.0846 | P10: 100 | Q10: Lv.50英雄低速衣服-元素战士 | U10: =IF(J10="","",IF(J10=23,"",ROUND(J10*4/6,4))) -> 0.0564 | V10: =IF(K10="","",IF(K10=23,"",ROUND(K10*4/6,4))) | W10: =IF(L10="","",IF(L10=23,"",ROUND(L10*4/6,4))) | Y10: =IF(E10="","",IF(E10=35,INT(U10*3385),IF(E10=26,INT(U10*3385),U10))) -> 0.0564 | Z10: =IF(F10="","",IF(F10=35,INT(V10*3385),IF(F10=26,INT(V10*3385),V10))) | AA10: =IF(G10="","",IF(G10=35,INT(W10*3385),IF(G10=26,INT(W10*3385),W10))) | AB10: =IF(H10="","",IF(H10=35,X10*3385,IF(H10=26,X10*3385,X10))) | AE10: =IF(M10="","",IF(M10=23,"",ROUND(M10*4/6,4))) | AF10: =_xlfn.TEXTJOIN(",",TRUE,Y10,Z10,AA10,AB10) -> 0.0564
C11: 303 | D11: 150303 | E11: 11 | J11: 0.0551 | P11: 100 | Q11: Lv.50英雄低速戒指-元素战士 | U11: =IF(J11="","",IF(J11=23,"",ROUND(J11*4/6,4))) -> 0.0367 | V11: =IF(K11="","",IF(K11=23,"",ROUND(K11*4/6,4))) | W11: =IF(L11="","",IF(L11=23,"",ROUND(L11*4/6,4))) | Y11: =IF(E11="","",IF(E11=35,INT(U11*3385),IF(E11=26,INT(U11*3385),U11))) -> 0.0367 | Z11: =IF(F11="","",IF(F11=35,INT(V11*3385),IF(F11=26,INT(V11*3385),V11))) | AA11: =IF(G11="","",IF(G11=35,INT(W11*3385),IF(G11=26,INT(W11*3385),W11))) | AB11: =IF(H11="","",IF(H11=35,X11*3385,IF(H11=26,X11*3385,X11))) | AE11: =IF(M11="","",IF(M11=23,"",ROUND(M11*4/6,4))) | AF11: =_xlfn.TEXTJOIN(",",TRUE,Y11,Z11,AA11,AB11) -> 0.0367
C12: 403 | D12: 150304 | E12: 5 | F12: 26 | J12: 0.0846 | K12: 0.1451 | P12: 100 | Q12: Lv.50英雄低速项链-元素战士 | U12: =IF(J12="","",IF(J12=23,"",ROUND(J12*4/6,4))) -> 0.0564 | V12: =IF(K12="","",IF(K12=23,"",ROUND(K12*4/6,4))) -> 0.0967 | W12: =IF(L12="","",IF(L12=23,"",ROUND(L12*4/6,4))) | Y12: =IF(E12="","",IF(E12=35,INT(U12*3385),IF(E12=26,INT(U12*3385),U12))) -> 0.0564 | Z12: =IF(F12="","",IF(F12=35,INT(V12*3385),IF(F12=26,INT(V12*3385),V12))) -> 327 | AA12: =IF(G12="","",IF(G12=35,INT(W12*3385),IF(G12=26,INT(W12*3385),W12))) | AB12: =IF(H12="","",IF(H12=35,X12*3385,IF(H12=26,X12*3385,X12))) | AE12: =IF(M12="","",IF(M12=23,"",ROUND(M12*4/6,4))) | AF12: =_xlfn.TEXTJOIN(",",TRUE,Y12,Z12,AA12,AB12) -> 0.0564,327
C13: 103 | D13: 150401 | E13: 8 | J13: 0.1934 | P13: 100 | Q13: Lv.50英雄低速武器-物理战士 | U13: =IF(J13="","",IF(J13=23,"",ROUND(J13*4/6,4))) -> 0.1289 | V13: =IF(K13="","",IF(K13=23,"",ROUND(K13*4/6,4))) | W13: =IF(L13="","",IF(L13=23,"",ROUND(L13*4/6,4))) | Y13: =IF(E13="","",IF(E13=35,INT(U13*3385),IF(E13=26,INT(U13*3385),U13))) -> 0.1289 | Z13: =IF(F13="","",IF(F13=35,INT(V13*3385),IF(F13=26,INT(V13*3385),V13))) | AA13: =IF(G13="","",IF(G13=35,INT(W13*3385),IF(G13=26,INT(W13*3385),W13))) | AB13: =IF(H13="","",IF(H13=35,X13*3385,IF(H13=26,X13*3385,X13))) | AE13: =IF(M13="","",IF(M13=23,"",ROUND(M13*4/6,4))) | AF13: =_xlfn.TEXTJOIN(",",TRUE,Y13,Z13,AA13,AB13) -> 0.1289
C14: 203 | D14: 150402 | E14: 6 | J14: 0.0846 | P14: 100 | Q14: Lv.50英雄低速衣服-物理战士 | U14: =IF(J14="","",IF(J14=23,"",ROUND(J14*4/6,4))) -> 0.0564 | V14: =IF(K14="","",IF(K14=23,"",ROUND(K14*4/6,4))) | W14: =IF(L14="","",IF(L14=23,"",ROUND(L14*4/6,4))) | Y14: =IF(E14="","",IF(E14=35,INT(U14*3385),IF(E14=26,INT(U14*3385),U14))) -> 0.0564 | Z14: =IF(F14="","",IF(F14=35,INT(V14*3385),IF(F14=26,INT(V14*3385),V14))) | AA14: =IF(G14="","",IF(G14=35,INT(W14*3385),IF(G14=26,INT(W14*3385),W14))) | AB14: =IF(H14="","",IF(H14=35,X14*3385,IF(H14=26,X14*3385,X14))) | AE14: =IF(M14="","",IF(M14=23,"",ROUND(M14*4/6,4))) | AF14: =_xlfn.TEXTJOIN(",",TRUE,Y14,Z14,AA14,AB14) -> 0.0564
C15: 303 | D15: 150403 | E15: 11 | J15: 0.1838 | P15: 100 | Q15: Lv.50英雄低速戒指-物理战士 | U15: =IF(J15="","",IF(J15=23,"",ROUND(J15*4/6,4))) -> 0.1225 | V15: =IF(K15="","",IF(K15=23,"",ROUND(K15*4/6,4))) | W15: =IF(L15="","",IF(L15=23,"",ROUND(L15*4/6,4))) | Y15: =IF(E15="","",IF(E15=35,INT(U15*3385),IF(E15=26,INT(U15*3385),U15))) -> 0.1225 | Z15: =IF(F15="","",IF(F15=35,INT(V15*3385),IF(F15=26,INT(V15*3385),V15))) | AA15: =IF(G15="","",IF(G15=35,INT(W15*3385),IF(G15=26,INT(W15*3385),W15))) | AB15: =IF(H15="","",IF(H15=35,X15*3385,IF(H15=26,X15*3385,X15))) | AE15: =IF(M15="","",IF(M15=23,"",ROUND(M15*4/6,4))) | AF15: =_xlfn.TEXTJOIN(",",TRUE,Y15,Z15,AA15,AB15) -> 0.1225
C16: 403 | D16: 150404 | E16: 5 | J16: 0.0846 | P16: 100 | Q16: Lv.50英雄低速项链-物理战士 | U16: =IF(J16="","",IF(J16=23,"",ROUND(J16*4/6,4))) -> 0.0564 | V16: =IF(K16="","",IF(K16=23,"",ROUND(K16*4/6,4))) | W16: =IF(L16="","",IF(L16=23,"",ROUND(L16*4/6,4))) | Y16: =IF(E16="","",IF(E16=35,INT(U16*3385),IF(E16=26,INT(U16*3385),U16))) -> 0.0564 | Z16: =IF(F16="","",IF(F16=35,INT(V16*3385),IF(F16=26,INT(V16*3385),V16))) | AA16: =IF(G16="","",IF(G16=35,INT(W16*3385),IF(G16=26,INT(W16*3385),W16))) | AB16: =IF(H16="","",IF(H16=35,X16*3385,IF(H16=26,X16*3385,X16))) | AE16: =IF(M16="","",IF(M16=23,"",ROUND(M16*4/6,4))) | AF16: =_xlfn.TEXTJOIN(",",TRUE,Y16,Z16,AA16,AB16) -> 0.0564
C17: 103 | D17: 150501 | E17: 8 | F17: 26 | J17: 0.0967 | K17: 0.2901 | P17: 100 | Q17: Lv.50英雄低速武器-元素刺客 | U17: =IF(J17="","",IF(J17=23,"",ROUND(J17*4/6,4))) -> 0.0645 | V17: =IF(K17="","",IF(K17=23,"",ROUND(K17*4/6,4))) -> 0.1934 | W17: =IF(L17="","",IF(L17=23,"",ROUND(L17*4/6,4))) | Y17: =IF(E17="","",IF(E17=35,INT(U17*3385),IF(E17=26,INT(U17*3385),U17))) -> 0.0645 | Z17: =IF(F17="","",IF(F17=35,INT(V17*3385),IF(F17=26,INT(V17*3385),V17))) -> 654 | AA17: =IF(G17="","",IF(G17=35,INT(W17*3385),IF(G17=26,INT(W17*3385),W17))) | AB17: =IF(H17="","",IF(H17=35,X17*3385,IF(H17=26,X17*3385,X17))) | AE17: =IF(M17="","",IF(M17=23,"",ROUND(M17*4/6,4))) | AF17: =_xlfn.TEXTJOIN(",",TRUE,Y17,Z17,AA17,AB17) -> 0.0645,654
C18: 203 | D18: 150502 | E18: 11 | J18: 0.0551 | P18: 100 | Q18: Lv.50英雄低速衣服-元素刺客 | U18: =IF(J18="","",IF(J18=23,"",ROUND(J18*4/6,4))) -> 0.0367 | V18: =IF(K18="","",IF(K18=23,"",ROUND(K18*4/6,4))) | W18: =IF(L18="","",IF(L18=23,"",ROUND(L18*4/6,4))) | Y18: =IF(E18="","",IF(E18=35,INT(U18*3385),IF(E18=26,INT(U18*3385),U18))) -> 0.0367 | Z18: =IF(F18="","",IF(F18=35,INT(V18*3385),IF(F18=26,INT(V18*3385),V18))) | AA18: =IF(G18="","",IF(G18=35,INT(W18*3385),IF(G18=26,INT(W18*3385),W18))) | AB18: =IF(H18="","",IF(H18=35,X18*3385,IF(H18=26,X18*3385,X18))) | AE18: =IF(M18="","",IF(M18=23,"",ROUND(M18*4/6,4))) | AF18: =_xlfn.TEXTJOIN(",",TRUE,Y18,Z18,AA18,AB18) -> 0.0367
C19: 303 | D19: 150503 | E19: 5 | F19: 9 | J19: 0.0846 | K19: 0.266 | P19: 100 | Q19: Lv.50英雄低速戒指-元素刺客 | U19: =IF(J19="","",IF(J19=23,"",ROUND(J19*4/6,4))) -> 0.0564 | V19: =IF(K19="","",IF(K19=23,"",ROUND(K19*4/6,4))) -> 0.1773 | W19: =IF(L19="","",IF(L19=23,"",ROUND(L19*4/6,4))) | Y19: =IF(E19="","",IF(E19=35,INT(U19*3385),IF(E19=26,INT(U19*3385),U19))) -> 0.0564 | Z19: =IF(F19="","",IF(F19=35,INT(V19*3385),IF(F19=26,INT(V19*3385),V19))) -> 0.1773 | AA19: =IF(G19="","",IF(G19=35,INT(W19*3385),IF(G19=26,INT(W19*3385),W19))) | AB19: =IF(H19="","",IF(H19=35,X19*3385,IF(H19=26,X19*3385,X19))) | AE19: =IF(M19="","",IF(M19=23,"",ROUND(M19*4/6,4))) | AF19: =_xlfn.TEXTJOIN(",",TRUE,Y19,Z19,AA19,AB19) -> 0.0564,0.1773
C20: 403 | D20: 150504 | E20: 7 | J20: 0.0387 | P20: 100 | Q20: Lv.50英雄低速项链-元素刺客 | U20: =IF(J20="","",IF(J20=23,"",ROUND(J20*4/6,4))) -> 0.0258 | V20: =IF(K20="","",IF(K20=23,"",ROUND(K20*4/6,4))) | W20: =IF(L20="","",IF(L20=23,"",ROUND(L20*4/6,4))) | Y20: =IF(E20="","",IF(E20=35,INT(U20*3385),IF(E20=26,INT(U20*3385),U20))) -> 0.0258 | Z20: =IF(F20="","",IF(F20=35,INT(V20*3385),IF(F20=26,INT(V20*3385),V20))) | AA20: =IF(G20="","",IF(G20=35,INT(W20*3385),IF(G20=26,INT(W20*3385),W20))) | AB20: =IF(H20="","",IF(H20=35,X20*3385,IF(H20=26,X20*3385,X20))) | AE20: =IF(M20="","",IF(M20=23,"",ROUND(M20*4/6,4))) | AF20: =_xlfn.TEXTJOIN(",",TRUE,Y20,Z20,AA20,AB20) -> 0.0258
C21: 103 | D21: 150601 | E21: 8 | F21: 9 | J21: 0.0967 | K21: 0.266 | P21: 100 | Q21: Lv.50英雄低速武器-敏暴刺客 | U21: =IF(J21="","",IF(J21=23,"",ROUND(J21*4/6,4))) -> 0.0645 | V21: =IF(K21="","",IF(K21=23,"",ROUND(K21*4/6,4))) -> 0.1773 | W21: =IF(L21="","",IF(L21=23,"",ROUND(L21*4/6,4))) | Y21: =IF(E21="","",IF(E21=35,INT(U21*3385),IF(E21=26,INT(U21*3385),U21))) -> 0.0645 | Z21: =IF(F21="","",IF(F21=35,INT(V21*3385),IF(F21=26,INT(V21*3385),V21))) -> 0.1773 | AA21: =IF(G21="","",IF(G21=35,INT(W21*3385),IF(G21=26,INT(W21*3385),W21))) | AB21: =IF(H21="","",IF(H21=35,X21*3385,IF(H21=26,X21*3385,X21))) | AE21: =IF(M21="","",IF(M21=23,"",ROUND(M21*4/6,4))) | AF21: =_xlfn.TEXTJOIN(",",TRUE,Y21,Z21,AA21,AB21) -> 0.0645,0.1773
C22: 203 | D22: 150602 | E22: 11 | J22: 0.0551 | P22: 100 | Q22: Lv.50英雄低速衣服-敏暴刺客 | U22: =IF(J22="","",IF(J22=23,"",ROUND(J22*4/6,4))) -> 0.0367 | V22: =IF(K22="","",IF(K22=23,"",ROUND(K22*4/6,4))) | W22: =IF(L22="","",IF(L22=23,"",ROUND(L22*4/6,4))) | Y22: =IF(E22="","",IF(E22=35,INT(U22*3385),IF(E22=26,INT(U22*3385),U22))) -> 0.0367 | Z22: =IF(F22="","",IF(F22=35,INT(V22*3385),IF(F22=26,INT(V22*3385),V22))) | AA22: =IF(G22="","",IF(G22=35,INT(W22*3385),IF(G22=26,INT(W22*3385),W22))) | AB22: =IF(H22="","",IF(H22=35,X22*3385,IF(H22=26,X22*3385,X22))) | AE22: =IF(M22="","",IF(M22=23,"",ROUND(M22*4/6,4))) | AF22: =_xlfn.TEXTJOIN(",",TRUE,Y22,Z22,AA22,AB22) -> 0.0367
C23: 303 | D23: 150603 | E23: 5 | F23: 9 | J23: 0.1693 | K23: 0.266 | P23: 100 | Q23: Lv.50英雄低速戒指-敏暴刺客 | U23: =IF(J23="","",IF(J23=23,"",ROUND(J23*4/6,4))) -> 0.1129 | V23: =IF(K23="","",IF(K23=23,"",ROUND(K23*4/6,4))) -> 0.1773 | W23: =IF(L23="","",IF(L23=23,"",ROUND(L23*4/6,4))) | Y23: =IF(E23="","",IF(E23=35,INT(U23*3385),IF(E23=26,INT(U23*3385),U23))) -> 0.1129 | Z23: =IF(F23="","",IF(F23=35,INT(V23*3385),IF(F23=26,INT(V23*3385),V23))) -> 0.1773 | AA23: =IF(G23="","",IF(G23=35,INT(W23*3385),IF(G23=26,INT(W23*3385),W23))) | AB23: =IF(H23="","",IF(H23=35,X23*3385,IF(H23=26,X23*3385,X23))) | AE23: =IF(M23="","",IF(M23=23,"",ROUND(M23*4/6,4))) | AF23: =_xlfn.TEXTJOIN(",",TRUE,Y23,Z23,AA23,AB23) -> 0.1129,0.1773
C24: 403 | D24: 150604 | E24: 7 | J24: 0.0387 | P24: 100 | Q24: Lv.50英雄低速项链-敏暴刺客 | U24: =IF(J24="","",IF(J24=23,"",ROUND(J24*4/6,4))) -> 0.0258 | V24: =IF(K24="","",IF(K24=23,"",ROUND(K24*4/6,4))) | W24: =IF(L24="","",IF(L24=23,"",ROUND(L24*4/6,4))) | Y24: =IF(E24="","",IF(E24=35,INT(U24*3385),IF(E24=26,INT(U24*3385),U24))) -> 0.0258 | Z24: =IF(F24="","",IF(F24=35,INT(V24*3385),IF(F24=26,INT(V24*3385),V24))) | AA24: =IF(G24="","",IF(G24=35,INT(W24*3385),IF(G24=26,INT(W24*3385),W24))) | AB24: =IF(H24="","",IF(H24=35,X24*3385,IF(H24=26,X24*3385,X24))) | AE24: =IF(M24="","",IF(M24=23,"",ROUND(M24*4/6,4))) | AF24: =_xlfn.TEXTJOIN(",",TRUE,Y24,Z24,AA24,AB24) -> 0.0258
C25: 103 | D25: 150701 | E25: 5 | F25: 9 | J25: 0.1185 | K25: 0.133 | P25: 100 | Q25: Lv.50英雄低速武器-闪避刺客 | U25: =IF(J25="","",IF(J25=23,"",ROUND(J25*4/6,4))) -> 0.079 | V25: =IF(K25="","",IF(K25=23,"",ROUND(K25*4/6,4))) -> 0.0887 | W25: =IF(L25="","",IF(L25=23,"",ROUND(L25*4/6,4))) | Y25: =IF(E25="","",IF(E25=35,INT(U25*3385),IF(E25=26,INT(U25*3385),U25))) -> 0.079 | Z25: =IF(F25="","",IF(F25=35,INT(V25*3385),IF(F25=26,INT(V25*3385),V25))) -> 0.0887 | AA25: =IF(G25="","",IF(G25=35,INT(W25*3385),IF(G25=26,INT(W25*3385),W25))) | AB25: =IF(H25="","",IF(H25=35,X25*3385,IF(H25=26,X25*3385,X25))) | AE25: =IF(M25="","",IF(M25=23,"",ROUND(M25*4/6,4))) | AF25: =_xlfn.TEXTJOIN(",",TRUE,Y25,Z25,AA25,AB25) -> 0.079,0.0887
C26: 203 | D26: 150702 | E26: 11 | J26: 0.0919 | P26: 100 | Q26: Lv.50英雄低速衣服-闪避刺客 | U26: =IF(J26="","",IF(J26=23,"",ROUND(J26*4/6,4))) -> 0.0613 | V26: =IF(K26="","",IF(K26=23,"",ROUND(K26*4/6,4))) | W26: =IF(L26="","",IF(L26=23,"",ROUND(L26*4/6,4))) | Y26: =IF(E26="","",IF(E26=35,INT(U26*3385),IF(E26=26,INT(U26*3385),U26))) -> 0.0613 | Z26: =IF(F26="","",IF(F26=35,INT(V26*3385),IF(F26=26,INT(V26*3385),V26))) | AA26: =IF(G26="","",IF(G26=35,INT(W26*3385),IF(G26=26,INT(W26*3385),W26))) | AB26: =IF(H26="","",IF(H26=35,X26*3385,IF(H26=26,X26*3385,X26))) | AE26: =IF(M26="","",IF(M26=23,"",ROUND(M26*4/6,4))) | AF26: =_xlfn.TEXTJOIN(",",TRUE,Y26,Z26,AA26,AB26) -> 0.0613
C27: 303 | D27: 150703 | E27: 6 | F27: 9 | J27: 0.0508 | K27: 0.133 | P27: 100 | Q27: Lv.50英雄低速戒指-闪避刺客 | U27: =IF(J27="","",IF(J27=23,"",ROUND(J27*4/6,4))) -> 0.0339 | V27: =IF(K27="","",IF(K27=23,"",ROUND(K27*4/6,4))) -> 0.0887 | W27: =IF(L27="","",IF(L27=23,"",ROUND(L27*4/6,4))) | Y27: =IF(E27="","",IF(E27=35,INT(U27*3385),IF(E27=26,INT(U27*3385),U27))) -> 0.0339 | Z27: =IF(F27="","",IF(F27=35,INT(V27*3385),IF(F27=26,INT(V27*3385),V27))) -> 0.0887 | AA27: =IF(G27="","",IF(G27=35,INT(W27*3385),IF(G27=26,INT(W27*3385),W27))) | AB27: =IF(H27="","",IF(H27=35,X27*3385,IF(H27=26,X27*3385,X27))) | AE27: =IF(M27="","",IF(M27=23,"",ROUND(M27*4/6,4))) | AF27: =_xlfn.TEXTJOIN(",",TRUE,Y27,Z27,AA27,AB27) -> 0.0339,0.0887
C28: 403 | D28: 150704 | E28: 7 | J28: 0.1934 | P28: 100 | Q28: Lv.50英雄低速项链-闪避刺客 | U28: =IF(J28="","",IF(J28=23,"",ROUND(J28*4/6,4))) -> 0.1289 | V28: =IF(K28="","",IF(K28=23,"",ROUND(K28*4/6,4))) | W28: =IF(L28="","",IF(L28=23,"",ROUND(L28*4/6,4))) | Y28: =IF(E28="","",IF(E28=35,INT(U28*3385),IF(E28=26,INT(U28*3385),U28))) -> 0.1289 | Z28: =IF(F28="","",IF(F28=35,INT(V28*3385),IF(F28=26,INT(V28*3385),V28))) | AA28: =IF(G28="","",IF(G28=35,INT(W28*3385),IF(G28=26,INT(W28*3385),W28))) | AB28: =IF(H28="","",IF(H28=35,X28*3385,IF(H28=26,X28*3385,X28))) | AE28: =IF(M28="","",IF(M28=23,"",ROUND(M28*4/6,4))) | AF28: =_xlfn.TEXTJOIN(",",TRUE,Y28,Z28,AA28,AB28) -> 0.1289
C29: 103 | D29: 150801 | E29: 5 | F29: 9 | J29: 0.0677 | K29: 0.1064 | P29: 100 | Q29: Lv.50英雄低速武器-元素辅助 | U29: =IF(J29="","",IF(J29=23,"",ROUND(J29*4/6,4))) -> 0.0451 | V29: =IF(K29="","",IF(K29=23,"",ROUND(K29*4/6,4))) -> 0.0709 | W29: =IF(L29="","",IF(L29=23,"",ROUND(L29*4/6,4))) | Y29: =IF(E29="","",IF(E29=35,INT(U29*3385),IF(E29=26,INT(U29*3385),U29))) -> 0.0451 | Z29: =IF(F29="","",IF(F29=35,INT(V29*3385),IF(F29=26,INT(V29*3385),V29))) -> 0.0709 | AA29: =IF(G29="","",IF(G29=35,INT(W29*3385),IF(G29=26,INT(W29*3385),W29))) | AB29: =IF(H29="","",IF(H29=35,X29*3385,IF(H29=26,X29*3385,X29))) | AE29: =IF(M29="","",IF(M29=23,"",ROUND(M29*4/6,4))) | AF29: =_xlfn.TEXTJOIN(",",TRUE,Y29,Z29,AA29,AB29) -> 0.0451,0.0709
C30: 203 | D30: 150802 | E30: 8 | F30: 10 | G30: 26 | J30: 0.0387 | K30: 0.0276 | L30: 0.058 | P30: 100 | Q30: Lv.50英雄低速衣服-元素辅助 | U30: =IF(J30="","",IF(J30=23,"",ROUND(J30*4/6,4))) -> 0.0258 | V30: =IF(K30="","",IF(K30=23,"",ROUND(K30*4/6,4))) -> 0.0184 | W30: =IF(L30="","",IF(L30=23,"",ROUND(L30*4/6,4))) -> 0.0387 | Y30: =IF(E30="","",IF(E30=35,INT(U30*3385),IF(E30=26,INT(U30*3385),U30))) -> 0.0258 | Z30: =IF(F30="","",IF(F30=35,INT(V30*3385),IF(F30=26,INT(V30*3385),V30))) -> 0.0184 | AA30: =IF(G30="","",IF(G30=35,INT(W30*3385),IF(G30=26,INT(W30*3385),W30))) -> 130 | AB30: =IF(H30="","",IF(H30=35,X30*3385,IF(H30=26,X30*3385,X30))) | AE30: =IF(M30="","",IF(M30=23,"",ROUND(M30*4/6,4))) | AF30: =_xlfn.TEXTJOIN(",",TRUE,Y30,Z30,AA30,AB30) -> 0.0258,0.0184,130
C31: 303 | D31: 150803 | E31: 6 | F31: 9 | J31: 0.1354 | K31: 0.1064 | P31: 100 | Q31: Lv.50英雄低速戒指-元素辅助 | U31: =IF(J31="","",IF(J31=23,"",ROUND(J31*4/6,4))) -> 0.0903 | V31: =IF(K31="","",IF(K31=23,"",ROUND(K31*4/6,4))) -> 0.0709 | W31: =IF(L31="","",IF(L31=23,"",ROUND(L31*4/6,4))) | Y31: =IF(E31="","",IF(E31=35,INT(U31*3385),IF(E31=26,INT(U31*3385),U31))) -> 0.0903 | Z31: =IF(F31="","",IF(F31=35,INT(V31*3385),IF(F31=26,INT(V31*3385),V31))) -> 0.0709 | AA31: =IF(G31="","",IF(G31=35,INT(W31*3385),IF(G31=26,INT(W31*3385),W31))) | AB31: =IF(H31="","",IF(H31=35,X31*3385,IF(H31=26,X31*3385,X31))) | AE31: =IF(M31="","",IF(M31=23,"",ROUND(M31*4/6,4))) | AF31: =_xlfn.TEXTJOIN(",",TRUE,Y31,Z31,AA31,AB31) -> 0.0903,0.0709
C32: 403 | D32: 150804 | E32: 7 | F32: 10 | G32: 26 | J32: 0.0276 | K32: 0.058 | L32: 0.0967 | P32: 100 | Q32: Lv.50英雄低速项链-元素辅助 | U32: =IF(J32="","",IF(J32=23,"",ROUND(J32*4/6,4))) -> 0.0184 | V32: =IF(K32="","",IF(K32=23,"",ROUND(K32*4/6,4))) -> 0.0387 | W32: =IF(L32="","",IF(L32=23,"",ROUND(L32*4/6,4))) -> 0.0645 | Y32: =IF(E32="","",IF(E32=35,INT(U32*3385),IF(E32=26,INT(U32*3385),U32))) -> 0.0184 | Z32: =IF(F32="","",IF(F32=35,INT(V32*3385),IF(F32=26,INT(V32*3385),V32))) -> 0.0387 | AA32: =IF(G32="","",IF(G32=35,INT(W32*3385),IF(G32=26,INT(W32*3385),W32))) -> 218 | AB32: =IF(H32="","",IF(H32=35,X32*3385,IF(H32=26,X32*3385,X32))) | AE32: =IF(M32="","",IF(M32=23,"",ROUND(M32*4/6,4))) | AF32: =_xlfn.TEXTJOIN(",",TRUE,Y32,Z32,AA32,AB32) -> 0.0184,0.0387,218
C33: 103 | D33: 150901 | E33: 5 | F33: 11 | G33: 9 | J33: 0.0846 | K33: 0.133 | L33: 0.0184 | P33: 100 | Q33: Lv.50英雄低速武器-物理辅助 | U33: =IF(J33="","",IF(J33=23,"",ROUND(J33*4/6,4))) -> 0.0564 | V33: =IF(K33="","",IF(K33=23,"",ROUND(K33*4/6,4))) -> 0.0887 | W33: =IF(L33="","",IF(L33=23,"",ROUND(L33*4/6,4))) -> 0.0123 | Y33: =IF(E33="","",IF(E33=35,INT(U33*3385),IF(E33=26,INT(U33*3385),U33))) -> 0.0564 | Z33: =IF(F33="","",IF(F33=35,INT(V33*3385),IF(F33=26,INT(V33*3385),V33))) -> 0.0887 | AA33: =IF(G33="","",IF(G33=35,INT(W33*3385),IF(G33=26,INT(W33*3385),W33))) -> 0.0123 | AB33: =IF(H33="","",IF(H33=35,X33*3385,IF(H33=26,X33*3385,X33))) | AE33: =IF(M33="","",IF(M33=23,"",ROUND(M33*4/6,4))) | AF33: =_xlfn.TEXTJOIN(",",TRUE,Y33,Z33,AA33,AB33) -> 0.0564,0.0887,0.0123
C34: 203 | D34: 150902 | E34: 8 | F34: 10 | J34: 0.0387 | K34: 0.0276 | P34: 100 | Q34: Lv.50英雄低速衣服-物理辅助 | U34: =IF(J34="","",IF(J34=23,"",ROUND(J34*4/6,4))) -> 0.0258 | V34: =IF(K34="","",IF(K34=23,"",ROUND(K34*4/6,4))) -> 0.0184 | W34: =IF(L34="","",IF(L34=23,"",ROUND(L34*4/6,4))) | Y34: =IF(E34="","",IF(E34=35,INT(U34*3385),IF(E34=26,INT(U34*3385),U34))) -> 0.0258 | Z34: =IF(F34="","",IF(F34=35,INT(V34*3385),IF(F34=26,INT(V34*3385),V34))) -> 0.0184 | AA34: =IF(G34="","",IF(G34=35,INT(W34*3385),IF(G34=26,INT(W34*3385),W34))) | AB34: =IF(H34="","",IF(H34=35,X34*3385,IF(H34=26,X34*3385,X34))) | AE34: =IF(M34="","",IF(M34=23,"",ROUND(M34*4/6,4))) | AF34: =_xlfn.TEXTJOIN(",",TRUE,Y34,Z34,AA34,AB34) -> 0.0258,0.0184
C35: 303 | D35: 150903 | E35: 6 | F35: 11 | G35: 9 | J35: 0.1354 | K35: 0.133 | L35: 0.0184 | P35: 100 | Q35: Lv.50英雄低速戒指-物理辅助 | U35: =IF(J35="","",IF(J35=23,"",ROUND(J35*4/6,4))) -> 0.0903 | V35: =IF(K35="","",IF(K35=23,"",ROUND(K35*4/6,4))) -> 0.0887 | W35: =IF(L35="","",IF(L35=23,"",ROUND(L35*4/6,4))) -> 0.0123 | Y35: =IF(E35="","",IF(E35=35,INT(U35*3385),IF(E35=26,INT(U35*3385),U35))) -> 0.0903 | Z35: =IF(F35="","",IF(F35=35,INT(V35*3385),IF(F35=26,INT(V35*3385),V35))) -> 0.0887 | AA35: =IF(G35="","",IF(G35=35,INT(W35*3385),IF(G35=26,INT(W35*3385),W35))) -> 0.0123 | AB35: =IF(H35="","",IF(H35=35,X35*3385,IF(H35=26,X35*3385,X35))) | AE35: =IF(M35="","",IF(M35=23,"",ROUND(M35*4/6,4))) | AF35: =_xlfn.TEXTJOIN(",",TRUE,Y35,Z35,AA35,AB35) -> 0.0903,0.0887,0.0123
C36: 403 | D36: 150904 | E36: 7 | F36: 10 | J36: 0.0967 | K36: 0.0276 | P36: 100 | Q36: Lv.50英雄低速项链-物理辅助 | U36: =IF(J36="","",IF(J36=23,"",ROUND(J36*4/6,4))) -> 0.0645 | V36: =IF(K36="","",IF(K36=23,"",ROUND(K36*4/6,4))) -> 0.0184 | W36: =IF(L36="","",IF(L36=23,"",ROUND(L36*4/6,4))) | Y36: =IF(E36="","",IF(E36=35,INT(U36*3385),IF(E36=26,INT(U36*3385),U36))) -> 0.0645 | Z36: =IF(F36="","",IF(F36=35,INT(V36*3385),IF(F36=26,INT(V36*3385),V36))) -> 0.0184 | AA36: =IF(G36="","",IF(G36=35,INT(W36*3385),IF(G36=26,INT(W36*3385),W36))) | AB36: =IF(H36="","",IF(H36=35,X36*3385,IF(H36=26,X36*3385,X36))) | AE36: =IF(M36="","",IF(M36=23,"",ROUND(M36*4/6,4))) | AF36: =_xlfn.TEXTJOIN(",",TRUE,Y36,Z36,AA36,AB36) -> 0.0645,0.0184
C37: 103 | D37: 160101 | E37: 8 | J37: 0.1612 | P37: 100 | Q37: Lv.60英雄低速武器-物理坦克 | U37: =IF(J37="","",IF(J37=23,"",ROUND(J37*4/6,4))) -> 0.1075 | V37: =IF(K37="","",IF(K37=23,"",ROUND(K37*4/6,4))) | W37: =IF(L37="","",IF(L37=23,"",ROUND(L37*4/6,4))) | Y37: =IF(E37="","",IF(E37=35,INT(U37*3385),IF(E37=26,INT(U37*3385),U37))) -> 0.1075 | Z37: =IF(F37="","",IF(F37=35,INT(V37*3385),IF(F37=26,INT(V37*3385),V37))) | AA37: =IF(G37="","",IF(G37=35,INT(W37*3385),IF(G37=26,INT(W37*3385),W37))) | AB37: =IF(H37="","",IF(H37=35,X37*3385,IF(H37=26,X37*3385,X37))) | AE37: =IF(M37="","",IF(M37=23,"",ROUND(M37*4/6,4))) | AF37: =_xlfn.TEXTJOIN(",",TRUE,Y37,Z37,AA37,AB37) -> 0.1075
C38: 203 | D38: 160102 | E38: 6 | J38: 0.2821 | P38: 100 | Q38: Lv.60英雄低速衣服-物理坦克 | U38: =IF(J38="","",IF(J38=23,"",ROUND(J38*4/6,4))) -> 0.1881 | V38: =IF(K38="","",IF(K38=23,"",ROUND(K38*4/6,4))) | W38: =IF(L38="","",IF(L38=23,"",ROUND(L38*4/6,4))) | Y38: =IF(E38="","",IF(E38=35,INT(U38*3385),IF(E38=26,INT(U38*3385),U38))) -> 0.1881 | Z38: =IF(F38="","",IF(F38=35,INT(V38*3385),IF(F38=26,INT(V38*3385),V38))) | AA38: =IF(G38="","",IF(G38=35,INT(W38*3385),IF(G38=26,INT(W38*3385),W38))) | AB38: =IF(H38="","",IF(H38=35,X38*3385,IF(H38=26,X38*3385,X38))) | AE38: =IF(M38="","",IF(M38=23,"",ROUND(M38*4/6,4))) | AF38: =_xlfn.TEXTJOIN(",",TRUE,Y38,Z38,AA38,AB38) -> 0.1881
C39: 303 | D39: 160103 | E39: 7 | J39: 0.1612 | P39: 100 | Q39: Lv.60英雄低速戒指-物理坦克 | U39: =IF(J39="","",IF(J39=23,"",ROUND(J39*4/6,4))) -> 0.1075 | V39: =IF(K39="","",IF(K39=23,"",ROUND(K39*4/6,4))) | W39: =IF(L39="","",IF(L39=23,"",ROUND(L39*4/6,4))) | Y39: =IF(E39="","",IF(E39=35,INT(U39*3385),IF(E39=26,INT(U39*3385),U39))) -> 0.1075 | Z39: =IF(F39="","",IF(F39=35,INT(V39*3385),IF(F39=26,INT(V39*3385),V39))) | AA39: =IF(G39="","",IF(G39=35,INT(W39*3385),IF(G39=26,INT(W39*3385),W39))) | AB39: =IF(H39="","",IF(H39=35,X39*3385,IF(H39=26,X39*3385,X39))) | AE39: =IF(M39="","",IF(M39=23,"",ROUND(M39*4/6,4))) | AF39: =_xlfn.TEXTJOIN(",",TRUE,Y39,Z39,AA39,AB39) -> 0.1075
C40: 403 | D40: 160104 | E40: 10 | J40: 0.3063 | P40: 100 | Q40: Lv.60英雄低速项链-物理坦克 | U40: =IF(J40="","",IF(J40=23,"",ROUND(J40*4/6,4))) -> 0.2042 | V40: =IF(K40="","",IF(K40=23,"",ROUND(K40*4/6,4))) | W40: =IF(L40="","",IF(L40=23,"",ROUND(L40*4/6,4))) | Y40: =IF(E40="","",IF(E40=35,INT(U40*3385),IF(E40=26,INT(U40*3385),U40))) -> 0.2042 | Z40: =IF(F40="","",IF(F40=35,INT(V40*3385),IF(F40=26,INT(V40*3385),V40))) | AA40: =IF(G40="","",IF(G40=35,INT(W40*3385),IF(G40=26,INT(W40*3385),W40))) | AB40: =IF(H40="","",IF(H40=35,X40*3385,IF(H40=26,X40*3385,X40))) | AE40: =IF(M40="","",IF(M40=23,"",ROUND(M40*4/6,4))) | AF40: =_xlfn.TEXTJOIN(",",TRUE,Y40,Z40,AA40,AB40) -> 0.2042
C41: 103 | D41: 160201 | E41: 8 | J41: 0.1612 | P41: 100 | Q41: Lv.60英雄低速武器-元素坦克 | U41: =IF(J41="","",IF(J41=23,"",ROUND(J41*4/6,4))) -> 0.1075 | V41: =IF(K41="","",IF(K41=23,"",ROUND(K41*4/6,4))) | W41: =IF(L41="","",IF(L41=23,"",ROUND(L41*4/6,4))) | Y41: =IF(E41="","",IF(E41=35,INT(U41*3385),IF(E41=26,INT(U41*3385),U41))) -> 0.1075 | Z41: =IF(F41="","",IF(F41=35,INT(V41*3385),IF(F41=26,INT(V41*3385),V41))) | AA41: =IF(G41="","",IF(G41=35,INT(W41*3385),IF(G41=26,INT(W41*3385),W41))) | AB41: =IF(H41="","",IF(H41=35,X41*3385,IF(H41=26,X41*3385,X41))) | AE41: =IF(M41="","",IF(M41=23,"",ROUND(M41*4/6,4))) | AF41: =_xlfn.TEXTJOIN(",",TRUE,Y41,Z41,AA41,AB41) -> 0.1075
C42: 203 | D42: 160202 | E42: 6 | F42: 35 | J42: 0.141 | K42: 0.2418 | P42: 100 | Q42: Lv.60英雄低速衣服-元素坦克 | U42: =IF(J42="","",IF(J42=23,"",ROUND(J42*4/6,4))) -> 0.094 | V42: =IF(K42="","",IF(K42=23,"",ROUND(K42*4/6,4))) -> 0.1612 | W42: =IF(L42="","",IF(L42=23,"",ROUND(L42*4/6,4))) | Y42: =IF(E42="","",IF(E42=35,INT(U42*3385),IF(E42=26,INT(U42*3385),U42))) -> 0.094 | Z42: =IF(F42="","",IF(F42=35,INT(V42*3385),IF(F42=26,INT(V42*3385),V42))) -> 545 | AA42: =IF(G42="","",IF(G42=35,INT(W42*3385),IF(G42=26,INT(W42*3385),W42))) | AB42: =IF(H42="","",IF(H42=35,X42*3385,IF(H42=26,X42*3385,X42))) | AE42: =IF(M42="","",IF(M42=23,"",ROUND(M42*4/6,4))) | AF42: =_xlfn.TEXTJOIN(",",TRUE,Y42,Z42,AA42,AB42) -> 0.094,545
C43: 303 | D43: 160203 | E43: 7 | J43: 0.1612 | P43: 100 | Q43: Lv.60英雄低速戒指-元素坦克 | U43: =IF(J43="","",IF(J43=23,"",ROUND(J43*4/6,4))) -> 0.1075 | V43: =IF(K43="","",IF(K43=23,"",ROUND(K43*4/6,4))) | W43: =IF(L43="","",IF(L43=23,"",ROUND(L43*4/6,4))) | Y43: =IF(E43="","",IF(E43=35,INT(U43*3385),IF(E43=26,INT(U43*3385),U43))) -> 0.1075 | Z43: =IF(F43="","",IF(F43=35,INT(V43*3385),IF(F43=26,INT(V43*3385),V43))) | AA43: =IF(G43="","",IF(G43=35,INT(W43*3385),IF(G43=26,INT(W43*3385),W43))) | AB43: =IF(H43="","",IF(H43=35,X43*3385,IF(H43=26,X43*3385,X43))) | AE43: =IF(M43="","",IF(M43=23,"",ROUND(M43*4/6,4))) | AF43: =_xlfn.TEXTJOIN(",",TRUE,Y43,Z43,AA43,AB43) -> 0.1075
C44: 403 | D44: 160204 | E44: 10 | F44: 35 | J44: 0.1531 | K44: 0.2418 | P44: 100 | Q44: Lv.60英雄低速项链-元素坦克 | U44: =IF(J44="","",IF(J44=23,"",ROUND(J44*4/6,4))) -> 0.1021 | V44: =IF(K44="","",IF(K44=23,"",ROUND(K44*4/6,4))) -> 0.1612 | W44: =IF(L44="","",IF(L44=23,"",ROUND(L44*4/6,4))) | Y44: =IF(E44="","",IF(E44=35,INT(U44*3385),IF(E44=26,INT(U44*3385),U44))) -> 0.1021 | Z44: =IF(F44="","",IF(F44=35,INT(V44*3385),IF(F44=26,INT(V44*3385),V44))) -> 545 | AA44: =IF(G44="","",IF(G44=35,INT(W44*3385),IF(G44=26,INT(W44*3385),W44))) | AB44: =IF(H44="","",IF(H44=35,X44*3385,IF(H44=26,X44*3385,X44))) | AE44: =IF(M44="","",IF(M44=23,"",ROUND(M44*4/6,4))) | AF44: =_xlfn.TEXTJOIN(",",TRUE,Y44,Z44,AA44,AB44) -> 0.1021,545
C45: 103 | D45: 160301 | E45: 8 | F45: 26 | J45: 0.2257 | K45: 0.2418 | P45: 100 | Q45: Lv.60英雄低速武器-元素战士 | U45: =IF(J45="","",IF(J45=23,"",ROUND(J45*4/6,4))) -> 0.1505 | V45: =IF(K45="","",IF(K45=23,"",ROUND(K45*4/6,4))) -> 0.1612 | W45: =IF(L45="","",IF(L45=23,"",ROUND(L45*4/6,4))) | Y45: =IF(E45="","",IF(E45=35,INT(U45*3385),IF(E45=26,INT(U45*3385),U45))) -> 0.1505 | Z45: =IF(F45="","",IF(F45=35,INT(V45*3385),IF(F45=26,INT(V45*3385),V45))) -> 545 | AA45: =IF(G45="","",IF(G45=35,INT(W45*3385),IF(G45=26,INT(W45*3385),W45))) | AB45: =IF(H45="","",IF(H45=35,X45*3385,IF(H45=26,X45*3385,X45))) | AE45: =IF(M45="","",IF(M45=23,"",ROUND(M45*4/6,4))) | AF45: =_xlfn.TEXTJOIN(",",TRUE,Y45,Z45,AA45,AB45) -> 0.1505,545
C46: 203 | D46: 160302 | E46: 6 | J46: 0.141 | P46: 100 | Q46: Lv.60英雄低速衣服-元素战士 | U46: =IF(J46="","",IF(J46=23,"",ROUND(J46*4/6,4))) -> 0.094 | V46: =IF(K46="","",IF(K46=23,"",ROUND(K46*4/6,4))) | W46: =IF(L46="","",IF(L46=23,"",ROUND(L46*4/6,4))) | Y46: =IF(E46="","",IF(E46=35,INT(U46*3385),IF(E46=26,INT(U46*3385),U46))) -> 0.094 | Z46: =IF(F46="","",IF(F46=35,INT(V46*3385),IF(F46=26,INT(V46*3385),V46))) | AA46: =IF(G46="","",IF(G46=35,INT(W46*3385),IF(G46=26,INT(W46*3385),W46))) | AB46: =IF(H46="","",IF(H46=35,X46*3385,IF(H46=26,X46*3385,X46))) | AE46: =IF(M46="","",IF(M46=23,"",ROUND(M46*4/6,4))) | AF46: =_xlfn.TEXTJOIN(",",TRUE,Y46,Z46,AA46,AB46) -> 0.094
C47: 303 | D47: 160303 | E47: 11 | J47: 0.0919 | P47: 100 | Q47: Lv.60英雄低速戒指-元素战士 | U47: =IF(J47="","",IF(J47=23,"",ROUND(J47*4/6,4))) -> 0.0613 | V47: =IF(K47="","",IF(K47=23,"",ROUND(K47*4/6,4))) | W47: =IF(L47="","",IF(L47=23,"",ROUND(L47*4/6,4))) | Y47: =IF(E47="","",IF(E47=35,INT(U47*3385),IF(E47=26,INT(U47*3385),U47))) -> 0.0613 | Z47: =IF(F47="","",IF(F47=35,INT(V47*3385),IF(F47=26,INT(V47*3385),V47))) | AA47: =IF(G47="","",IF(G47=35,INT(W47*3385),IF(G47=26,INT(W47*3385),W47))) | AB47: =IF(H47="","",IF(H47=35,X47*3385,IF(H47=26,X47*3385,X47))) | AE47: =IF(M47="","",IF(M47=23,"",ROUND(M47*4/6,4))) | AF47: =_xlfn.TEXTJOIN(",",TRUE,Y47,Z47,AA47,AB47) -> 0.0613
C48: 403 | D48: 160304 | E48: 5 | F48: 26 | J48: 0.141 | K48: 0.2418 | P48: 100 | Q48: Lv.60英雄低速项链-元素战士 | U48: =IF(J48="","",IF(J48=23,"",ROUND(J48*4/6,4))) -> 0.094 | V48: =IF(K48="","",IF(K48=23,"",ROUND(K48*4/6,4))) -> 0.1612 | W48: =IF(L48="","",IF(L48=23,"",ROUND(L48*4/6,4))) | Y48: =IF(E48="","",IF(E48=35,INT(U48*3385),IF(E48=26,INT(U48*3385),U48))) -> 0.094 | Z48: =IF(F48="","",IF(F48=35,INT(V48*3385),IF(F48=26,INT(V48*3385),V48))) -> 545 | AA48: =IF(G48="","",IF(G48=35,INT(W48*3385),IF(G48=26,INT(W48*3385),W48))) | AB48: =IF(H48="","",IF(H48=35,X48*3385,IF(H48=26,X48*3385,X48))) | AE48: =IF(M48="","",IF(M48=23,"",ROUND(M48*4/6,4))) | AF48: =_xlfn.TEXTJOIN(",",TRUE,Y48,Z48,AA48,AB48) -> 0.094,545
C49: 103 | D49: 160401 | E49: 8 | J49: 0.3224 | P49: 100 | Q49: Lv.60英雄低速武器-物理战士 | U49: =IF(J49="","",IF(J49=23,"",ROUND(J49*4/6,4))) -> 0.2149 | V49: =IF(K49="","",IF(K49=23,"",ROUND(K49*4/6,4))) | W49: =IF(L49="","",IF(L49=23,"",ROUND(L49*4/6,4))) | Y49: =IF(E49="","",IF(E49=35,INT(U49*3385),IF(E49=26,INT(U49*3385),U49))) -> 0.2149 | Z49: =IF(F49="","",IF(F49=35,INT(V49*3385),IF(F49=26,INT(V49*3385),V49))) | AA49: =IF(G49="","",IF(G49=35,INT(W49*3385),IF(G49=26,INT(W49*3385),W49))) | AB49: =IF(H49="","",IF(H49=35,X49*3385,IF(H49=26,X49*3385,X49))) | AE49: =IF(M49="","",IF(M49=23,"",ROUND(M49*4/6,4))) | AF49: =_xlfn.TEXTJOIN(",",TRUE,Y49,Z49,AA49,AB49) -> 0.2149
C50: 203 | D50: 160402 | E50: 6 | J50: 0.141 | P50: 100 | Q50: Lv.60英雄低速衣服-物理战士 | U50: =IF(J50="","",IF(J50=23,"",ROUND(J50*4/6,4))) -> 0.094 | V50: =IF(K50="","",IF(K50=23,"",ROUND(K50*4/6,4))) | W50: =IF(L50="","",IF(L50=23,"",ROUND(L50*4/6,4))) | Y50: =IF(E50="","",IF(E50=35,INT(U50*3385),IF(E50=26,INT(U50*3385),U50))) -> 0.094 | Z50: =IF(F50="","",IF(F50=35,INT(V50*3385),IF(F50=26,INT(V50*3385),V50))) | AA50: =IF(G50="","",IF(G50=35,INT(W50*3385),IF(G50=26,INT(W50*3385),W50))) | AB50: =IF(H50="","",IF(H50=35,X50*3385,IF(H50=26,X50*3385,X50))) | AE50: =IF(M50="","",IF(M50=23,"",ROUND(M50*4/6,4))) | AF50: =_xlfn.TEXTJOIN(",",TRUE,Y50,Z50,AA50,AB50) -> 0.094
C51: 303 | D51: 160403 | E51: 11 | J51: 0.3063 | P51: 100 | Q51: Lv.60英雄低速戒指-物理战士 | U51: =IF(J51="","",IF(J51=23,"",ROUND(J51*4/6,4))) -> 0.2042 | V51: =IF(K51="","",IF(K51=23,"",ROUND(K51*4/6,4))) | W51: =IF(L51="","",IF(L51=23,"",ROUND(L51*4/6,4))) | Y51: =IF(E51="","",IF(E51=35,INT(U51*3385),IF(E51=26,INT(U51*3385),U51))) -> 0.2042 | Z51: =IF(F51="","",IF(F51=35,INT(V51*3385),IF(F51=26,INT(V51*3385),V51))) | AA51: =IF(G51="","",IF(G51=35,INT(W51*3385),IF(G51=26,INT(W51*3385),W51))) | AB51: =IF(H51="","",IF(H51=35,X51*3385,IF(H51=26,X51*3385,X51))) | AE51: =IF(M51="","",IF(M51=23,"",ROUND(M51*4/6,4))) | AF51: =_xlfn.TEXTJOIN(",",TRUE,Y51,Z51,AA51,AB51) -> 0.2042
C52: 403 | D52: 160404 | E52: 5 | J52: 0.141 | P52: 100 | Q52: Lv.60英雄低速项链-物理战士 | U52: =IF(J52="","",IF(J52=23,"",ROUND(J52*4/6,4))) -> 0.094 | V52: =IF(K52="","",IF(K52=23,"",ROUND(K52*4/6,4))) | W52: =IF(L52="","",IF(L52=23,"",ROUND(L52*4/6,4))) | Y52: =IF(E52="","",IF(E52=35,INT(U52*3385),IF(E52=26,INT(U52*3385),U52))) -> 0.094 | Z52: =IF(F52="","",IF(F52=35,INT(V52*3385),IF(F52=26,INT(V52*3385),V52))) | AA52: =IF(G52="","",IF(G52=35,INT(W52*3385),IF(G52=26,INT(W52*3385),W52))) | AB52: =IF(H52="","",IF(H52=35,X52*3385,IF(H52=26,X52*3385,X52))) | AE52: =IF(M52="","",IF(M52=23,"",ROUND(M52*4/6,4))) | AF52: =_xlfn.TEXTJOIN(",",TRUE,Y52,Z52,AA52,AB52) -> 0.094
C53: 103 | D53: 160501 | E53: 8 | F53: 26 | J53: 0.1612 | K53: 0.4836 | P53: 100 | Q53: Lv.60英雄低速武器-元素刺客 | U53: =IF(J53="","",IF(J53=23,"",ROUND(J53*4/6,4))) -> 0.1075 | V53: =IF(K53="","",IF(K53=23,"",ROUND(K53*4/6,4))) -> 0.3224 | W53: =IF(L53="","",IF(L53=23,"",ROUND(L53*4/6,4))) | Y53: =IF(E53="","",IF(E53=35,INT(U53*3385),IF(E53=26,INT(U53*3385),U53))) -> 0.1075 | Z53: =IF(F53="","",IF(F53=35,INT(V53*3385),IF(F53=26,INT(V53*3385),V53))) -> 1091 | AA53: =IF(G53="","",IF(G53=35,INT(W53*3385),IF(G53=26,INT(W53*3385),W53))) | AB53: =IF(H53="","",IF(H53=35,X53*3385,IF(H53=26,X53*3385,X53))) | AE53: =IF(M53="","",IF(M53=23,"",ROUND(M53*4/6,4))) | AF53: =_xlfn.TEXTJOIN(",",TRUE,Y53,Z53,AA53,AB53) -> 0.1075,1091
C54: 203 | D54: 160502 | E54: 11 | J54: 0.0919 | P54: 100 | Q54: Lv.60英雄低速衣服-元素刺客 | U54: =IF(J54="","",IF(J54=23,"",ROUND(J54*4/6,4))) -> 0.0613 | V54: =IF(K54="","",IF(K54=23,"",ROUND(K54*4/6,4))) | W54: =IF(L54="","",IF(L54=23,"",ROUND(L54*4/6,4))) | Y54: =IF(E54="","",IF(E54=35,INT(U54*3385),IF(E54=26,INT(U54*3385),U54))) -> 0.0613 | Z54: =IF(F54="","",IF(F54=35,INT(V54*3385),IF(F54=26,INT(V54*3385),V54))) | AA54: =IF(G54="","",IF(G54=35,INT(W54*3385),IF(G54=26,INT(W54*3385),W54))) | AB54: =IF(H54="","",IF(H54=35,X54*3385,IF(H54=26,X54*3385,X54))) | AE54: =IF(M54="","",IF(M54=23,"",ROUND(M54*4/6,4))) | AF54: =_xlfn.TEXTJOIN(",",TRUE,Y54,Z54,AA54,AB54) -> 0.0613
C55: 303 | D55: 160503 | E55: 5 | F55: 9 | J55: 0.141 | K55: 0.4433 | P55: 100 | Q55: Lv.60英雄低速戒指-元素刺客 | U55: =IF(J55="","",IF(J55=23,"",ROUND(J55*4/6,4))) -> 0.094 | V55: =IF(K55="","",IF(K55=23,"",ROUND(K55*4/6,4))) -> 0.2955 | W55: =IF(L55="","",IF(L55=23,"",ROUND(L55*4/6,4))) | Y55: =IF(E55="","",IF(E55=35,INT(U55*3385),IF(E55=26,INT(U55*3385),U55))) -> 0.094 | Z55: =IF(F55="","",IF(F55=35,INT(V55*3385),IF(F55=26,INT(V55*3385),V55))) -> 0.2955 | AA55: =IF(G55="","",IF(G55=35,INT(W55*3385),IF(G55=26,INT(W55*3385),W55))) | AB55: =IF(H55="","",IF(H55=35,X55*3385,IF(H55=26,X55*3385,X55))) | AE55: =IF(M55="","",IF(M55=23,"",ROUND(M55*4/6,4))) | AF55: =_xlfn.TEXTJOIN(",",TRUE,Y55,Z55,AA55,AB55) -> 0.094,0.2955
C56: 403 | D56: 160504 | E56: 7 | J56: 0.0645 | P56: 100 | Q56: Lv.60英雄低速项链-元素刺客 | U56: =IF(J56="","",IF(J56=23,"",ROUND(J56*4/6,4))) -> 0.043 | V56: =IF(K56="","",IF(K56=23,"",ROUND(K56*4/6,4))) | W56: =IF(L56="","",IF(L56=23,"",ROUND(L56*4/6,4))) | Y56: =IF(E56="","",IF(E56=35,INT(U56*3385),IF(E56=26,INT(U56*3385),U56))) -> 0.043 | Z56: =IF(F56="","",IF(F56=35,INT(V56*3385),IF(F56=26,INT(V56*3385),V56))) | AA56: =IF(G56="","",IF(G56=35,INT(W56*3385),IF(G56=26,INT(W56*3385),W56))) | AB56: =IF(H56="","",IF(H56=35,X56*3385,IF(H56=26,X56*3385,X56))) | AE56: =IF(M56="","",IF(M56=23,"",ROUND(M56*4/6,4))) | AF56: =_xlfn.TEXTJOIN(",",TRUE,Y56,Z56,AA56,AB56) -> 0.043
C57: 103 | D57: 160601 | E57: 8 | F57: 9 | J57: 0.1612 | K57: 0.4433 | P57: 100 | Q57: Lv.60英雄低速武器-敏暴刺客 | U57: =IF(J57="","",IF(J57=23,"",ROUND(J57*4/6,4))) -> 0.1075 | V57: =IF(K57="","",IF(K57=23,"",ROUND(K57*4/6,4))) -> 0.2955 | W57: =IF(L57="","",IF(L57=23,"",ROUND(L57*4/6,4))) | Y57: =IF(E57="","",IF(E57=35,INT(U57*3385),IF(E57=26,INT(U57*3385),U57))) -> 0.1075 | Z57: =IF(F57="","",IF(F57=35,INT(V57*3385),IF(F57=26,INT(V57*3385),V57))) -> 0.2955 | AA57: =IF(G57="","",IF(G57=35,INT(W57*3385),IF(G57=26,INT(W57*3385),W57))) | AB57: =IF(H57="","",IF(H57=35,X57*3385,IF(H57=26,X57*3385,X57))) | AE57: =IF(M57="","",IF(M57=23,"",ROUND(M57*4/6,4))) | AF57: =_xlfn.TEXTJOIN(",",TRUE,Y57,Z57,AA57,AB57) -> 0.1075,0.2955
C58: 203 | D58: 160602 | E58: 11 | J58: 0.0919 | P58: 100 | Q58: Lv.60英雄低速衣服-敏暴刺客 | U58: =IF(J58="","",IF(J58=23,"",ROUND(J58*4/6,4))) -> 0.0613 | V58: =IF(K58="","",IF(K58=23,"",ROUND(K58*4/6,4))) | W58: =IF(L58="","",IF(L58=23,"",ROUND(L58*4/6,4))) | Y58: =IF(E58="","",IF(E58=35,INT(U58*3385),IF(E58=26,INT(U58*3385),U58))) -> 0.0613 | Z58: =IF(F58="","",IF(F58=35,INT(V58*3385),IF(F58=26,INT(V58*3385),V58))) | AA58: =IF(G58="","",IF(G58=35,INT(W58*3385),IF(G58=26,INT(W58*3385),W58))) | AB58: =IF(H58="","",IF(H58=35,X58*3385,IF(H58=26,X58*3385,X58))) | AE58: =IF(M58="","",IF(M58=23,"",ROUND(M58*4/6,4))) | AF58: =_xlfn.TEXTJOIN(",",TRUE,Y58,Z58,AA58,AB58) -> 0.0613
C59: 303 | D59: 160603 | E59: 5 | F59: 9 | J59: 0.2821 | K59: 0.4433 | P59: 100 | Q59: Lv.60英雄低速戒指-敏暴刺客 | U59: =IF(J59="","",IF(J59=23,"",ROUND(J59*4/6,4))) -> 0.1881 | V59: =IF(K59="","",IF(K59=23,"",ROUND(K59*4/6,4))) -> 0.2955 | W59: =IF(L59="","",IF(L59=23,"",ROUND(L59*4/6,4))) | Y59: =IF(E59="","",IF(E59=35,INT(U59*3385),IF(E59=26,INT(U59*3385),U59))) -> 0.1881 | Z59: =IF(F59="","",IF(F59=35,INT(V59*3385),IF(F59=26,INT(V59*3385),V59))) -> 0.2955 | AA59: =IF(G59="","",IF(G59=35,INT(W59*3385),IF(G59=26,INT(W59*3385),W59))) | AB59: =IF(H59="","",IF(H59=35,X59*3385,IF(H59=26,X59*3385,X59))) | AE59: =IF(M59="","",IF(M59=23,"",ROUND(M59*4/6,4))) | AF59: =_xlfn.TEXTJOIN(",",TRUE,Y59,Z59,AA59,AB59) -> 0.1881,0.2955
C60: 403 | D60: 160604 | E60: 7 | J60: 0.0645 | P60: 100 | Q60: Lv.60英雄低速项链-敏暴刺客 | U60: =IF(J60="","",IF(J60=23,"",ROUND(J60*4/6,4))) -> 0.043 | V60: =IF(K60="","",IF(K60=23,"",ROUND(K60*4/6,4))) | W60: =IF(L60="","",IF(L60=23,"",ROUND(L60*4/6,4))) | Y60: =IF(E60="","",IF(E60=35,INT(U60*3385),IF(E60=26,INT(U60*3385),U60))) -> 0.043 | Z60: =IF(F60="","",IF(F60=35,INT(V60*3385),IF(F60=26,INT(V60*3385),V60))) | AA60: =IF(G60="","",IF(G60=35,INT(W60*3385),IF(G60=26,INT(W60*3385),W60))) | AB60: =IF(H60="","",IF(H60=35,X60*3385,IF(H60=26,X60*3385,X60))) | AE60: =IF(M60="","",IF(M60=23,"",ROUND(M60*4/6,4))) | AF60: =_xlfn.TEXTJOIN(",",TRUE,Y60,Z60,AA60,AB60) -> 0.043
C61: 103 | D61: 160701 | E61: 5 | F61: 9 | J61: 0.1975 | K61: 0.2216 | P61: 100 | Q61: Lv.60英雄低速武器-闪避刺客 | U61: =IF(J61="","",IF(J61=23,"",ROUND(J61*4/6,4))) -> 0.1317 | V61: =IF(K61="","",IF(K61=23,"",ROUND(K61*4/6,4))) -> 0.1477 | W61: =IF(L61="","",IF(L61=23,"",ROUND(L61*4/6,4))) | Y61: =IF(E61="","",IF(E61=35,INT(U61*3385),IF(E61=26,INT(U61*3385),U61))) -> 0.1317 | Z61: =IF(F61="","",IF(F61=35,INT(V61*3385),IF(F61=26,INT(V61*3385),V61))) -> 0.1477 | AA61: =IF(G61="","",IF(G61=35,INT(W61*3385),IF(G61=26,INT(W61*3385),W61))) | AB61: =IF(H61="","",IF(H61=35,X61*3385,IF(H61=26,X61*3385,X61))) | AE61: =IF(M61="","",IF(M61=23,"",ROUND(M61*4/6,4))) | AF61: =_xlfn.TEXTJOIN(",",TRUE,Y61,Z61,AA61,AB61) -> 0.1317,0.1477
C62: 203 | D62: 160702 | E62: 11 | J62: 0.1531 | P62: 100 | Q62: Lv.60英雄低速衣服-闪避刺客 | U62: =IF(J62="","",IF(J62=23,"",ROUND(J62*4/6,4))) -> 0.1021 | V62: =IF(K62="","",IF(K62=23,"",ROUND(K62*4/6,4))) | W62: =IF(L62="","",IF(L62=23,"",ROUND(L62*4/6,4))) | Y62: =IF(E62="","",IF(E62=35,INT(U62*3385),IF(E62=26,INT(U62*3385),U62))) -> 0.1021 | Z62: =IF(F62="","",IF(F62=35,INT(V62*3385),IF(F62=26,INT(V62*3385),V62))) | AA62: =IF(G62="","",IF(G62=35,INT(W62*3385),IF(G62=26,INT(W62*3385),W62))) | AB62: =IF(H62="","",IF(H62=35,X62*3385,IF(H62=26,X62*3385,X62))) | AE62: =IF(M62="","",IF(M62=23,"",ROUND(M62*4/6,4))) | AF62: =_xlfn.TEXTJOIN(",",TRUE,Y62,Z62,AA62,AB62) -> 0.1021
C63: 303 | D63: 160703 | E63: 6 | F63: 9 | J63: 0.0846 | K63: 0.2216 | P63: 100 | Q63: Lv.60英雄低速戒指-闪避刺客 | U63: =IF(J63="","",IF(J63=23,"",ROUND(J63*4/6,4))) -> 0.0564 | V63: =IF(K63="","",IF(K63=23,"",ROUND(K63*4/6,4))) -> 0.1477 | W63: =IF(L63="","",IF(L63=23,"",ROUND(L63*4/6,4))) | Y63: =IF(E63="","",IF(E63=35,INT(U63*3385),IF(E63=26,INT(U63*3385),U63))) -> 0.0564 | Z63: =IF(F63="","",IF(F63=35,INT(V63*3385),IF(F63=26,INT(V63*3385),V63))) -> 0.1477 | AA63: =IF(G63="","",IF(G63=35,INT(W63*3385),IF(G63=26,INT(W63*3385),W63))) | AB63: =IF(H63="","",IF(H63=35,X63*3385,IF(H63=26,X63*3385,X63))) | AE63: =IF(M63="","",IF(M63=23,"",ROUND(M63*4/6,4))) | AF63: =_xlfn.TEXTJOIN(",",TRUE,Y63,Z63,AA63,AB63) -> 0.0564,0.1477
C64: 403 | D64: 160704 | E64: 7 | J64: 0.3224 | P64: 100 | Q64: Lv.60英雄低速项链-闪避刺客 | U64: =IF(J64="","",IF(J64=23,"",ROUND(J64*4/6,4))) -> 0.2149 | V64: =IF(K64="","",IF(K64=23,"",ROUND(K64*4/6,4))) | W64: =IF(L64="","",IF(L64=23,"",ROUND(L64*4/6,4))) | Y64: =IF(E64="","",IF(E64=35,INT(U64*3385),IF(E64=26,INT(U64*3385),U64))) -> 0.2149 | Z64: =IF(F64="","",IF(F64=35,INT(V64*3385),IF(F64=26,INT(V64*3385),V64))) | AA64: =IF(G64="","",IF(G64=35,INT(W64*3385),IF(G64=26,INT(W64*3385),W64))) | AB64: =IF(H64="","",IF(H64=35,X64*3385,IF(H64=26,X64*3385,X64))) | AE64: =IF(M64="","",IF(M64=23,"",ROUND(M64*4/6,4))) | AF64: =_xlfn.TEXTJOIN(",",TRUE,Y64,Z64,AA64,AB64) -> 0.2149
