Workbook

Sheet Sheet1
A1: 7 | B1: 1 | C1: 9999 | D1: 20
A2: id | B2: EmptyKey-B2 | C2: 动画名称 | D2: 动画icon | E2: 动画描述文字 | F2: 附加声音 | G2: 声音延迟 | H2: 附加特效 | I2: 是否在表情面板显示 3 | J2: 是否在场景显示 1 | K2: 是否在阵容显示 2 | L2: 台词 | M2: 台词位置调整 | N2: 台词时长 | O2: 模型Id | P2: 是否在换装页面显示 | Q2: 是否在装备抽奖界面显示 | R2: 是否是骑乘动作 | S2: 动画触发条件 | T2: 是否在个性形象模型界面显示 | U2: EmptyKey-T2 | V2: EmptyKey-U2 | W2: ↓超 | X2: 动画icon-W2 | Y2: 动画描述文字-X2
A3: id | C3: animName | D3: animIcon | E3: animText | F3: sound | G3: soundDelay | H3: effect | I3: showInEmoji | J3: showInScene | K3: showInFormation | L3: lines | M3: linesOffset | N3: linesDuration | O3: modelId | P3: showInFashion | Q3: showInEquipLuckDraw | R3: showInRide | S3: triggerCondition | T3: showPersonalityModel | X3: animIcon | Y3: animText
A4: int | C4: string(intern) | D4: string(intern) | E4: string(intern) | F4: string | G4: float | H4: string | I4: int | J4: int | K4: int | L4: string | M4: string | N4: float | O4: int | P4: int | Q4: int | R4: int | S4: string(intern) | T4: int | X4: string(intern) | Y4: string(intern)
A5: primary | C5: none | D5: none | E5: none | F5: none | G5: none | H5: none | I5: none | J5: none | K5: none | L5: none | M5: none | N5: none | O5: index | P5: none | Q5: none | R5: none | S5: none | T5: none | X5: none | Y5: none
A7: =ROW()-6 -> 1 | B7: 113001 | C7: mood01 | D7: =X7 -> UI_icon_teshudognzuo_16 | E7: =W7 -> 挑衅 | F7: CV_CrocodileCZ_zhenrong01 | I7: 0 | J7: 1 | K7: 1 | L7: 把所有人都杀掉就好了 | M7: -40,100 | N7: 3.1 | O7: 35 | P7: 1 | U7: 克罗克达尔 | V7: 1 | W7: 挑衅 | X7: =IF(ISBLANK(W7),"",VLOOKUP($W7,Sheet2!$A$2:$E$29,3,FALSE)) -> UI_icon_teshudognzuo_16 | Y7: =IF(ISBLANK(W7),"",VLOOKUP($W7,Sheet2!$A$2:$E$29,4,FALSE)) -> BQ_mood16
A8: =ROW()-6 -> 2 | B8: 113001 | C8: mood02 | D8: =X8 -> UI_icon_teshudognzuo_05 | E8: =W8 -> 示威 | F8: CV_CrocodileCZ_zhenrong02 | I8: 0 | J8: 0 | K8: 1 | L8: 不要碍事！ | M8: -400,130 | N8: 2.5 | O8: 35 | P8: 0 | V8: 2 | W8: 示威 | X8: =IF(ISBLANK(W8),"",VLOOKUP($W8,Sheet2!$A$2:$E$29,3,FALSE)) -> UI_icon_teshudognzuo_05 | Y8: =IF(ISBLANK(W8),"",VLOOKUP($W8,Sheet2!$A$2:$E$29,4,FALSE)) -> BQ_mood05
A9: =ROW()-6 -> 3 | B9: 113001 | C9: mood03 | D9: =X9 -> UI_icon_teshudognzuo_27 | E9: =W9 -> 秀 | F9: CV_crocodile04 | I9: 1 | J9: 0 | K9: 0 | L9: 用我的右手把它风化吧 | M9: -400,150 | N9: 3.6 | O9: 35 | P9: 0 | V9: 3 | W9: 秀 | X9: =IF(ISBLANK(W9),"",VLOOKUP($W9,Sheet2!$A$2:$E$29,3,FALSE)) -> UI_icon_teshudognzuo_27 | Y9: =IF(ISBLANK(W9),"",VLOOKUP($W9,Sheet2!$A$2:$E$29,4,FALSE)) -> BQ_mood27
A10: =ROW()-6 -> 4 | B10: 113001 | C10: mood04 | D10: =X10 -> UI_icon_teshudognzuo_01 | E10: =W10 -> 认同 | I10: 1 | J10: 0 | K10: 0 | N10: 3 | O10: 35 | P10: 0 | V10: 4 | W10: 认同 | X10: =IF(ISBLANK(W10),"",VLOOKUP($W10,Sheet2!$A$2:$E$29,3,FALSE)) -> UI_icon_teshudognzuo_01 | Y10: =IF(ISBLANK(W10),"",VLOOKUP($W10,Sheet2!$A$2:$E$29,4,FALSE)) -> BQ_mood01
A11: =ROW()-6 -> 5 | B11: 113001 | C11: mood05 | D11: =X11 -> UI_icon_teshudognzuo_08 | E11: =W11 -> 休闲 | F11: CV_CrocodileCZ_zhenrong04 | I11: 0 | J11: 1 | K11: 1 | L11: 需要一点点兵力，怎么样？跟我一起来吗？ | M11: -420,10 | N11: 4.9 | O11: 35 | P11: 1 | V11: 5 | W11: 休闲 | X11: =IF(ISBLANK(W11),"",VLOOKUP($W11,Sheet2!$A$2:$E$29,3,FALSE)) -> UI_icon_teshudognzuo_08 | Y11: =IF(ISBLANK(W11),"",VLOOKUP($W11,Sheet2!$A$2:$E$29,4,FALSE)) -> BQ_mood08
A12: =ROW()-6 -> 6 | B12: 113001 | C12: mood06 | D12: =X12 -> UI_icon_teshudognzuo_02 | E12: =W12 -> 拒绝 | F12: CV_CrocodileCZ_zhenrong05 | I12: 1 | J12: 1 | K12: 1 | L12: 你们太弱了… | M12: -40,150 | N12: 1.8 | O12: 35 | P12: 1 | V12: 6 | W12: 拒绝 | X12: =IF(ISBLANK(W12),"",VLOOKUP($W12,Sheet2!$A$2:$E$29,3,FALSE)) -> UI_icon_teshudognzuo_02 | Y12: =IF(ISBLANK(W12),"",VLOOKUP($W12,Sheet2!$A$2:$E$29,4,FALSE)) -> BQ_mood02
A13: =ROW()-6 -> 7 | B13: =B7+1 -> 113002 | C13: mood01 | D13: UI_icon_teshudognzuo_27 | E13: 秀 | F13: CV_EnelCZ_zhenrong02 | I13: 1 | J13: 0 | K13: 1 | L13: 我是神，万事都要顺我的意！ | M13: -30,75 | N13: 4.3 | O13: 36 | P13: 0 | U13: 艾尼路 | V13: 1 | W13: 秀 | X13: =IF(ISBLANK(W13),"",VLOOKUP($W13,Sheet2!$A$2:$E$29,3,FALSE)) -> UI_icon_teshudognzuo_27 | Y13: =IF(ISBLANK(W13),"",VLOOKUP($W13,Sheet2!$A$2:$E$29,4,FALSE)) -> BQ_mood27
A14: =ROW()-6 -> 8 | B14: =B8+1 -> 113002 | C14: mood02 | D14: UI_icon_teshudognzuo_05 | E14: 示威 | F14: CV_enel05 | I14: 1 | J14: 1 | K14: 0 | L14: 说话小心点，我是神！ | M14: -30,40 | N14: 3.8 | O14: 36 | P14: 0 | V14: 2 | W14: 示威 | X14: =IF(ISBLANK(W14),"",VLOOKUP($W14,Sheet2!$A$2:$E$29,3,FALSE)) -> UI_icon_teshudognzuo_05 | Y14: =IF(ISBLANK(W14),"",VLOOKUP($W14,Sheet2!$A$2:$E$29,4,FALSE)) -> BQ_mood05
A15: =ROW()-6 -> 9 | B15: =B9+1 -> 113002 | C15: mood03 | D15: UI_icon_teshudognzuo_18 | E15: 哈气 | F15: CV_EnelCZ_zhenrong01 | I15: 0 | J15: 1 | K15: 1 | L15: 没有什么是不可能的，我是全能之神！ | M15: -30,10 | N15: 5.5 | O15: 36 | P15: 0 | V15: 3 | W15: 哈气 | X15: =IF(ISBLANK(W15),"",VLOOKUP($W15,Sheet2!$A$2:$E$29,3,FALSE)) -> UI_icon_teshudognzuo_18 | Y15: =IF(ISBLANK(W15),"",VLOOKUP($W15,Sheet2!$A$2:$E$29,4,FALSE)) -> BQ_mood18
A16: =ROW()-6 -> 10 | B16: =B10+1 -> 113002 | C16: mood04 | D16: UI_icon_teshudognzuo_08 | E16: 休闲 | I16: 0 | J16: 1 | K16: 0 | N16: 6 | O16: 36 | P16: 0 | V16: 4 | W16: 休闲 | X16: =IF(ISBLANK(W16),"",VLOOKUP($W16,Sheet2!$A$2:$E$29,3,FALSE)) -> UI_icon_teshudognzuo_08 | Y16: =IF(ISBLANK(W16),"",VLOOKUP($W16,Sheet2!$A$2:$E$29,4,FALSE)) -> BQ_mood08
A17: =ROW()-6 -> 11 | B17: =B12+1 -> 113002 | C17: mood05 | D17: UI_icon_teshudognzuo_16 | E17: 挑衅 | F17: CV_EnelCZ_zhenrong03 | I17: 1 | J17: 0 | K17: 1 | L17: 怎么样，一起来看看这个国家毁灭的模样吧 | M17: -30,10 | N17: 6.3 | O17: 36 | P17: 0 | V17: 5 | W17: 挑衅 | X17: =IF(ISBLANK(W17),"",VLOOKUP($W17,Sheet2!$A$2:$E$29,3,FALSE)) -> UI_icon_teshudognzuo_16 | Y17: =IF(ISBLANK(W17),"",VLOOKUP($W17,Sheet2!$A$2:$E$29,4,FALSE)) -> BQ_mood16
A18: =ROW()-6 -> 12 | B18: =B13+1 -> 113003 | C18: mood01 | D18: UI_icon_teshudognzuo_13 | E18: 鼓掌 | I18: 1 | J18: 0 | K18: 0 | N18: 3 | O18: 16 | P18: 0 | U18: 青雉 | V18: 1 | W18: 鼓掌 | X18: =IF(ISBLANK(W18),"",VLOOKUP($W18,Sheet2!$A$2:$E$29,3,FALSE)) -> UI_icon_teshudognzuo_13 | Y18: =IF(ISBLANK(W18),"",VLOOKUP($W18,Sheet2!$A$2:$E$29,4,FALSE)) -> BQ_mood13
A19: =ROW()-6 -> 13 | B19: =B14+1 -> 113003 | C19: mood02 | D19: UI_icon_teshudognzuo_14 | E19: 无奈 | I19: 1 | J19: 1 | K19: 0 | N19: 3 | O19: 16 | P19: 0 | V19: 2 | W19: 无奈 | X19: =IF(ISBLANK(W19),"",VLOOKUP($W19,Sheet2!$A$2:$E$29,3,FALSE)) -> UI_icon_teshudognzuo_14 | Y19: =IF(ISBLANK(W19),"",VLOOKUP($W19,Sheet2!$A$2:$E$29,4,FALSE)) -> BQ_mood14
A20: =ROW()-6 -> 14 | B20: =B15+1 -> 113003 | C20: mood03 | D20: UI_icon_teshudognzuo_03 | E20: 打招呼 | F20: CV_kuzanCZ_02 | I20: 1 | J20: 0 | K20: 1 | L20: 这个舞台，对于你来说还太早了点！ | M20: -400,30 | N20: 3.5 | O20: 16 | P20: 0 | V20: 3 | W20: 打招呼 | X20: =IF(ISBLANK(W20),"",VLOOKUP($W20,Sheet2!$A$2:$E$29,3,FALSE)) -> UI_icon_teshudognzuo_03 | Y20: =IF(ISBLANK(W20),"",VLOOKUP($W20,Sheet2!$A$2:$E$29,4,FALSE)) -> BQ_mood03
A21: =ROW()-6 -> 15 | B21: =B16+1 -> 113003 | C21: mood04 | D21: UI_icon_teshudognzuo_04 | E21: 休闲 | F21: CV_kuzanCZ_01 | I21: 0 | J21: 1 | K21: 1 | L21: 哎吆喂，总算来到这里了吗… | M21: -400,55 | N21: 2.7 | O21: 16 | P21: 0 | V21: 4 | W21: 放松 | X21: =IF(ISBLANK(W21),"",VLOOKUP($W21,Sheet2!$A$2:$E$29,3,FALSE)) -> UI_icon_teshudognzuo_04 | Y21: =IF(ISBLANK(W21),"",VLOOKUP($W21,Sheet2!$A$2:$E$29,4,FALSE)) -> BQ_mood04
A22: =ROW()-6 -> 16 | B22: =B17+1 -> 113003 | C22: mood05 | D22: UI_icon_teshudognzuo_08 | E22: 休闲 | I22: 0 | J22: 1 | K22: 0 | N22: 6 | O22: 16 | P22: 0 | V22: 5 | W22: 休闲 | X22: =IF(ISBLANK(W22),"",VLOOKUP($W22,Sheet2!$A$2:$E$29,3,FALSE)) -> UI_icon_teshudognzuo_08 | Y22: =IF(ISBLANK(W22),"",VLOOKUP($W22,Sheet2!$A$2:$E$29,4,FALSE)) -> BQ_mood08
A23: =ROW()-6 -> 17 | B23: =B18+1 -> 113004 | C23: mood01 | D23: UI_icon_teshudognzuo_17 | E23: 抠鼻 | F23: CV_GarpCZ_zhenrong01 | I23: 1 | J23: 1 | K23: 1 | L23: 你真是大闹了一通啊 | M23: -50,80 | N23: 2 | O23: 42 | P23: 1 | U23: 卡普 | V23: 1 | W23: 抠鼻 | X23: =IF(ISBLANK(W23),"",VLOOKUP($W23,Sheet2!$A$2:$E$29,3,FALSE)) -> UI_icon_teshudognzuo_17 | Y23: =IF(ISBLANK(W23),"",VLOOKUP($W23,Sheet2!$A$2:$E$29,4,FALSE)) -> BQ_mood17
A24: =ROW()-6 -> 18 | B24: =B19+1 -> 113004 | C24: mood02 | D24: UI_icon_teshudognzuo_18 | E24: 哈气 | F24: CV_GarpCZ_zhenrong02 | I24: 0 | J24: 1 | K24: 1 | L24: 无聊！ | M24: -70,170 | N24: 1 | O24: 42 | P24: 1 | V24: 2 | W24: 哈气 | X24: =IF(ISBLANK(W24),"",VLOOKUP($W24,Sheet2!$A$2:$E$29,3,FALSE)) -> UI_icon_teshudognzuo_18 | Y24: =IF(ISBLANK(W24),"",VLOOKUP($W24,Sheet2!$A$2:$E$29,4,FALSE)) -> BQ_mood18
A25: =ROW()-6 -> 19 | B25: =B20+1 -> 113004 | C25: mood03 | D25: UI_icon_teshudognzuo_19 | E25: 哈气 | F25: CV_GarpCZ_zhenrong03 | I25: 1 | J25: 0 | K25: 1 | L25: 这样进去的话会比较帅嘛！ | M25: 10,80 | N25: 2.2 | O25: 42 | P25: 1 | V25: 3 | W25: 合影 | X25: =IF(ISBLANK(W25),"",VLOOKUP($W25,Sheet2!$A$2:$E$29,3,FALSE)) -> UI_icon_teshudognzuo_19 | Y25: =IF(ISBLANK(W25),"",VLOOKUP($W25,Sheet2!$A$2:$E$29,4,FALSE)) -> BQ_mood19
A26: =ROW()-6 -> 20 | B26: =B21+1 -> 113004 | C26: mood04 | D26: UI_icon_teshudognzuo_07 | E26: 观望 | I26: 0 | J26: 1 | K26: 0 | N26: 3 | O26: 42 | P26: 0 | V26: 4 | W26: 观望 | X26: =IF(ISBLANK(W26),"",VLOOKUP($W26,Sheet2!$A$2:$E$29,3,FALSE)) -> UI_icon_teshudognzuo_07 | Y26: =IF(ISBLANK(W26),"",VLOOKUP($W26,Sheet2!$A$2:$E$29,4,FALSE)) -> BQ_mood07
A27: =ROW()-6 -> 21 | B27: =B22+1 -> 113004 | C27: mood05 | D27: UI_icon_teshudognzuo_20 | E27: 睡觉 | I27: 1 | J27: 1 | K27: 0 | N27: 3 | O27: 42 | P27: 0 | V27: 5 | W27: 睡觉 | X27: =IF(ISBLANK(W27),"",VLOOKUP($W27,Sheet2!$A$2:$E$29,3,FALSE)) -> UI_icon_teshudognzuo_20 | Y27: =IF(ISBLANK(W27),"",VLOOKUP($W27,Sheet2!$A$2:$E$29,4,FALSE)) -> BQ_mood20
A28: =ROW()-6 -> 22 | B28: =B23+1 -> 113005 | C28: mood01 | D28: UI_icon_teshudognzuo_01 | E28: 认同 | F28: CV_moria04 | I28: 1 | J28: 0 | K28: 1 | L28: 你帮我做吧。 | M28: -30,100 | N28: 2 | O28: 53 | P28: 0 | U28: 莫利亚 | V28: 1 | W28: 认同 | X28: =IF(ISBLANK(W28),"",VLOOKUP($W28,Sheet2!$A$2:$E$29,3,FALSE)) -> UI_icon_teshudognzuo_01 | Y28: =IF(ISBLANK(W28),"",VLOOKUP($W28,Sheet2!$A$2:$E$29,4,FALSE)) -> BQ_mood01
A29: =ROW()-6 -> 23 | B29: =B24+1 -> 113005 | C29: mood02 | D29: UI_icon_teshudognzuo_02 | E29: 拒绝 | F29: CV_moria05 | I29: 1 | J29: 0 | K29: 1 | L29: 吵吵嚷嚷，烦死了！！ | M29: -30,80 | N29: 4 | O29: 53 | P29: 0 | V29: 2 | W29: 拒绝 | X29: =IF(ISBLANK(W29),"",VLOOKUP($W29,Sheet2!$A$2:$E$29,3,FALSE)) -> UI_icon_teshudognzuo_02 | Y29: =IF(ISBLANK(W29),"",VLOOKUP($W29,Sheet2!$A$2:$E$29,4,FALSE)) -> BQ_mood02
A30: =ROW()-6 -> 24 | B30: =B25+1 -> 113005 | C30: mood03 | D30: UI_icon_teshudognzuo_03 | E30: 打招呼 | I30: 1 | J30: 0 | K30: 0 | N30: 3 | O30: 53 | P30: 0 | V30: 3 | W30: 打招呼 | X30: =IF(ISBLANK(W30),"",VLOOKUP($W30,Sheet2!$A$2:$E$29,3,FALSE)) -> UI_icon_teshudognzuo_03 | Y30: =IF(ISBLANK(W30),"",VLOOKUP($W30,Sheet2!$A$2:$E$29,4,FALSE)) -> BQ_mood03
A31: =ROW()-6 -> 25 | B31: =B26+1 -> 113005 | C31: mood04 | D31: UI_icon_teshudognzuo_04 | E31: 休闲 | I31: 0 | J31: 4 | K31: 0 | N31: 3 | O31: 53 | P31: 0 | V31: 4 | W31: 放松 | X31: =IF(ISBLANK(W31),"",VLOOKUP($W31,Sheet2!$A$2:$E$29,3,FALSE)) -> UI_icon_teshudognzuo_04 | Y31: =IF(ISBLANK(W31),"",VLOOKUP($W31,Sheet2!$A$2:$E$29,4,FALSE)) -> BQ_mood04
A32: =ROW()-6 -> 26 | B32: =B27+1 -> 113005 | C32: mood05 | D32: UI_icon_teshudognzuo_27 | E32: 秀 | F32: CV_moria02 | I32: 1 | J32: 5 | K32: 1 | L32: 通过吸收别人的影子，我会变得更强，你知道吗？！ | M32: -20,10 | N32: 6.8 | O32: 53 | P32: 0 | V32: 5 | W32: 秀 | X32: =IF(ISBLANK(W32),"",VLOOKUP($W32,Sheet2!$A$2:$E$29,3,FALSE)) -> UI_icon_teshudognzuo_27 | Y32: =IF(ISBLANK(W32),"",VLOOKUP($W32,Sheet2!$A$2:$E$29,4,FALSE)) -> BQ_mood27
A33: =ROW()-6 -> 27 | B33: =B28+1 -> 113006 | C33: mood01 | D33: =X33 -> UI_icon_teshudognzuo_01 | E33: =W33 -> 认同 | F33: CV_kumaCZ_zhenrong03 | I33: 1 | J33: 0 | K33: 1 | L33: 小事一桩 | M33: -30,160 | N33: 1.3 | O33: 39 | P33: 0 | U33: 大熊 | V33: 1 | W33: 认同 | X33: =IF(ISBLANK(W33),"",VLOOKUP($W33,Sheet2!$A$2:$E$29,3,FALSE)) -> UI_icon_teshudognzuo_01 | Y33: =IF(ISBLANK(W33),"",VLOOKUP($W33,Sheet2!$A$2:$E$29,4,FALSE)) -> BQ_mood01
A34: =ROW()-6 -> 28 | B34: =B29+1 -> 113006 | C34: mood02 | D34: =X34 -> UI_icon_teshudognzuo_23 | E34: =W34 -> 摇头 | I34: 1 | J34: 0 | K34: 0 | N34: 3 | O34: 39 | P34: 0 | V34: 2 | W34: 摇头 | X34: =IF(ISBLANK(W34),"",VLOOKUP($W34,Sheet2!$A$2:$E$29,3,FALSE)) -> UI_icon_teshudognzuo_23 | Y34: =IF(ISBLANK(W34),"",VLOOKUP($W34,Sheet2!$A$2:$E$29,4,FALSE)) -> BQ_mood23
A35: =ROW()-6 -> 29 | B35: =B30+1 -> 113006 | C35: mood03 | D35: =X35 -> UI_icon_teshudognzuo_26 | E35: =W35 -> 看书 | I35: 1 | J35: 1 | K35: 0 | N35: 3 | O35: 39 | P35: 0 | V35: 3 | W35: 看书 | X35: =IF(ISBLANK(W35),"",VLOOKUP($W35,Sheet2!$A$2:$E$29,3,FALSE)) -> UI_icon_teshudognzuo_26 | Y35: =IF(ISBLANK(W35),"",VLOOKUP($W35,Sheet2!$A$2:$E$29,4,FALSE)) -> BQ_mood26
A36: =ROW()-6 -> 30 | B36: =B31+1 -> 113006 | C36: mood04 | D36: =X36 -> UI_icon_teshudognzuo_04 | E36: =W36 -> 放松 | F36: CV_kumaCZ_zhenrong01 | I36: 0 | J36: 1 | K36: 1 | L36: 要去旅行的话，你想去哪里呢？ | M36: -30,70 | N36: 3 | O36: 39 | P36: 0 | V36: 4 | W36: 放松 | X36: =IF(ISBLANK(W36),"",VLOOKUP($W36,Sheet2!$A$2:$E$29,3,FALSE)) -> UI_icon_teshudognzuo_04 | Y36: =IF(ISBLANK(W36),"",VLOOKUP($W36,Sheet2!$A$2:$E$29,4,FALSE)) -> BQ_mood04
A37: =ROW()-6 -> 31 | B37: =B32+1 -> 113006 | C37: mood05 | D37: =X37 -> UI_icon_teshudognzuo_28 | E37: =W37 -> 玩 | F37: CV_kumaCZ_zhenrong02 | I37: 1 | J37: 0 | K37: 1 | L37: 我是“肉球果实”的“肉球人” | M37: -30,100 | N37: 3 | O37: 39 | P37: 0 | V37: 5 | W37: 玩 | X37: =IF(ISBLANK(W37),"",VLOOKUP($W37,Sheet2!$A$2:$E$29,3,FALSE)) -> UI_icon_teshudognzuo_28 | Y37: =IF(ISBLANK(W37),"",VLOOKUP($W37,Sheet2!$A$2:$E$29,4,FALSE)) -> BQ_mood28
A38: =ROW()-6 -> 32 | B38: =B33+1 -> 113007 | C38: mood01 | D38: =X38 -> UI_icon_teshudognzuo_22 | E38: =W38 -> 大笑 | I38: 1 | J38: 0 | K38: 0 | N38: 3 | O38: 52 | P38: 0 | U38: 黄猿 | V38: 1 | W38: 大笑 | X38: =IF(ISBLANK(W38),"",VLOOKUP($W38,Sheet2!$A$2:$E$29,3,FALSE)) -> UI_icon_teshudognzuo_22 | Y38: =IF(ISBLANK(W38),"",VLOOKUP($W38,Sheet2!$A$2:$E$29,4,FALSE)) -> BQ_mood22
A39: =ROW()-6 -> 33 | B39: =B34+1 -> 113007 | C39: mood02 | D39: =X39 -> UI_icon_teshudognzuo_27 | E39: =W39 -> 秀 | F39: CV_borsalinoCZ_zhenrong_01 | I39: 1 | J39: 0 | K39: 1 | L39: 速度即“重量”…你被光速踢过吗？ | M39: -430,0 | N39: 7 | O39: 52 | P39: 0 | V39: 2 | W39: 秀 | X39: =IF(ISBLANK(W39),"",VLOOKUP($W39,Sheet2!$A$2:$E$29,3,FALSE)) -> UI_icon_teshudognzuo_27 | Y39: =IF(ISBLANK(W39),"",VLOOKUP($W39,Sheet2!$A$2:$E$29,4,FALSE)) -> BQ_mood27
A40: =ROW()-6 -> 34 | B40: =B35+1 -> 113007 | C40: mood03 | D40: =X40 -> UI_icon_teshudognzuo_04 | E40: =W40 -> 放松 | F40: CV_borsalinoCZ_zhenrong_02 | I40: 1 | J40: 1 | K40: 1 | L40: 没有实力，救不了的人即使拼尽全力也救不了… | M40: -20,0 | N40: 6.9 | O40: 52 | P40: 0 | V40: 3 | W40: 放松 | X40: =IF(ISBLANK(W40),"",VLOOKUP($W40,Sheet2!$A$2:$E$29,3,FALSE)) -> UI_icon_teshudognzuo_04 | Y40: =IF(ISBLANK(W40),"",VLOOKUP($W40,Sheet2!$A$2:$E$29,4,FALSE)) -> BQ_mood04
A41: =ROW()-6 -> 35 | B41: =B36+1 -> 113007 | C41: mood04 | D41: =X41 -> UI_icon_teshudognzuo_28 | E41: =W41 -> 玩 | F41: CV_borsalinoCZ_zhenrong_03 | I41: 0 | J41: 0 | K41: 1 | L41: 我是“闪光果实”的“闪光人” | M41: -20,0 | N41: 6.7 | O41: 52 | P41: 0 | V41: 4 | W41: 玩 | X41: =IF(ISBLANK(W41),"",VLOOKUP($W41,Sheet2!$A$2:$E$29,3,FALSE)) -> UI_icon_teshudognzuo_28 | Y41: =IF(ISBLANK(W41),"",VLOOKUP($W41,Sheet2!$A$2:$E$29,4,FALSE)) -> BQ_mood28
A42: =ROW()-6 -> 36 | B42: =B37+1 -> 113007 | C42: mood05 | D42: =X42 -> UI_icon_teshudognzuo_24 | E42: =W42 -> 时间 | F42: CV_borsalinoCZ_zhenrong_04 | I42: 0 | J42: 1 | K42: 1 | L42: 让我出马吧，去去就回，请放心 | M42: -20,100 | N42: 5.5 | O42: 52 | P42: 0 | V42: 5 | W42: 时间 | X42: =IF(ISBLANK(W42),"",VLOOKUP($W42,Sheet2!$A$2:$E$29,3,FALSE)) -> UI_icon_teshudognzuo_24 | Y42: =IF(ISBLANK(W42),"",VLOOKUP($W42,Sheet2!$A$2:$E$29,4,FALSE)) -> BQ_mood24
A43: =ROW()-6 -> 37 | B43: =B38+1 -> 113008 | C43: mood01 | D43: =X43 -> UI_icon_teshudognzuo_27 | E43: =W43 -> 秀 | F43: CV_AceCZ_01 | I43: 0 | J43: 1 | K43: 1 | L43: 你们也一定对这家伙挺头疼吧，以后还望多多关照 | M43: -420,20 | N43: 2.7 | O43: 50 | P43: 1 | U43: 艾斯 | V43: 1 | W43: 秀 | X43: =IF(ISBLANK(W43),"",VLOOKUP($W43,Sheet2!$A$2:$E$29,3,FALSE)) -> UI_icon_teshudognzuo_27 | Y43: =IF(ISBLANK(W43),"",VLOOKUP($W43,Sheet2!$A$2:$E$29,4,FALSE)) -> BQ_mood27
A44: =ROW()-6 -> 38 | B44: =B39+1 -> 113008 | C44: mood02 | D44: =X44 -> UI_icon_teshudognzuo_02 | E44: =W44 -> 拒绝 | F44: CV_AceCZ_02 | I44: 1 | J44: 0 | K44: 1 | L44: 路飞！你这家伙！ | M44: -420,20 | N44: 2.5 | O44: 50 | P44: 0 | V44: 2 | W44: 拒绝 | X44: =IF(ISBLANK(W44),"",VLOOKUP($W44,Sheet2!$A$2:$E$29,3,FALSE)) -> UI_icon_teshudognzuo_02 | Y44: =IF(ISBLANK(W44),"",VLOOKUP($W44,Sheet2!$A$2:$E$29,4,FALSE)) -> BQ_mood02
A45: =ROW()-6 -> 39 | B45: =B40+1 -> 113008 | C45: mood03 | D45: =X45 -> UI_icon_teshudognzuo_03 | E45: =W45 -> 打招呼 | F45: CV_AceCZ_03 | I45: 1 | J45: 0 | K45: 1 | L45: 我会抓住向我伸出的援手 | M45: -420,80 | N45: 2.1 | O45: 50 | P45: 1 | V45: 3 | W45: 打招呼 | X45: =IF(ISBLANK(W45),"",VLOOKUP($W45,Sheet2!$A$2:$E$29,3,FALSE)) -> UI_icon_teshudognzuo_03 | Y45: =IF(ISBLANK(W45),"",VLOOKUP($W45,Sheet2!$A$2:$E$29,4,FALSE)) -> BQ_mood03
A46: =ROW()-6 -> 40 | B46: =B41+1 -> 113008 | C46: mood04 | D46: =X46 -> UI_icon_teshudognzuo_04 | E46: =W46 -> 放松 | I46: 0 | J46: 1 | K46: 0 | M46: 0,10 | N46: 2.3 | O46: 50 | P46: 0 | V46: 4 | W46: 放松 | X46: =IF(ISBLANK(W46),"",VLOOKUP($W46,Sheet2!$A$2:$E$29,3,FALSE)) -> UI_icon_teshudognzuo_04 | Y46: =IF(ISBLANK(W46),"",VLOOKUP($W46,Sheet2!$A$2:$E$29,4,FALSE)) -> BQ_mood04
A47: =ROW()-6 -> 41 | B47: =B42+1 -> 113008 | C47: mood05 | D47: =X47 -> UI_icon_teshudognzuo_28 | E47: =W47 -> 玩 | F47: CV_AceCZ_05 | I47: 1 | J47: 0 | K47: 1 | L47: 他已经有了一群可靠的同伴们，不管遇到什么事都不怕了… | M47: -450,-20 | N47: 3.7 | O47: 50 | P47: 0 | V47: 5 | W47: 玩 | X47: =IF(ISBLANK(W47),"",VLOOKUP($W47,Sheet2!$A$2:$E$29,3,FALSE)) -> UI_icon_teshudognzuo_28 | Y47: =IF(ISBLANK(W47),"",VLOOKUP($W47,Sheet2!$A$2:$E$29,4,FALSE)) -> BQ_mood28
A48: =ROW()-6 -> 42 | B48: =B43+1 -> 113009 | C48: mood01 | D48: =X48 -> UI_icon_teshudognzuo_04 | E48: =W48 -> 放松 | F48: CV_akainuCZ_show01 | I48: 0 | J48: 1 | K48: 1 | L48: 海军里不需要三观不正的兵！ | M48: -20,20 | N48: 4.5 | O48: 40 | P48: 0 | U48: 赤犬 | V48: 1 | W48: 放松 | X48: =IF(ISBLANK(W48),"",VLOOKUP($W48,Sheet2!$A$2:$E$29,3,FALSE)) -> UI_icon_teshudognzuo_04 | Y48: =IF(ISBLANK(W48),"",VLOOKUP($W48,Sheet2!$A$2:$E$29,4,FALSE)) -> BQ_mood04
A49: =ROW()-6 -> 43 | B49: =B44+1 -> 113009 | C49: mood02 | D49: =X49 -> UI_icon_teshudognzuo_05 | E49: =W49 -> 示威 | F49: CV_akainuCZ_show02 | I49: 1 | J49: 0 | K49: 1 | L49: 又浪费了“几秒钟”啊 | M49: -400,55 | N49: 3.2 | O49: 40 | P49: 0 | V49: 2 | W49: 示威 | X49: =IF(ISBLANK(W49),"",VLOOKUP($W49,Sheet2!$A$2:$E$29,3,FALSE)) -> UI_icon_teshudognzuo_05 | Y49: =IF(ISBLANK(W49),"",VLOOKUP($W49,Sheet2!$A$2:$E$29,4,FALSE)) -> BQ_mood05
A50: =ROW()-6 -> 44 | B50: =B45+1 -> 113009 | C50: mood03 | D50: =X50 -> UI_icon_teshudognzuo_16 | E50: =W50 -> 挑衅 | I50: 1 | J50: 0 | K50: 0 | N50: 3 | O50: 40 | P50: 0 | V50: 3 | W50: 挑衅 | X50: =IF(ISBLANK(W50),"",VLOOKUP($W50,Sheet2!$A$2:$E$29,3,FALSE)) -> UI_icon_teshudognzuo_16 | Y50: =IF(ISBLANK(W50),"",VLOOKUP($W50,Sheet2!$A$2:$E$29,4,FALSE)) -> BQ_mood16
A51: =ROW()-6 -> 45 | B51: =B46+1 -> 113009 | C51: mood04 | D51: =X51 -> UI_icon_teshudognzuo_08 | E51: =W51 -> 休闲 | F51: CV_akainuCZ_show04 | I51: 0 | J51: 1 | K51: 1 | L51: 不要饶了海盗这种“邪恶”！ | M51: -20,55 | N51: 3.2 | O51: 40 | P51: 0 | V51: 4 | W51: 休闲 | X51: =IF(ISBLANK(W51),"",VLOOKUP($W51,Sheet2!$A$2:$E$29,3,FALSE)) -> UI_icon_teshudognzuo_08 | Y51: =IF(ISBLANK(W51),"",VLOOKUP($W51,Sheet2!$A$2:$E$29,4,FALSE)) -> BQ_mood08
A52: =ROW()-6 -> 46 | B52: =B47+1 -> 113009 | C52: mood05 | D52: =X52 -> UI_icon_teshudognzuo_15 | E52: =W52 -> 不屑 | F52: CV_akainuCZ_show05 | I52: 1 | J52: 0 | K52: 1 | L52: 人类不能够变得正直的话，就没有活着的价值！ | M52: -400,-20 | N52: 5.3 | O52: 40 | P52: 0 | V52: 5 | W52: 不屑 | X52: =IF(ISBLANK(W52),"",VLOOKUP($W52,Sheet2!$A$2:$E$29,3,FALSE)) -> UI_icon_teshudognzuo_15 | Y52: =IF(ISBLANK(W52),"",VLOOKUP($W52,Sheet2!$A$2:$E$29,4,FALSE)) -> BQ_mood15
A53: =ROW()-6 -> 47 | B53: =B48+1 -> 113010 | C53: mood01 | D53: UI_icon_teshudognzuo_01 | E53: 认同 | I53: 1 | J53: 0 | K53: 0 | N53: 3 | O53: 34 | P53: 0 | U53: 鹰眼 | V53: 1 | W53: 认同 | X53: =IF(ISBLANK(W53),"",VLOOKUP($W53,Sheet2!$A$2:$E$29,3,FALSE)) -> UI_icon_teshudognzuo_01 | Y53: =IF(ISBLANK(W53),"",VLOOKUP($W53,Sheet2!$A$2:$E$29,4,FALSE)) -> BQ_mood01
A54: =ROW()-6 -> 48 | B54: =B49+1 -> 113010 | C54: mood02 | D54: UI_icon_teshudognzuo_23 | E54: 摇头 | F54: CV_mihawk05 | I54: 1 | J54: 0 | K54: 0 | L54: 弱者啊 | M54: -20,50 | N54: 1.1 | O54: 34 | P54: 0 | V54: 2 | W54: 摇头 | X54: =IF(ISBLANK(W54),"",VLOOKUP($W54,Sheet2!$A$2:$E$29,3,FALSE)) -> UI_icon_teshudognzuo_23 | Y54: =IF(ISBLANK(W54),"",VLOOKUP($W54,Sheet2!$A$2:$E$29,4,FALSE)) -> BQ_mood23
A55: =ROW()-6 -> 49 | B55: =B50+1 -> 113010 | C55: mood03 | D55: UI_icon_teshudognzuo_04 | E55: 休闲 | F55: CV_mihawkCZ_zhenrong_02 | I55: 0 | J55: 1 | K55: 1 | L55: 让你见识一下世界有多大吧 | M55: -30,70 | N55: 2.3 | O55: 34 | P55: 0 | V55: 3 | W55: 放松 | X55: =IF(ISBLANK(W55),"",VLOOKUP($W55,Sheet2!$A$2:$E$29,3,FALSE)) -> UI_icon_teshudognzuo_04 | Y55: =IF(ISBLANK(W55),"",VLOOKUP($W55,Sheet2!$A$2:$E$29,4,FALSE)) -> BQ_mood04
A56: =ROW()-6 -> 50 | B56: =B51+1 -> 113010 | C56: mood04 | D56: UI_icon_teshudognzuo_27 | E56: 秀 | F56: CV_mihawkCZ_zhenrong_03 | I56: 0 | J56: 1 | K56: 1 | L56: 井底之蛙… | M56: -30,100 | N56: 2.1 | O56: 34 | P56: 0 | V56: 4 | W56: 秀 | X56: =IF(ISBLANK(W56),"",VLOOKUP($W56,Sheet2!$A$2:$E$29,3,FALSE)) -> UI_icon_teshudognzuo_27 | Y56: =IF(ISBLANK(W56),"",VLOOKUP($W56,Sheet2!$A$2:$E$29,4,FALSE)) -> BQ_mood27
A57: =ROW()-6 -> 51 | B57: =B52+1 -> 113010 | C57: mood05 | D57: UI_icon_teshudognzuo_21 | E57: 思考 | F57: CV_mihawkCZ_zhenrong_01 | I57: 0 | J57: 1 | K57: 1 | L57: 精彩！ | M57: -30,120 | N57: 1.2 | O57: 34 | P57: 0 | V57: 5 | W57: 思考 | X57: =IF(ISBLANK(W57),"",VLOOKUP($W57,Sheet2!$A$2:$E$29,3,FALSE)) -> UI_icon_teshudognzuo_21 | Y57: =IF(ISBLANK(W57),"",VLOOKUP($W57,Sheet2!$A$2:$E$29,4,FALSE)) -> BQ_mood21
A58: =ROW()-6 -> 52 | B58: =B53+1 -> 113011 | C58: mood01 | D58: =X58 -> UI_icon_teshudognzuo_04 | E58: =W58 -> 放松 | I58: 1 | J58: 1 | K58: 0 | N58: 3 | O58: 17 | P58: 0 | U58: 罗布路奇 | V58: 1 | W58: 放松 | X58: =IF(ISBLANK(W58),"",VLOOKUP($W58,Sheet2!$A$2:$E$29,3,FALSE)) -> UI_icon_teshudognzuo_04 | Y58: =IF(ISBLANK(W58),"",VLOOKUP($W58,Sheet2!$A$2:$E$29,4,FALSE)) -> BQ_mood04
A59: =ROW()-6 -> 53 | B59: =B54+1 -> 113011 | C59: mood02 | D59: =X59 -> UI_icon_teshudognzuo_08 | E59: =W59 -> 休闲 | F59: CV_LucciCZ_show01 | I59: 1 | J59: 0 | K59: 1 | L59: 我们的正义已经存在于世界政府之中 | M59: 10,20 | N59: 3 | O59: 17 | P59: 1 | V59: 2 | W59: 休闲 | X59: =IF(ISBLANK(W59),"",VLOOKUP($W59,Sheet2!$A$2:$E$29,3,FALSE)) -> UI_icon_teshudognzuo_08 | Y59: =IF(ISBLANK(W59),"",VLOOKUP($W59,Sheet2!$A$2:$E$29,4,FALSE)) -> BQ_mood08
A60: =ROW()-6 -> 54 | B60: =B55+1 -> 113011 | C60: mood03 | D60: =X60 -> UI_icon_teshudognzuo_03 | E60: =W60 -> 打招呼 | F60: CV_LucciCZ_show02 | I60: 0 | J60: 0 | K60: 1 | L60: 在这里，杀戮同样正当化了 | M60: -20,20 | N60: 3.5 | O60: 17 | P60: 1 | V60: 3 | W60: 打招呼 | X60: =IF(ISBLANK(W60),"",VLOOKUP($W60,Sheet2!$A$2:$E$29,3,FALSE)) -> UI_icon_teshudognzuo_03 | Y60: =IF(ISBLANK(W60),"",VLOOKUP($W60,Sheet2!$A$2:$E$29,4,FALSE)) -> BQ_mood03
A61: =ROW()-6 -> 55 | B61: =B56+1 -> 113011 | C61: mood04 | D61: =X61 -> UI_icon_teshudognzuo_07 | E61: =W61 -> 观望 | I61: 1 | J61: 1 | K61: 0 | N61: 3 | O61: 17 | P61: 0 | V61: 4 | W61: 观望 | X61: =IF(ISBLANK(W61),"",VLOOKUP($W61,Sheet2!$A$2:$E$29,3,FALSE)) -> UI_icon_teshudognzuo_07 | Y61: =IF(ISBLANK(W61),"",VLOOKUP($W61,Sheet2!$A$2:$E$29,4,FALSE)) -> BQ_mood07
A62: =ROW()-6 -> 56 | B62: =B57+1 -> 113011 | C62: mood05 | D62: =X62 -> UI_icon_teshudognzuo_28 | E62: =W62 -> 玩 | F62: CV_LucciCZ_show03 | I62: 0 | J62: 1 | K62: 1 | L62: 某些市民如果不配合政府的话，我们有权将其就地处决 | M62: -460,-50 | N62: 6 | O62: 17 | P62: 1 | V62: 5 | W62: 玩 | X62: =IF(ISBLANK(W62),"",VLOOKUP($W62,Sheet2!$A$2:$E$29,3,FALSE)) -> UI_icon_teshudognzuo_28 | Y62: =IF(ISBLANK(W62),"",VLOOKUP($W62,Sheet2!$A$2:$E$29,4,FALSE)) -> BQ_mood28
A63: =ROW()-6 -> 57 | B63: =B58+1 -> 113012 | C63: mood01 | D63: =X63 -> UI_icon_teshudognzuo_15 | E63: =W63 -> 不屑 | F63: CV_JinbeCZ_zhenrong1 | I63: 1 | J63: 0 | K63: 1 | L63: 到了海上就是老夫的领地了！ | M63: -20,20 | N63: 3 | O63: 54 | P63: 0 | U63: 甚平 | V63: 1 | W63: 不屑 | X63: =IF(ISBLANK(W63),"",VLOOKUP($W63,Sheet2!$A$2:$E$29,3,FALSE)) -> UI_icon_teshudognzuo_15 | Y63: =IF(ISBLANK(W63),"",VLOOKUP($W63,Sheet2!$A$2:$E$29,4,FALSE)) -> BQ_mood15
A64: =ROW()-6 -> 58 | B64: =B59+1 -> 113012 | C64: mood02 | D64: =X64 -> UI_icon_teshudognzuo_07 | E64: =W64 -> 观望 | I64: 1 | J64: 1 | K64: 0 | N64: 1.1 | O64: 54 | P64: 0 | V64: 2 | W64: 观望 | X64: =IF(ISBLANK(W64),"",VLOOKUP($W64,Sheet2!$A$2:$E$29,3,FALSE)) -> UI_icon_teshudognzuo_07 | Y64: =IF(ISBLANK(W64),"",VLOOKUP($W64,Sheet2!$A$2:$E$29,4,FALSE)) -> BQ_mood07
A65: =ROW()-6 -> 59 | B65: =B60+1 -> 113012 | C65: mood03 | D65: =X65 -> UI_icon_teshudognzuo_03 | E65: =W65 -> 打招呼 | I65: 1 | J65: 0 | K65: 0 | N65: 2.3 | O65: 54 | P65: 0 | V65: 3 | W65: 打招呼 | X65: =IF(ISBLANK(W65),"",VLOOKUP($W65,Sheet2!$A$2:$E$29,3,FALSE)) -> UI_icon_teshudognzuo_03 | Y65: =IF(ISBLANK(W65),"",VLOOKUP($W65,Sheet2!$A$2:$E$29,4,FALSE)) -> BQ_mood03
A66: =ROW()-6 -> 60 | B66: =B61+1 -> 113012 | C66: mood04 | D66: =X66 -> UI_icon_teshudognzuo_05 | E66: =W66 -> 示威 | F66: CV_JinbeCZ_zhenrong2 | I66: 1 | J66: 0 | K66: 1 | L66: 这里交给老夫了！ | M66: -20,20 | N66: 2.7 | O66: 54 | P66: 0 | V66: 4 | W66: 示威 | X66: =IF(ISBLANK(W66),"",VLOOKUP($W66,Sheet2!$A$2:$E$29,3,FALSE)) -> UI_icon_teshudognzuo_05 | Y66: =IF(ISBLANK(W66),"",VLOOKUP($W66,Sheet2!$A$2:$E$29,4,FALSE)) -> BQ_mood05
A67: =ROW()-6 -> 61 | B67: =B62+1 -> 113012 | C67: mood05 | D67: =X67 -> UI_icon_teshudognzuo_27 | E67: =W67 -> 秀 | F67: CV_JinbeCZ_zhenrong3 | I67: 1 | J67: 1 | K67: 1 | L67: “人鱼空手道”！ | M67: -20,20 | N67: 3 | O67: 54 | P67: 0 | V67: 5 | W67: 秀 | X67: =IF(ISBLANK(W67),"",VLOOKUP($W67,Sheet2!$A$2:$E$29,3,FALSE)) -> UI_icon_teshudognzuo_27 | Y67: =IF(ISBLANK(W67),"",VLOOKUP($W67,Sheet2!$A$2:$E$29,4,FALSE)) -> BQ_mood27
A68: =ROW()-6 -> 62 | B68: 113013 | C68: mood01 | D68: =X68 -> UI_icon_teshudognzuo_28 | E68: 玩 | I68: 1 | J68: 1 | K68: 0 | O68: 56 | P68: 0 | U68: 女帝 | V68: 1 | W68: 玩 | X68: =IF(ISBLANK(W68),"",VLOOKUP($W68,Sheet2!$A$2:$E$29,3,FALSE)) -> UI_icon_teshudognzuo_28 | Y68: =IF(ISBLANK(W68),"",VLOOKUP($W68,Sheet2!$A$2:$E$29,4,FALSE)) -> BQ_mood28
A69: =ROW()-6 -> 63 | B69: 113013 | C69: mood02 | D69: =X69 -> UI_icon_teshudognzuo_15 | E69: 不屑 | F69: CV_Hancock05 | I69: 1 | J69: 0 | K69: 1 | L69: 原因就是···没错，因为本王太美了。 | M69: -380,20 | N69: 6.5 | O69: 56 | P69: 1 | V69: 2 | W69: 不屑 | X69: =IF(ISBLANK(W69),"",VLOOKUP($W69,Sheet2!$A$2:$E$29,3,FALSE)) -> UI_icon_teshudognzuo_15 | Y69: =IF(ISBLANK(W69),"",VLOOKUP($W69,Sheet2!$A$2:$E$29,4,FALSE)) -> BQ_mood15
A70: =ROW()-6 -> 64 | B70: 113013 | C70: mood03 | D70: =X70 -> UI_icon_teshudognzuo_08 | E70: 休闲 | F70: CV_Hancock04 | I70: 1 | J70: 1 | K70: 1 | L70: 无论本王做出什么，全世界都会原谅本王··· | M70: 0,0 | N70: 4.9 | O70: 56 | P70: 0 | V70: 3 | W70: 休闲 | X70: =IF(ISBLANK(W70),"",VLOOKUP($W70,Sheet2!$A$2:$E$29,3,FALSE)) -> UI_icon_teshudognzuo_08 | Y70: =IF(ISBLANK(W70),"",VLOOKUP($W70,Sheet2!$A$2:$E$29,4,FALSE)) -> BQ_mood08
A71: =ROW()-6 -> 65 | B71: 113013 | C71: mood04 | D71: =X71 -> UI_icon_teshudognzuo_27 | E71: 秀 | F71: CV_Hancock06 | I71: 1 | J71: 0 | K71: 1 | L71: 迷恋本王的愧疚之心，将使你们的身体变的僵硬··· | M71: 0,0 | N71: 6 | O71: 56 | P71: 1 | V71: 4 | W71: 秀 | X71: =IF(ISBLANK(W71),"",VLOOKUP($W71,Sheet2!$A$2:$E$29,3,FALSE)) -> UI_icon_teshudognzuo_27 | Y71: =IF(ISBLANK(W71),"",VLOOKUP($W71,Sheet2!$A$2:$E$29,4,FALSE)) -> BQ_mood27
A72: =ROW()-6 -> 66 | B72: 113013 | C72: mood05 | D72: =X72 -> UI_icon_teshudognzuo_16 | E72: 挑衅 | F72: CV_Hancock01 | I72: 1 | J72: 0 | K72: 1 | L72: 不管我干什么都会被原谅。 | M72: -250,0 | N72: 1.9 | O72: 56 | P72: 1 | V72: 5 | W72: 挑衅 | X72: =IF(ISBLANK(W72),"",VLOOKUP($W72,Sheet2!$A$2:$E$29,3,FALSE)) -> UI_icon_teshudognzuo_16 | Y72: =IF(ISBLANK(W72),"",VLOOKUP($W72,Sheet2!$A$2:$E$29,4,FALSE)) -> BQ_mood16
A73: =ROW()-6 -> 67 | B73: 113014 | C73: mood01 | D73: =X73 -> UI_icon_teshudognzuo_27 | E73: 秀 | F73: CV_law02 | I73: 1 | J73: 1 | K73: 1 | L73: 你知道我的名字吗？ | M73: -430,50 | N73: 1.7 | O73: 55 | P73: 0 | U73: 罗 | V73: 1 | W73: 秀 | X73: =IF(ISBLANK(W73),"",VLOOKUP($W73,Sheet2!$A$2:$E$29,3,FALSE)) -> UI_icon_teshudognzuo_27 | Y73: =IF(ISBLANK(W73),"",VLOOKUP($W73,Sheet2!$A$2:$E$29,4,FALSE)) -> BQ_mood27
A74: =ROW()-6 -> 68 | B74: 113014 | C74: mood02 | D74: =X74 -> UI_icon_teshudognzuo_16 | E74: 挑衅 | F74: CV_law06 | I74: 1 | J74: 1 | K74: 1 | L74: ···你们让我看了一场好戏啊。 | M74: 0,0 | N74: 3.5 | O74: 55 | P74: 0 | V74: 2 | W74: 挑衅 | X74: =IF(ISBLANK(W74),"",VLOOKUP($W74,Sheet2!$A$2:$E$29,3,FALSE)) -> UI_icon_teshudognzuo_16 | Y74: =IF(ISBLANK(W74),"",VLOOKUP($W74,Sheet2!$A$2:$E$29,4,FALSE)) -> BQ_mood16
A75: =ROW()-6 -> 69 | B75: 113014 | C75: mood03 | D75: =X75 -> UI_icon_teshudognzuo_05 | E75: 示威 | F75: CV_law01 | I75: 1 | J75: 0 | K75: 1 | L75: 别担心，很快就会结束。 | M75: 0,50 | N75: 4.6 | O75: 55 | P75: 0 | V75: 3 | W75: 示威 | X75: =IF(ISBLANK(W75),"",VLOOKUP($W75,Sheet2!$A$2:$E$29,3,FALSE)) -> UI_icon_teshudognzuo_05 | Y75: =IF(ISBLANK(W75),"",VLOOKUP($W75,Sheet2!$A$2:$E$29,4,FALSE)) -> BQ_mood05
A76: =ROW()-6 -> 70 | B76: 113014 | C76: mood04 | D76: =X76 -> UI_icon_teshudognzuo_28 | E76: 玩 | F76: CV_law04 | I76: 1 | J76: 0 | K76: 1 | L76: 需要我时再叫我···想要谁的人头我都会帮你取来。 | M76: -420,-50 | N76: 4.3 | O76: 55 | P76: 0 | V76: 4 | W76: 玩 | X76: =IF(ISBLANK(W76),"",VLOOKUP($W76,Sheet2!$A$2:$E$29,3,FALSE)) -> UI_icon_teshudognzuo_28 | Y76: =IF(ISBLANK(W76),"",VLOOKUP($W76,Sheet2!$A$2:$E$29,4,FALSE)) -> BQ_mood28
A77: =ROW()-6 -> 71 | B77: 113014 | C77: mood05 | D77: =X77 -> UI_icon_teshudognzuo_14 | E77: 无奈 | F77: CV_law09 | I77: 1 | J77: 0 | K77: 1 | L77: 不要慌，大秘宝是不会跑掉的··· | M77: 0,0 | N77: 3.7 | O77: 55 | P77: 0 | V77: 5 | W77: 无奈 | X77: =IF(ISBLANK(W77),"",VLOOKUP($W77,Sheet2!$A$2:$E$29,3,FALSE)) -> UI_icon_teshudognzuo_14 | Y77: =IF(ISBLANK(W77),"",VLOOKUP($W77,Sheet2!$A$2:$E$29,4,FALSE)) -> BQ_mood14
A78: =ROW()-6 -> 72 | B78: 113015 | C78: mood01 | D78: =X78 -> UI_icon_teshudognzuo_02 | E78: =W78 -> 拒绝 | F78: CV_kid03 | I78: 1 | J78: 0 | K78: 1 | L78: 没有做好觉悟的家伙，不配来大海！ | M78: 0,0 | N78: 3.8 | O78: 57 | P78: 0 | U78: 基德 | V78: 1 | W78: 拒绝 | X78: =IF(ISBLANK(W78),"",VLOOKUP($W78,Sheet2!$A$2:$E$29,3,FALSE)) -> UI_icon_teshudognzuo_02 | Y78: =IF(ISBLANK(W78),"",VLOOKUP($W78,Sheet2!$A$2:$E$29,4,FALSE)) -> BQ_mood02
A79: =ROW()-6 -> 73 | B79: 113015 | C79: mood02 | D79: =X79 -> UI_icon_teshudognzuo_05 | E79: =W79 -> 示威 | F79: CV_kid11 | I79: 1 | J79: 1 | K79: 1 | L79: 挺厉害的嘛。 | M79: 0,0 | N79: 2 | O79: 57 | P79: 0 | V79: 2 | W79: 示威 | X79: =IF(ISBLANK(W79),"",VLOOKUP($W79,Sheet2!$A$2:$E$29,3,FALSE)) -> UI_icon_teshudognzuo_05 | Y79: =IF(ISBLANK(W79),"",VLOOKUP($W79,Sheet2!$A$2:$E$29,4,FALSE)) -> BQ_mood05
A80: =ROW()-6 -> 74 | B80: 113015 | C80: mood03 | D80: =X80 -> UI_icon_teshudognzuo_04 | E80: =W80 -> 放松 | F80: CV_kid01 | I80: 1 | J80: 1 | K80: 1 | L80: 交给我吧。 | M80: 0,0 | N80: 2 | O80: 57 | P80: 0 | V80: 3 | W80: 放松 | X80: =IF(ISBLANK(W80),"",VLOOKUP($W80,Sheet2!$A$2:$E$29,3,FALSE)) -> UI_icon_teshudognzuo_04 | Y80: =IF(ISBLANK(W80),"",VLOOKUP($W80,Sheet2!$A$2:$E$29,4,FALSE)) -> BQ_mood04
A81: =ROW()-6 -> 75 | B81: 113015 | C81: mood04 | D81: =X81 -> UI_icon_teshudognzuo_16 | E81: =W81 -> 挑衅 | I81: 1 | J81: 0 | K81: 0 | O81: 57 | P81: 0 | V81: 4 | W81: 挑衅 | X81: =IF(ISBLANK(W81),"",VLOOKUP($W81,Sheet2!$A$2:$E$29,3,FALSE)) -> UI_icon_teshudognzuo_16 | Y81: =IF(ISBLANK(W81),"",VLOOKUP($W81,Sheet2!$A$2:$E$29,4,FALSE)) -> BQ_mood16
A82: =ROW()-6 -> 76 | B82: 113015 | C82: mood05 | D82: =X82 -> UI_icon_teshudognzuo_27 | E82: =W82 -> 秀 | F82: CV_kid02 | I82: 1 | J82: 1 | K82: 1 | L82: 你别出手，会妨碍到我 | M82: 0,0 | N82: 3.3 | O82: 57 | P82: 0 | V82: 5 | W82: 秀 | X82: =IF(ISBLANK(W82),"",VLOOKUP($W82,Sheet2!$A$2:$E$29,3,FALSE)) -> UI_icon_teshudognzuo_27 | Y82: =IF(ISBLANK(W82),"",VLOOKUP($W82,Sheet2!$A$2:$E$29,4,FALSE)) -> BQ_mood27
A83: =ROW()-6 -> 77 | B83: 113016 | C83: mood01 | D83: =X83 -> UI_icon_teshudognzuo_08 | E83: 休闲 | F83: CV_reilly04 | I83: 1 | J83: 0 | K83: 1 | L83: 我是西尔巴兹·雷利，请多指教。 | M83: 0,0 | N83: 3.3 | O83: 60 | P83: 0 | U83: 雷利 | V83: 1 | W83: 休闲 | X83: =IF(ISBLANK(W83),"",VLOOKUP($W83,Sheet2!$A$2:$E$29,3,FALSE)) -> UI_icon_teshudognzuo_08 | Y83: =IF(ISBLANK(W83),"",VLOOKUP($W83,Sheet2!$A$2:$E$29,4,FALSE)) -> BQ_mood08
A84: =ROW()-6 -> 78 | B84: 113016 | C84: mood02 | D84: =X84 -> UI_icon_teshudognzuo_27 | E84: 秀 | F84: CV_reilly01 | I84: 1 | J84: 0 | K84: 1 | L84: 只有活在当下的人才能创造现在的时代··· | M84: 0,0 | N84: 4.9 | O84: 60 | P84: 0 | V84: 2 | W84: 秀 | X84: =IF(ISBLANK(W84),"",VLOOKUP($W84,Sheet2!$A$2:$E$29,3,FALSE)) -> UI_icon_teshudognzuo_27 | Y84: =IF(ISBLANK(W84),"",VLOOKUP($W84,Sheet2!$A$2:$E$29,4,FALSE)) -> BQ_mood27
A85: =ROW()-6 -> 79 | B85: 113016 | C85: mood03 | D85: =X85 -> UI_icon_teshudognzuo_07 | E85: 观望 | F85: CV_reilly02 | I85: 1 | J85: 1 | K85: 1 | L85: 我已经老了···想过安稳的日子。 | M85: 0,0 | N85: 4.4 | O85: 60 | P85: 0 | V85: 3 | W85: 观望 | X85: =IF(ISBLANK(W85),"",VLOOKUP($W85,Sheet2!$A$2:$E$29,3,FALSE)) -> UI_icon_teshudognzuo_07 | Y85: =IF(ISBLANK(W85),"",VLOOKUP($W85,Sheet2!$A$2:$E$29,4,FALSE)) -> BQ_mood07
A86: =ROW()-6 -> 80 | B86: 113016 | C86: mood04 | D86: =X86 -> UI_icon_teshudognzuo_23 | E86: 摇头 | F86: CV_reilly03 | G86: 1.5 | I86: 1 | J86: 1 | K86: 1 | L86: 不要扼杀萌芽··· | M86: 0,0 | N86: 2 | O86: 60 | P86: 0 | V86: 4 | W86: 摇头 | X86: =IF(ISBLANK(W86),"",VLOOKUP($W86,Sheet2!$A$2:$E$29,3,FALSE)) -> UI_icon_teshudognzuo_23 | Y86: =IF(ISBLANK(W86),"",VLOOKUP($W86,Sheet2!$A$2:$E$29,4,FALSE)) -> BQ_mood23
A87: =ROW()-6 -> 81 | B87: 113016 | C87: mood05 | D87: =X87 -> UI_icon_teshudognzuo_22 | E87: 大笑 | F87: CV_reilly09 | I87: 1 | J87: 0 | K87: 1 | L87: 期待更进一步的成长。 | M87: 0,0 | N87: 2.6 | O87: 60 | P87: 0 | V87: 5 | W87: 大笑 | X87: =IF(ISBLANK(W87),"",VLOOKUP($W87,Sheet2!$A$2:$E$29,3,FALSE)) -> UI_icon_teshudognzuo_22 | Y87: =IF(ISBLANK(W87),"",VLOOKUP($W87,Sheet2!$A$2:$E$29,4,FALSE)) -> BQ_mood22
A88: =ROW()-6 -> 82 | B88: 113016 | C88: mood01 | D88: UI_icon_teshudognzuo_08 | E88: 休闲 | I88: 0 | J88: 0 | K88: 0 | M88: 0,0 | N88: 5 | O88: 60 | P88: 0 | Q88: 1 | V88: 1 | W88: 休闲 | X88: UI_icon_teshudognzuo_08 | Y88: BQ_mood08
A89: =ROW()-6 -> 83 | B89: 113016 | C89: mood02 | D89: UI_icon_teshudognzuo_27 | E89: 秀 | I89: 0 | J89: 0 | K89: 0 | M89: 0,0 | N89: 5 | O89: 60 | P89: 0 | Q89: 1 | V89: 2 | W89: 秀 | X89: UI_icon_teshudognzuo_27 | Y89: BQ_mood27
A90: =ROW()-6 -> 84 | B90: 113016 | C90: mood03 | D90: UI_icon_teshudognzuo_07 | E90: 观望 | I90: 0 | J90: 0 | K90: 0 | M90: 0,0 | N90: 5 | O90: 60 | P90: 0 | Q90: 1 | V90: 3 | W90: 观望 | X90: UI_icon_teshudognzuo_07 | Y90: BQ_mood07
A91: =ROW()-6 -> 85 | B91: 113016 | C91: mood04 | D91: UI_icon_teshudognzuo_23 | E91: 摇头 | I91: 0 | J91: 0 | K91: 0 | M91: 0,0 | N91: 5 | O91: 60 | P91: 0 | Q91: 1 | V91: 4 | W91: 摇头 | X91: UI_icon_teshudognzuo_23 | Y91: BQ_mood23
A92: =ROW()-6 -> 86 | B92: 113016 | C92: mood05 | D92: UI_icon_teshudognzuo_22 | E92: 大笑 | I92: 0 | J92: 0 | K92: 0 | M92: 0,0 | N92: 5 | O92: 60 | P92: 0 | Q92: 1 | V92: 5 | W92: 大笑 | X92: UI_icon_teshudognzuo_22 | Y92: BQ_mood22
A93: =ROW()-6 -> 87 | B93: 113017 | C93: mood01 | D93: =X93 -> UI_icon_teshudognzuo_24 | E93: =W93 -> 时间 | F93: CV_sengoku02 | G93: 1.2 | I93: 1 | J93: 0 | K93: 1 | L93: 你来干什么？ | M93: 0,0 | N93: 1.6 | O93: 61 | P93: 0 | U93: 战国 | V93: 1 | W93: 时间 | X93: =IF(ISBLANK(W93),"",VLOOKUP($W93,Sheet2!$A$2:$E$29,3,FALSE)) -> UI_icon_teshudognzuo_24 | Y93: =IF(ISBLANK(W93),"",VLOOKUP($W93,Sheet2!$A$2:$E$29,4,FALSE)) -> BQ_mood24
A94: =ROW()-6 -> 88 | B94: 113017 | C94: mood02 | D94: =X94 -> UI_icon_teshudognzuo_08 | E94: =W94 -> 休闲 | F94: CV_sengoku08 | I94: 1 | J94: 0 | K94: 1 | L94: 我们镇守这里意义重大！！！ | M94: 0,0 | N94: 3 | O94: 61 | P94: 0 | V94: 2 | W94: 休闲 | X94: =IF(ISBLANK(W94),"",VLOOKUP($W94,Sheet2!$A$2:$E$29,3,FALSE)) -> UI_icon_teshudognzuo_08 | Y94: =IF(ISBLANK(W94),"",VLOOKUP($W94,Sheet2!$A$2:$E$29,4,FALSE)) -> BQ_mood08
A95: =ROW()-6 -> 89 | B95: 113017 | C95: mood03 | D95: =X95 -> UI_icon_teshudognzuo_04 | E95: =W95 -> 放松 | F95: CV_sengoku06 | G95: 1 | I95: 1 | J95: 0 | K95: 1 | L95: 这成何体统！ | M95: 0,60 | N95: 1.9 | O95: 61 | P95: 0 | V95: 3 | W95: 放松 | X95: =IF(ISBLANK(W95),"",VLOOKUP($W95,Sheet2!$A$2:$E$29,3,FALSE)) -> UI_icon_teshudognzuo_04 | Y95: =IF(ISBLANK(W95),"",VLOOKUP($W95,Sheet2!$A$2:$E$29,4,FALSE)) -> BQ_mood04
A96: =ROW()-6 -> 90 | B96: 113017 | C96: mood04 | D96: =X96 -> UI_icon_teshudognzuo_07 | E96: =W96 -> 观望 | F96: CV_sengoku01 | I96: 1 | J96: 1 | K96: 1 | L96: 真敢来啊，海上的垃圾们！ | M96: 0,0 | N96: 2.5 | O96: 61 | P96: 0 | V96: 4 | W96: 观望 | X96: =IF(ISBLANK(W96),"",VLOOKUP($W96,Sheet2!$A$2:$E$29,3,FALSE)) -> UI_icon_teshudognzuo_07 | Y96: =IF(ISBLANK(W96),"",VLOOKUP($W96,Sheet2!$A$2:$E$29,4,FALSE)) -> BQ_mood07
A97: =ROW()-6 -> 91 | B97: 113017 | C97: mood05 | D97: =X97 -> UI_icon_teshudognzuo_27 | E97: =W97 -> 秀 | F97: CV_sengoku05 | I97: 1 | J97: 1 | K97: 1 | L97: 背负仁义之名的“正义”是不会毁灭的！！ | M97: 0,0 | N97: 2.8 | O97: 61 | P97: 0 | V97: 5 | W97: 秀 | X97: =IF(ISBLANK(W97),"",VLOOKUP($W97,Sheet2!$A$2:$E$29,3,FALSE)) -> UI_icon_teshudognzuo_27 | Y97: =IF(ISBLANK(W97),"",VLOOKUP($W97,Sheet2!$A$2:$E$29,4,FALSE)) -> BQ_mood27
A98: =ROW()-6 -> 92 | B98: 113018 | C98: mood01 | D98: =X98 -> UI_icon_teshudognzuo_04 | E98: =W98 -> 放松 | F98: CV_mazeran04 | I98: 1 | J98: 1 | K98: 1 | L98: 重复中了这么多毒，没有解毒的办法了。 | M98: 0,0 | N98: 4.75 | O98: 62 | P98: 0 | U98: 麦哲伦 | V98: 1 | W98: 放松 | X98: =IF(ISBLANK(W98),"",VLOOKUP($W98,Sheet2!$A$2:$E$29,3,FALSE)) -> UI_icon_teshudognzuo_04 | Y98: =IF(ISBLANK(W98),"",VLOOKUP($W98,Sheet2!$A$2:$E$29,4,FALSE)) -> BQ_mood04
A99: =ROW()-6 -> 93 | B99: 113018 | C99: mood02 | D99: =X99 -> UI_icon_teshudognzuo_07 | E99: =W99 -> 观望 | F99: CV_mazeran07 | I99: 1 | J99: 1 | K99: 1 | L99: 还有要留下的话吗？ | M99: 0,0 | N99: 2.6 | O99: 62 | P99: 0 | V99: 2 | W99: 观望 | X99: =IF(ISBLANK(W99),"",VLOOKUP($W99,Sheet2!$A$2:$E$29,3,FALSE)) -> UI_icon_teshudognzuo_07 | Y99: =IF(ISBLANK(W99),"",VLOOKUP($W99,Sheet2!$A$2:$E$29,4,FALSE)) -> BQ_mood07
A100: =ROW()-6 -> 94 | B100: 113018 | C100: mood03 | D100: =X100 -> UI_icon_teshudognzuo_23 | E100: =W100 -> 摇头 | F100: CV_mazeran05 | I100: 1 | J100: 0 | K100: 1 | L100: 不能乖乖地被降服，是吧。 | M100: 0,0 | N100: 3.9 | O100: 62 | P100: 0 | V100: 3 | W100: 摇头 | X100: =IF(ISBLANK(W100),"",VLOOKUP($W100,Sheet2!$A$2:$E$29,3,FALSE)) -> UI_icon_teshudognzuo_23 | Y100: =IF(ISBLANK(W100),"",VLOOKUP($W100,Sheet2!$A$2:$E$29,4,FALSE)) -> BQ_mood23
A101: =ROW()-6 -> 95 | B101: 113018 | C101: mood04 | D101: =X101 -> UI_icon_teshudognzuo_02 | E101: =W101 -> 拒绝 | F101: CV_mazeran02 | G101: 0.5 | I101: 1 | J101: 0 | K101: 1 | L101: 老鼠们！！！ | M101: 0,0 | N101: 2.4 | O101: 62 | P101: 0 | V101: 4 | W101: 拒绝 | X101: =IF(ISBLANK(W101),"",VLOOKUP($W101,Sheet2!$A$2:$E$29,3,FALSE)) -> UI_icon_teshudognzuo_02 | Y101: =IF(ISBLANK(W101),"",VLOOKUP($W101,Sheet2!$A$2:$E$29,4,FALSE)) -> BQ_mood02
...

Sheet Sheet2
A1: txt | B1: icon | D1: 文本key | E1: txt
A2: 认同 | C2: UI_icon_teshudognzuo_01 | D2: BQ_mood01 | E2: =A2 -> 认同
A3: 拒绝 | C3: UI_icon_teshudognzuo_02 | D3: BQ_mood02 | E3: =A3 -> 拒绝
A4: 打招呼 | C4: UI_icon_teshudognzuo_03 | D4: BQ_mood03 | E4: =A4 -> 打招呼
A5: 放松 | C5: UI_icon_teshudognzuo_04 | D5: BQ_mood04 | E5: =A5 -> 放松
A6: 示威 | C6: UI_icon_teshudognzuo_05 | D6: BQ_mood05 | E6: =A6 -> 示威
A7: 行礼 | C7: UI_icon_teshudognzuo_06 | D7: BQ_mood06 | E7: =A7 -> 行礼
A8: 观望 | C8: UI_icon_teshudognzuo_07 | D8: BQ_mood07 | E8: =A8 -> 观望
A9: 休闲 | C9: UI_icon_teshudognzuo_08 | D9: BQ_mood08 | E9: =A9 -> 休闲
A10: 点头 | C10: UI_icon_teshudognzuo_09 | D10: BQ_mood09 | E10: =A10 -> 点头
A11: 生气 | C11: UI_icon_teshudognzuo_10 | D11: BQ_mood10 | E11: =A11 -> 生气
A12: 招手 | C12: UI_icon_teshudognzuo_11 | D12: BQ_mood11 | E12: =A12 -> 招手
A13: 迷茫 | C13: UI_icon_teshudognzuo_12 | D13: BQ_mood12 | E13: =A13 -> 迷茫
... A29: 玩 | C29: UI_icon_teshudognzuo_28 | D29: BQ_mood28 | E29: =A29 -> 玩

Sheet Sheet3
B1: mood01
B2: mood02
B3: mood03
B4: mood04
B5: mood05
B6: mood06
B7: mood01
B8: mood02
B9: mood03
B10: mood04
B11: mood05
B12: mood01
... B280: mood05

Sheet Sheet4
G7: heroId | H7: fashionId
G8: 1 | H8: 1
G9: 1 | H9: 0
G10: 0 | H10: 1
A21: =ROW()-6 -> 15 | B21: 113078 | C21: mood01 | D21: =IF(ISBLANK(C21),"",VLOOKUP($W21,Sheet2!$A$2:$E$29,3,FALSE)) -> UI_icon_teshudognzuo_05 | E21: =W21 -> 示威 | F21: CV_JieKe06 | I21: 1 | J21: 0 | K21: 1 | L21: 混账东西，这仗打定了啊。 | O21: 4015306 | P21: 1 | U21: 杰克人兽型变身时装 | W21: 示威 | X21: =IF(ISBLANK(W21),"",VLOOKUP($W21,Sheet2!$A$2:$E$29,3,FALSE)) -> UI_icon_teshudognzuo_05 | Y21: =IF(ISBLANK(W21),"",VLOOKUP($W21,Sheet2!$A$2:$E$29,4,FALSE)) -> BQ_mood05
A22: =ROW()-6 -> 16 | B22: 113078 | C22: mood02 | D22: =IF(ISBLANK(C22),"",VLOOKUP($W22,Sheet2!$A$2:$E$29,3,FALSE)) -> UI_icon_teshudognzuo_07 | E22: =W22 -> 观望 | F22: CV_JieKe07 | I22: 1 | J22: 0 | K22: 1 | L22: 我们是来跟他们打商量的吗？ | O22: 4015306 | P22: 1 | W22: 观望 | X22: =IF(ISBLANK(W22),"",VLOOKUP($W22,Sheet2!$A$2:$E$29,3,FALSE)) -> UI_icon_teshudognzuo_07 | Y22: =IF(ISBLANK(W22),"",VLOOKUP($W22,Sheet2!$A$2:$E$29,4,FALSE)) -> BQ_mood07
A23: =ROW()-6 -> 17 | B23: 113078 | C23: mood03 | D23: =IF(ISBLANK(C23),"",VLOOKUP($W23,Sheet2!$A$2:$E$29,3,FALSE)) -> UI_icon_teshudognzuo_10 | E23: =W23 -> 生气 | F23: CV_JieKe08 | I23: 1 | J23: 0 | K23: 1 | L23: “GIFTERS”，给我上！！！ | O23: 4015306 | P23: 1 | W23: 生气 | X23: =IF(ISBLANK(W23),"",VLOOKUP($W23,Sheet2!$A$2:$E$29,3,FALSE)) -> UI_icon_teshudognzuo_10 | Y23: =IF(ISBLANK(W23),"",VLOOKUP($W23,Sheet2!$A$2:$E$29,4,FALSE)) -> BQ_mood10
A24: =ROW()-6 -> 18 | B24: 113078 | C24: mood04 | D24: =IF(ISBLANK(C24),"",VLOOKUP($W24,Sheet2!$A$2:$E$29,3,FALSE)) -> UI_icon_teshudognzuo_15 | E24: =W24 -> 不屑 | I24: 1 | J24: 0 | K24: 1 | O24: 4015306 | P24: 1 | W24: 不屑 | X24: =IF(ISBLANK(W24),"",VLOOKUP($W24,Sheet2!$A$2:$E$29,3,FALSE)) -> UI_icon_teshudognzuo_15 | Y24: =IF(ISBLANK(W24),"",VLOOKUP($W24,Sheet2!$A$2:$E$29,4,FALSE)) -> BQ_mood15
A25: =ROW()-6 -> 19 | B25: 113078 | C25: mood05 | D25: =IF(ISBLANK(C25),"",VLOOKUP($W25,Sheet2!$A$2:$E$29,3,FALSE)) -> UI_icon_teshudognzuo_02 | E25: =W25 -> 拒绝 | F25: CV_JieKe03 | I25: 1 | J25: 0 | K25: 1 | L25: 谈过之后…………？我拒绝。 | O25: 4015306 | P25: 1 | W25: 拒绝 | X25: =IF(ISBLANK(W25),"",VLOOKUP($W25,Sheet2!$A$2:$E$29,3,FALSE)) -> UI_icon_teshudognzuo_02 | Y25: =IF(ISBLANK(W25),"",VLOOKUP($W25,Sheet2!$A$2:$E$29,4,FALSE)) -> BQ_mood02
A26: =ROW()-6 -> 20 | B26: 113078 | C26: mood06 | D26: =IF(ISBLANK(C26),"",VLOOKUP($W26,Sheet2!$A$2:$E$29,3,FALSE)) -> UI_icon_teshudognzuo_27 | E26: =W26 -> 秀 | I26: 0 | J26: 1 | K26: 0 | O26: 4015306 | P26: 0 | S26: 1,8 | W26: 秀 | X26: =IF(ISBLANK(W26),"",VLOOKUP($W26,Sheet2!$A$2:$E$29,3,FALSE)) -> UI_icon_teshudognzuo_27 | Y26: =IF(ISBLANK(W26),"",VLOOKUP($W26,Sheet2!$A$2:$E$29,4,FALSE)) -> BQ_mood27
A27: =ROW()-6 -> 21 | B27: 113078 | C27: mood07 | D27: =IF(ISBLANK(C27),"",VLOOKUP($W27,Sheet2!$A$2:$E$29,3,FALSE)) -> UI_icon_teshudognzuo_27 | E27: =W27 -> 秀 | I27: 0 | J27: 1 | K27: 0 | O27: 4015306 | P27: 0 | S27: 2,3 | W27: 秀 | X27: =IF(ISBLANK(W27),"",VLOOKUP($W27,Sheet2!$A$2:$E$29,3,FALSE)) -> UI_icon_teshudognzuo_27 | Y27: =IF(ISBLANK(W27),"",VLOOKUP($W27,Sheet2!$A$2:$E$29,4,FALSE)) -> BQ_mood27
A28: =ROW()-6 -> 22 | B28: 113078 | C28: ridemood01 | D28: =IF(ISBLANK(C28),"",VLOOKUP($W28,Sheet2!$A$2:$E$29,3,FALSE)) -> UI_icon_teshudognzuo_28 | E28: =W28 -> 玩 | I28: 1 | O28: 4015306 | R28: 1 | W28: 玩 | X28: =IF(ISBLANK(W28),"",VLOOKUP($W28,Sheet2!$A$2:$E$29,3,FALSE)) -> UI_icon_teshudognzuo_28 | Y28: =IF(ISBLANK(W28),"",VLOOKUP($W28,Sheet2!$A$2:$E$29,4,FALSE)) -> BQ_mood28
A29: =ROW()-6 -> 23 | B29: 113079 | C29: mood01 | D29: =IF(ISBLANK(C29),"",VLOOKUP($W29,Sheet2!$A$2:$E$29,3,FALSE)) -> UI_icon_teshudognzuo_05 | E29: =W29 -> 示威 | F29: CV_KuiYin_05 | I29: 1 | J29: 0 | K29: 1 | L29: 这个白痴！！ | O29: 4015307 | P29: 1 | U29: 昆因人兽型变身时装 | W29: 示威 | X29: =IF(ISBLANK(W29),"",VLOOKUP($W29,Sheet2!$A$2:$E$29,3,FALSE)) -> UI_icon_teshudognzuo_05 | Y29: =IF(ISBLANK(W29),"",VLOOKUP($W29,Sheet2!$A$2:$E$29,4,FALSE)) -> BQ_mood05
A30: =ROW()-6 -> 24 | B30: 113079 | C30: mood02 | D30: =IF(ISBLANK(C30),"",VLOOKUP($W30,Sheet2!$A$2:$E$29,3,FALSE)) -> UI_icon_teshudognzuo_07 | E30: =W30 -> 观望 | F30: CV_KuiYin_07 | I30: 1 | J30: 0 | K30: 1 | L30: 嗯？你问我要多少碗红豆汤？笨蛋！红豆汤可是我的氧气！！ | O30: 4015307 | P30: 1 | W30: 观望 | X30: =IF(ISBLANK(W30),"",VLOOKUP($W30,Sheet2!$A$2:$E$29,3,FALSE)) -> UI_icon_teshudognzuo_07 | Y30: =IF(ISBLANK(W30),"",VLOOKUP($W30,Sheet2!$A$2:$E$29,4,FALSE)) -> BQ_mood07
A31: =ROW()-6 -> 25 | B31: 113079 | C31: mood03 | D31: =IF(ISBLANK(C31),"",VLOOKUP($W31,Sheet2!$A$2:$E$29,3,FALSE)) -> UI_icon_teshudognzuo_15 | E31: =W31 -> 不屑 | F31: CV_KuiYin_04 | I31: 1 | J31: 0 | K31: 1 | L31: 我的最佳杰作！！ | O31: 4015307 | P31: 1 | W31: 不屑 | X31: =IF(ISBLANK(W31),"",VLOOKUP($W31,Sheet2!$A$2:$E$29,3,FALSE)) -> UI_icon_teshudognzuo_15 | Y31: =IF(ISBLANK(W31),"",VLOOKUP($W31,Sheet2!$A$2:$E$29,4,FALSE)) -> BQ_mood15
A32: =ROW()-6 -> 26 | B32: 113079 | C32: mood04 | D32: =IF(ISBLANK(C32),"",VLOOKUP($W32,Sheet2!$A$2:$E$29,3,FALSE)) -> UI_icon_teshudognzuo_02 | E32: =W32 -> 拒绝 | I32: 1 | J32: 0 | K32: 1 | O32: 4015307 | P32: 1 | W32: 拒绝 | X32: =IF(ISBLANK(W32),"",VLOOKUP($W32,Sheet2!$A$2:$E$29,3,FALSE)) -> UI_icon_teshudognzuo_02 | Y32: =IF(ISBLANK(W32),"",VLOOKUP($W32,Sheet2!$A$2:$E$29,4,FALSE)) -> BQ_mood02
A33: =ROW()-6 -> 27 | B33: 113079 | C33: mood05 | D33: =IF(ISBLANK(C33),"",VLOOKUP($W33,Sheet2!$A$2:$E$29,3,FALSE)) -> UI_icon_teshudognzuo_04 | E33: =W33 -> 放松 | F33: CV_KuiYin_09 | I33: 1 | J33: 0 | K33: 1 | L33: 去死！！ | O33: 4015307 | P33: 1 | W33: 放松 | X33: =IF(ISBLANK(W33),"",VLOOKUP($W33,Sheet2!$A$2:$E$29,3,FALSE)) -> UI_icon_teshudognzuo_04 | Y33: =IF(ISBLANK(W33),"",VLOOKUP($W33,Sheet2!$A$2:$E$29,4,FALSE)) -> BQ_mood04
A34: =ROW()-6 -> 28 | B34: 113079 | C34: mood06 | D34: =IF(ISBLANK(C34),"",VLOOKUP($W34,Sheet2!$A$2:$E$29,3,FALSE)) -> UI_icon_teshudognzuo_27 | E34: =W34 -> 秀 | I34: 0 | J34: 1 | K34: 0 | O34: 4015307 | P34: 0 | S34: 1,8 | W34: 秀 | X34: =IF(ISBLANK(W34),"",VLOOKUP($W34,Sheet2!$A$2:$E$29,3,FALSE)) -> UI_icon_teshudognzuo_27 | Y34: =IF(ISBLANK(W34),"",VLOOKUP($W34,Sheet2!$A$2:$E$29,4,FALSE)) -> BQ_mood27
A35: =ROW()-6 -> 29 | B35: 113079 | C35: mood07 | D35: =IF(ISBLANK(C35),"",VLOOKUP($W35,Sheet2!$A$2:$E$29,3,FALSE)) -> UI_icon_teshudognzuo_27 | E35: =W35 -> 秀 | I35: 0 | J35: 1 | K35: 0 | O35: 4015307 | P35: 0 | S35: 2,3 | W35: 秀 | X35: =IF(ISBLANK(W35),"",VLOOKUP($W35,Sheet2!$A$2:$E$29,3,FALSE)) -> UI_icon_teshudognzuo_27 | Y35: =IF(ISBLANK(W35),"",VLOOKUP($W35,Sheet2!$A$2:$E$29,4,FALSE)) -> BQ_mood27
A36: =ROW()-6 -> 30 | B36: 113079 | C36: ridemood01 | D36: =IF(ISBLANK(C36),"",VLOOKUP($W36,Sheet2!$A$2:$E$29,3,FALSE)) -> UI_icon_teshudognzuo_28 | E36: =W36 -> 玩 | I36: 1 | O36: 4015307 | R36: 1 | W36: 玩 | X36: =IF(ISBLANK(W36),"",VLOOKUP($W36,Sheet2!$A$2:$E$29,3,FALSE)) -> UI_icon_teshudognzuo_28 | Y36: =IF(ISBLANK(W36),"",VLOOKUP($W36,Sheet2!$A$2:$E$29,4,FALSE)) -> BQ_mood28
A37: =ROW()-6 -> 31 | B37: 113083 | C37: mood01 | D37: =IF(ISBLANK(C37),"",VLOOKUP($W37,Sheet2!$A$2:$E$29,3,FALSE)) -> UI_icon_teshudognzuo_04 | E37: =W37 -> 放松 | F37: CV_Jin04 | I37: 1 | J37: 0 | K37: 1 | L37: 杀了你 | O37: 4015308 | P37: 1 | U37: 烬人兽型变身时装 | W37: 放松 | X37: =IF(ISBLANK(W37),"",VLOOKUP($W37,Sheet2!$A$2:$E$29,3,FALSE)) -> UI_icon_teshudognzuo_04 | Y37: =IF(ISBLANK(W37),"",VLOOKUP($W37,Sheet2!$A$2:$E$29,4,FALSE)) -> BQ_mood04
A38: =ROW()-6 -> 32 | B38: 113083 | C38: mood02 | D38: =IF(ISBLANK(C38),"",VLOOKUP($W38,Sheet2!$A$2:$E$29,3,FALSE)) -> UI_icon_teshudognzuo_07 | E38: =W38 -> 观望 | F38: CV_Jin06 | I38: 1 | J38: 0 | K38: 1 | O38: 4015308 | P38: 1 | W38: 观望 | X38: =IF(ISBLANK(W38),"",VLOOKUP($W38,Sheet2!$A$2:$E$29,3,FALSE)) -> UI_icon_teshudognzuo_07 | Y38: =IF(ISBLANK(W38),"",VLOOKUP($W38,Sheet2!$A$2:$E$29,4,FALSE)) -> BQ_mood07
A39: =ROW()-6 -> 33 | B39: 113083 | C39: mood03 | D39: =IF(ISBLANK(C39),"",VLOOKUP($W39,Sheet2!$A$2:$E$29,3,FALSE)) -> UI_icon_teshudognzuo_08 | E39: =W39 -> 休闲 | F39: CV_Jin07 | I39: 1 | J39: 0 | K39: 1 | L39: 着急送死啊 | O39: 4015308 | P39: 1 | W39: 休闲 | X39: =IF(ISBLANK(W39),"",VLOOKUP($W39,Sheet2!$A$2:$E$29,3,FALSE)) -> UI_icon_teshudognzuo_08 | Y39: =IF(ISBLANK(W39),"",VLOOKUP($W39,Sheet2!$A$2:$E$29,4,FALSE)) -> BQ_mood08
A40: =ROW()-6 -> 34 | B40: 113083 | C40: mood04 | D40: =IF(ISBLANK(C40),"",VLOOKUP($W40,Sheet2!$A$2:$E$29,3,FALSE)) -> UI_icon_teshudognzuo_15 | E40: =W40 -> 不屑 | F40: CV_Jin03 | I40: 1 | J40: 0 | K40: 1 | L40: 我一个人就够了 | O40: 4015308 | P40: 1 | W40: 不屑 | X40: =IF(ISBLANK(W40),"",VLOOKUP($W40,Sheet2!$A$2:$E$29,3,FALSE)) -> UI_icon_teshudognzuo_15 | Y40: =IF(ISBLANK(W40),"",VLOOKUP($W40,Sheet2!$A$2:$E$29,4,FALSE)) -> BQ_mood15
A41: =ROW()-6 -> 35 | B41: 113083 | C41: mood05 | D41: =IF(ISBLANK(C41),"",VLOOKUP($W41,Sheet2!$A$2:$E$29,3,FALSE)) -> UI_icon_teshudognzuo_02 | E41: =W41 -> 拒绝 | F41: CV_Jin05 | I41: 1 | J41: 0 | K41: 1 | L41: 在那儿别动 | O41: 4015308 | P41: 1 | W41: 拒绝 | X41: =IF(ISBLANK(W41),"",VLOOKUP($W41,Sheet2!$A$2:$E$29,3,FALSE)) -> UI_icon_teshudognzuo_02 | Y41: =IF(ISBLANK(W41),"",VLOOKUP($W41,Sheet2!$A$2:$E$29,4,FALSE)) -> BQ_mood02
A42: =ROW()-6 -> 36 | B42: 113083 | C42: mood06 | D42: =IF(ISBLANK(C42),"",VLOOKUP($W42,Sheet2!$A$2:$E$29,3,FALSE)) -> UI_icon_teshudognzuo_27 | E42: =W42 -> 秀 | I42: 0 | J42: 1 | K42: 0 | O42: 4015308 | P42: 0 | S42: 1,8 | W42: 秀 | X42: =IF(ISBLANK(W42),"",VLOOKUP($W42,Sheet2!$A$2:$E$29,3,FALSE)) -> UI_icon_teshudognzuo_27 | Y42: =IF(ISBLANK(W42),"",VLOOKUP($W42,Sheet2!$A$2:$E$29,4,FALSE)) -> BQ_mood27
A43: =ROW()-6 -> 37 | B43: 113083 | C43: ridemood01 | D43: =IF(ISBLANK(C43),"",VLOOKUP($W43,Sheet2!$A$2:$E$29,3,FALSE)) -> UI_icon_teshudognzuo_28 | E43: =W43 -> 玩 | I43: 1 | O43: 4015308 | R43: 1 | W43: 玩 | X43: =IF(ISBLANK(W43),"",VLOOKUP($W43,Sheet2!$A$2:$E$29,3,FALSE)) -> UI_icon_teshudognzuo_28 | Y43: =IF(ISBLANK(W43),"",VLOOKUP($W43,Sheet2!$A$2:$E$29,4,FALSE)) -> BQ_mood28
A44: =ROW()-6 -> 38 | B44: 113083 | C44: mood07 | D44: =X44 -> UI_icon_teshudognzuo_27 | E44: =W44 -> 秀 | I44: 0 | J44: 1 | K44: 0 | O44: 4015308 | P44: 0 | S44: 2,3 | U44: 烬人兽型变身时装觉醒专属 | W44: 秀 | X44: =IF(ISBLANK(W44),"",VLOOKUP($W44,[3]Sheet2!$A$2:$E$29,3,FALSE)) -> UI_icon_teshudognzuo_27 | Y44: =IF(ISBLANK(W44),"",VLOOKUP($W44,[3]Sheet2!$A$2:$E$29,4,FALSE)) -> BQ_mood27
