Workbook

Sheet Sheet1
A1: 7 | B1: 1 | C1: 9999 | D1: 2
A2: 货物index | B2: 购买音效 | D2: 备注 | E2: EmptyKey-E2 | F2: EmptyKey-F2 | G2: EmptyKey-G2 | H2: EmptyKey-H2
A3: goodIndex | B3: BuySE
A4: int | B4: string(intern)
A5: primary | B5: none
A6: goodIndex | B6: BuySE | D6: 对应type,itemId,number | E6: 说明
A7: 1 | B7: Buy | D7: 1001 | E7: 215011 | F7: 1 | G7: =VLOOKUP(E7,Sheet2!$A$2:$B$986,2,FALSE) -> Buy | H7: =VLOOKUP(E7,Sheet2!$A$2:$E$986,4,FALSE) -> 高级抽卡券(天塌了也不改ID的神奇道具）
A8: 10 | B8: Buy_Keys | D8: 1001 | E8: 225001 | F8: 1 | G8: =VLOOKUP(E8,Sheet2!$A$2:$B$986,2,FALSE) -> Buy_Keys | H8: =VLOOKUP(E8,Sheet2!$A$2:$E$986,4,FALSE) -> 黄金之匙
A9: 11 | B9: Buy_Keys | D9: 1001 | E9: 225002 | F9: 1 | G9: =VLOOKUP(E9,Sheet2!$A$2:$B$986,2,FALSE) -> Buy_Keys | H9: =VLOOKUP(E9,Sheet2!$A$2:$E$986,4,FALSE) -> 勇者之匙
A10: 12 | B10: Buy | D10: 1001 | E10: 214012 | F10: 1 | G10: =VLOOKUP(E10,Sheet2!$A$2:$B$986,2,FALSE) -> Buy | H10: =VLOOKUP(E10,Sheet2!$A$2:$E$986,4,FALSE) -> 电话虫
A11: 13 | B11: Buy_Coin | D11: 1001 | E11: 215006 | F11: 1 | G11: =VLOOKUP(E11,Sheet2!$A$2:$B$986,2,FALSE) -> Buy_Coin | H11: =VLOOKUP(E11,Sheet2!$A$2:$E$986,4,FALSE) -> 一袋金币
A12: 14 | B12: Buy | D12: 1001 | E12: 214010 | F12: 1 | G12: =VLOOKUP(E12,Sheet2!$A$2:$B$986,2,FALSE) -> Buy | H12: =VLOOKUP(E12,Sheet2!$A$2:$E$986,4,FALSE) -> 改名卡
A13: 15 | B13: Buy | D13: 1001 | E13: 214008 | F13: 1 | G13: =VLOOKUP(E13,Sheet2!$A$2:$B$986,2,FALSE) -> Buy | H13: =VLOOKUP(E13,Sheet2!$A$2:$E$986,4,FALSE) -> 遗忘之书
A14: 24 | B14: Buy_Gem | D14: 1001 | E14: 217006 | F14: 1 | G14: =VLOOKUP(E14,Sheet2!$A$2:$B$986,2,FALSE) -> Buy_Gem | H14: =VLOOKUP(E14,Sheet2!$A$2:$E$986,4,FALSE) -> 一袋蓝钻
A15: 25 | B15: Buy_Jewel | D15: 1001 | E15: 800002 | F15: 1 | G15: =VLOOKUP(E15,Sheet2!$A$2:$B$986,2,FALSE) -> Buy_Chest | H15: =VLOOKUP(E15,Sheet2!$A$2:$E$986,4,FALSE) -> 精致宝石袋
A16: 26 | B16: Buy_Chest | D16: 1001 | E16: 800004 | F16: 1 | G16: =VLOOKUP(E16,Sheet2!$A$2:$B$986,2,FALSE) -> Buy | H16: =VLOOKUP(E16,Sheet2!$A$2:$E$986,4,FALSE) -> 技能书宝箱
A17: 28 | B17: Buy | D17: 1001 | E17: 800006 | F17: 1 | G17: =VLOOKUP(E17,Sheet2!$A$2:$B$986,2,FALSE) -> Buy | H17: =VLOOKUP(E17,Sheet2!$A$2:$E$986,4,FALSE) -> 打孔道具袋子
A18: 29 | B18: Buy_Jewel | D18: 1001 | E18: 800007 | F18: 1 | G18: =VLOOKUP(E18,Sheet2!$A$2:$B$986,2,FALSE) -> Buy_Gem | H18: =VLOOKUP(E18,Sheet2!$A$2:$E$986,4,FALSE) -> 精炼石袋子
... A121: 313 | B121: Buy_Equip | D121: 1201 | E121: 80000240 | F121: 1 | G121: =VLOOKUP(E121,Sheet2!$A$2:$B$986,2,FALSE) -> #N/A | H121: =VLOOKUP(E121,Sheet2!$A$2:$E$986,4,FALSE) -> #N/A
A122: 1001 | B122: Buy | D122: 10004 | E122: 0 | F122: 1;1014 | G122: =VLOOKUP(E122,Sheet2!$A$2:$B$986,2,FALSE) -> #N/A | H122: =VLOOKUP(E122,Sheet2!$A$2:$E$986,4,FALSE) -> #N/A
A123: 1002 | B123: Buy | D123: 1001 | E123: 233008 | F123: 1 | G123: =VLOOKUP(E123,Sheet2!$A$2:$B$986,2,FALSE) -> Buy | H123: =VLOOKUP(E123,Sheet2!$A$2:$E$986,4,FALSE) -> 会心之阵
A124: 1003 | B124: Buy | D124: 1001 | E124: 233009 | F124: 1 | G124: =VLOOKUP(E124,Sheet2!$A$2:$B$986,2,FALSE) -> Buy | H124: =VLOOKUP(E124,Sheet2!$A$2:$E$986,4,FALSE) -> 平静之阵
A125: 1004 | B125: Buy | D125: 1001 | E125: 233010 | F125: 1 | G125: =VLOOKUP(E125,Sheet2!$A$2:$B$986,2,FALSE) -> Buy | H125: =VLOOKUP(E125,Sheet2!$A$2:$E$986,4,FALSE) -> 疾行之阵
A126: 1005 | B126: Buy | D126: 1001 | E126: 233011 | F126: 1 | G126: =VLOOKUP(E126,Sheet2!$A$2:$B$986,2,FALSE) -> Buy | H126: =VLOOKUP(E126,Sheet2!$A$2:$E$986,4,FALSE) -> 治愈之阵
A127: 1006 | B127: Buy | D127: 1001 | E127: 233012 | F127: 1 | G127: =VLOOKUP(E127,Sheet2!$A$2:$B$986,2,FALSE) -> Buy | H127: =VLOOKUP(E127,Sheet2!$A$2:$E$986,4,FALSE) -> 沉稳之阵
A128: 1007 | B128: Buy | D128: 1001 | E128: 233013 | F128: 1 | G128: =VLOOKUP(E128,Sheet2!$A$2:$B$986,2,FALSE) -> Buy | H128: =VLOOKUP(E128,Sheet2!$A$2:$E$986,4,FALSE) -> 狂怒之阵
A129: 1008 | B129: Buy | D129: 1001 | E129: 233014 | F129: 1 | G129: =VLOOKUP(E129,Sheet2!$A$2:$B$986,2,FALSE) -> Buy | H129: =VLOOKUP(E129,Sheet2!$A$2:$E$986,4,FALSE) -> 壁垒之阵
A130: 1009 | B130: Buy | D130: 1001 | E130: 233015 | F130: 1 | G130: =VLOOKUP(E130,Sheet2!$A$2:$B$986,2,FALSE) -> Buy | H130: =VLOOKUP(E130,Sheet2!$A$2:$E$986,4,FALSE) -> 激励之阵
A131: 1010 | B131: Buy | D131: 1001 | E131: 233016 | F131: 1 | G131: =VLOOKUP(E131,Sheet2!$A$2:$B$986,2,FALSE) -> Buy | H131: =VLOOKUP(E131,Sheet2!$A$2:$E$986,4,FALSE) -> 战魂之阵
A132: 1011 | B132: Buy | D132: 1001 | E132: 233017 | F132: 1 | G132: =VLOOKUP(E132,Sheet2!$A$2:$B$986,2,FALSE) -> Buy | H132: =VLOOKUP(E132,Sheet2!$A$2:$E$986,4,FALSE) -> 突袭之阵
A133: 1012 | B133: Buy_Jewel | D133: 1001 | E133: 215002 | F133: 1 | G133: =VLOOKUP(E133,Sheet2!$A$2:$B$986,2,FALSE) -> Buy_Jewel | H133: =VLOOKUP(E133,Sheet2!$A$2:$E$986,4,FALSE) -> 超级精炼石
A134: 1013 | B134: Buy_Jewel | D134: 1001 | E134: 213004 | F134: 1 | G134: =VLOOKUP(E134,Sheet2!$A$2:$B$986,2,FALSE) -> Buy_Jewel | H134: =VLOOKUP(E134,Sheet2!$A$2:$E$986,4,FALSE) -> 海蓝石
... A203: 1082 | B203: Buy | D203: 1001 | E203: 213007 | F203: 1 | G203: =VLOOKUP(E203,Sheet2!$A$2:$B$986,2,FALSE) -> Buy | H203: =VLOOKUP(E203,Sheet2!$A$2:$E$986,4,FALSE) -> 中级秘传书

Sheet Sheet2
A1: itemId | B1: BuySE
A2: 212001 | B2: Buy | D2: 初级经验卷轴 | E2: 低级角色升级经验道具
A3: 213001 | B3: Buy | D3: 中级经验卷轴 | E3: 中级角色升级经验道具
A4: 214001 | B4: Buy | D4: 高级经验卷轴 | E4: 高级角色升级经验道具
A5: 215001 | B5: Buy | D5: 超级经验卷轴 | E5: 超级角色升级经验道具
A6: 212002 | B6: Buy_Jewel | D6: 低级精炼石 | E6: 用于装备精炼等级+1至+5
A7: 213002 | B7: Buy_Jewel | D7: 中级精炼石 | E7: 用于装备精炼等级+6至+10
A8: 214002 | B8: Buy_Jewel | D8: 高级精炼石 | E8: 用于装备精炼等级+11至+15
A9: 215002 | B9: Buy_Jewel | D9: 超级精炼石 | E9: 用于装备精炼等级+16至+20
A10: 212004 | B10: Buy_Jewel | D10: 精钢石 | E10: 低级打孔道具，用于1至20级装备的打孔
A11: 213004 | B11: Buy_Jewel | D11: 海蓝石 | E11: 中级打孔道具，用于21至40级装备的打孔
A12: 214004 | B12: Buy_Jewel | D12: 钢岩石 | E12: 高级打孔道具，用于41至60级装备的打孔
A13: 215004 | B13: Buy_Jewel | D13: 圣辉石 | E13: 超级打孔道具，用于61至80级装备的打孔
... A27: 215007 | B27: Buy | D27: 奥义秘传书 | E27: 获得巨量技能点数
A28: 212107 | B28: Buy | D28: 动物系初级秘传书
A29: 213107 | B29: Buy | D29: 动物系中级秘传书
A30: 214107 | B30: Buy | D30: 动物系高级秘传书
A31: 215107 | B31: Buy | D31: 动物系奥义秘传书
A32: 212207 | B32: Buy | D32: 自然系初级秘传书
A33: 213207 | B33: Buy | D33: 自然系中级秘传书
A34: 214207 | B34: Buy | D34: 自然系高级秘传书
A35: 215207 | B35: Buy | D35: 自然系奥义秘传书
A36: 212307 | B36: Buy | D36: 超人系初级秘传书
A37: 213307 | B37: Buy | D37: 超人系中级秘传书
A38: 214307 | B38: Buy | D38: 超人系高级秘传书
A39: 215307 | B39: Buy | D39: 超人系奥义秘传书
... A51: 215607 | B51: Buy | D51: 射击系奥义秘传书
A52: 214003 | B52: Buy_Jewel | D52: 英雄之石 | E52: 用于装备精炼等级+11至+20的提升
A53: 214008 | B53: Buy | D53: 遗忘之书 | E53: 可重置角色所有技能点
A54: 214010 | B54: Buy | D54: 改名卡 | E54: 用于角色改名
A55: 214011 | B55: Buy | D55: 普通抽卡券 | E55: 用于普通抽卡。
A56: 215011 | B56: Buy | D56: 高级抽卡券(天塌了也不改ID的神奇道具） | E56: 用于高级抽卡。
A57: 214012 | B57: Buy | D57: 电话虫 | E57: 可以发起全服广播。
A58: 214016 | B58: Buy | D58: 初级玉匣 | E58: 普通角色宝箱，随机开出R卡或SR卡。
A59: 215016 | B59: Buy | D59: 高级玉匣 | E59: 稀有角色宝箱，随机开出SR卡。
A60: 213016 | B60: Buy_Chest | D60: 烟鬼宝箱 | E60: 开出烟鬼
A61: 225001 | B61: Buy_Keys | D61: 黄金之匙
A62: 225002 | B62: Buy_Keys | D62: 勇者之匙
A63: 610001 | B63: Buy_Spirite | D63: 克比碎片 | E63: 集齐30个可召唤克比
A64: 610002 | B64: Buy_Spirite | D64: 斧手蒙卡碎片 | E64: 集齐30个可召唤斧手蒙卡
A65: 610003 | B65: Buy_Spirite | D65: 卡巴奇碎片 | E65: 集齐30个可召唤卡巴奇
A66: 610004 | B66: Buy_Spirite | D66: 克洛碎片 | E66: 集齐30个可召唤克洛
A67: 610005 | B67: Buy_Spirite | D67: 强高碎片 | E67: 集齐30个可召唤强高
A68: 610006 | B68: Buy_Spirite | D68: 克里克碎片 | E68: 集齐30个可召唤克里克
A69: 610007 | B69: Buy_Spirite | D69: 阿金碎片 | E69: 集齐30个可召唤阿金
A70: 610008 | B70: Buy_Spirite | D70: 帕鲁碎片 | E70: 集齐30个可召唤帕鲁
A71: 610009 | B71: Buy_Spirite | D71: 阿龙碎片 | E71: 集齐30个可召唤阿龙
A72: 610010 | B72: Buy_Spirite | D72: 阿八碎片 | E72: 集齐30个可召唤阿八
A73: 610011 | B73: Buy_Spirite | D73: 薇薇碎片 | E73: 集齐30个可召唤薇薇
A74: 610012 | B74: Buy_Spirite | D74: Mr.5碎片 | E74: 集齐30个可召唤Mr.5
... A116: 630010 | B116: Buy_Spirite | D116: 杰拉基尔·米霍克碎片 | E116: 集齐30个可召唤杰拉基尔·米霍克
A117: 233001 | B117: Buy | D117: 动物之阵
A118: 233002 | B118: Buy | D118: 超人之阵
A119: 233003 | B119: Buy | D119: 自然之阵
A120: 233004 | B120: Buy | D120: 剑道之阵
A121: 233005 | B121: Buy | D121: 格斗之阵
A122: 233006 | B122: Buy | D122: 狙击之阵
A123: 233007 | B123: Buy | D123: 精准之阵
A124: 233008 | B124: Buy | D124: 会心之阵
A125: 233009 | B125: Buy | D125: 平静之阵
A126: 233010 | B126: Buy | D126: 疾行之阵
A127: 233011 | B127: Buy | D127: 治愈之阵
A128: 233012 | B128: Buy | D128: 沉稳之阵
... A133: 233017 | B133: Buy | D133: 突袭之阵
A134: 211017 | B134: Buy_Chest | D134: 1级训练道具箱 | E134: 1级训练道具箱，开启可获得1级训练道具
A135: 212017 | B135: Buy_Chest | D135: 2级训练道具箱 | E135: 2级训练道具箱，开启可获得2级训练道具
A136: 213017 | B136: Buy_Chest | D136: 3级训练道具箱 | E136: 3级训练道具箱，开启可获得3级训练道具
A137: 214017 | B137: Buy_Chest | D137: 4级训练道具箱 | E137: 4级训练道具箱，开启可获得4级训练道具
A138: 215017 | B138: Buy_Chest | D138: 5级训练道具箱 | E138: 5级训练道具箱，开启可获得5级训练道具
A139: 216017 | B139: Buy_Chest | D139: 6级训练道具箱 | E139: 6级训练道具箱，开启可获得6级训练道具
A140: 217017 | B140: Buy_Chest | D140: 7级训练道具箱 | E140: 7级训练道具箱，开启可获得7级训练道具
A141: 218017 | B141: Buy_Chest | D141: 8级训练道具箱 | E141: 8级训练道具箱，开启可获得8级训练道具
A142: 219017 | B142: Buy_Chest | D142: 9级训练道具箱 | E142: 9级训练道具箱，开启可获得9级训练道具
A143: 211018 | B143: Buy | D143: 1级生命训练书 | E143: 1级哑铃，用于血量训练
A144: 212018 | B144: Buy | D144: 2级生命训练书 | E144: 2级哑铃，用于血量训练
A145: 213018 | B145: Buy | D145: 3级生命训练书 | E145: 3级哑铃，用于血量训练
... A172: 210020 | B172: Buy | D172: 10级攻击训练书 | E172: 10级拳套，用于攻击训练
A173: 221001 | B173: Buy | D173: 珍珠
A174: 240001 | B174: Buy | D174: 贝壳 | E174: 贝壳
A175: 240002 | B175: Buy | D175: 木材 | E175: 木材
A176: 240003 | B176: Buy | D176: 野菜 | E176: 野菜
A177: 240004 | B177: Buy | D177: 稀有草药 | E177: 稀有草药
A178: 240005 | B178: Buy | D178: 河豚 | E178: 河豚
A179: 240006 | B179: Buy | D179: 新鲜的鱼 | E179: 河豚
A180: 240007 | B180: Buy | D180: 地毡草
A181: 240008 | B181: Buy | D181: 桫椤
A182: 240009 | B182: Buy | D182: 紫云英
A183: 240010 | B183: Buy | D183: 幽灵兰
A184: 240011 | B184: Buy | D184: 苦檀果
A185: 240012 | B185: Buy | D185: 鬼针草
A186: 240013 | B186: Buy | D186: 贝壳 | E186: 贝壳
A187: 240014 | B187: Buy | D187: 新鲜的鱼 | E187: 新鲜的鱼
A188: 240015 | B188: Buy | D188: 新鲜的鱼 | E188: 新鲜的鱼
A189: 240016 | B189: Buy | D189: 新鲜的鱼 | E189: 河豚
A190: 240017 | B190: Buy | D190: 新鲜的鱼 | E190: 新鲜的鱼
A191: 240018 | B191: Buy | D191: 野菜 | E191: 野菜
A192: 240019 | B192: Buy | D192: 稀有草药 | E192: 稀有草药
A193: 240020 | B193: Buy | D193: 木材 | E193: 木材
A194: 240021 | B194: Buy | D194: 新鲜的鱼 | E194: 新鲜的鱼
A195: 240022 | B195: Buy_Equip | D195: 黄帽子海盗的鞋子 | E195: 黄帽子海盗的鞋子
...
