Workbook

Sheet Sheet1
A1: 7 | B1: 1 | C1: 9999 | D1: 3
A2: 英雄id | B2: 体力上限 | C2: 技能
A3: heroId | B3: maxEnergy | C3: skills
A4: int | B4: int | C4: string
A5: primary | B5: none | C5: none
A6: heroId | B6: maxEnergy | C6: skills
A7: 112028 | B7: 480 | C7: 59,0,1 | I7: 战桃丸 | N7: 1 | O7: 生产钻石时，工作进度提升20%
A8: 113001 | B8: 360 | C8: 8,0,1 | I8: 鳄鱼 | N8: 2 | O8: 生产钻石时，工作进度提升25%
A9: 113002 | B9: 360 | C9: 66,0,1 | I9: 艾尼路 | N9: 3 | O9: 生产钻石时，工作进度提升30%
A10: 113003 | B10: 360 | C10: 57,0,1;65,1,6 | I10: 青雉 | N10: 4 | O10: 生产钻石时，工作进度提升35%
A11: 113004 | B11: 480 | C11: 37,0,1;82,1,6 | I11: 卡普 | N11: 5 | O11: 生产钻石时，工作进度提升40%
A12: 113005 | B12: 360 | C12: 108,0,1 | I12: 莫利亚 | N12: 6 | O12: 生产钻石时，工作进度提升45%
A13: 113006 | B13: 480 | C13: 30,0,1 | I13: 大熊 | N13: 7 | O13: 生产钻石时，工作进度提升50%
A14: 113007 | B14: 240 | C14: 8,0,1 | I14: 黄猿 | N14: 8 | O14: 生产宝石时，工作进度提升20%
A15: 113008 | B15: 240 | C15: 2,0,1;73,0,60 | I15: 艾斯 | N15: 9 | O15: 生产宝石时，工作进度提升25%
A16: 113009 | B16: 360 | C16: 59,0,1 | I16: 赤犬 | N16: 10 | O16: 生产宝石时，工作进度提升30%
A17: 113010 | B17: 360 | C17: 17,0,1 | I17: 鹰眼 | N17: 11 | O17: 生产宝石时，工作进度提升35%
A18: 113012 | B18: 480 | C18: 74,0,1;83,1,7 | I18: 甚平 | N18: 12 | O18: 生产宝石时，工作进度提升40%
... A160: 113114 | B160: 480 | C160: 77,0,1;83,0,1 | I160: 未来岛黑胡子 | N160: 109 | O160: 生产时体力消耗-10%，生产精华加速20%

Sheet Sheet2

Sheet Sheet3
A1: 7 | B1: 1 | C1: 9999 | G1: 3
A2: 英雄id | B2: 体力上限 | C2: 技能
A3: heroId | B3: maxEnergy | C3: skills
A4: int | B4: int | C4: string
A5: primary | B5: none | C5: none
A6: heroId | B6: maxEnergy | C6: skills | L6: 技能ID | O6: 出现次数 | P6: 技能
A7: 112028 | B7: 480 | C7: 59 | H7: 战桃丸 | I7: 1 | J7: 生产钻石时，工作进度提升20% | L7: 1 | O7: =COUNTIF(C$92:D$1048576,L7) -> 2 | P7: =VLOOKUP(L7,Sheet4!A:E,5,FALSE) -> 生产蓝钻时，工作进度提升20%
A8: 113001 | B8: 360 | C8: 8 | H8: 鳄鱼 | I8: 2 | J8: 生产钻石时，工作进度提升25% | L8: 2 | O8: =COUNTIF(C$92:D$1048576,L8) -> 5 | P8: =VLOOKUP(L8,Sheet4!A:E,5,FALSE) -> 生产蓝钻时，工作进度提升25%
A9: 113002 | B9: 360 | C9: 66 | H9: 艾尼路 | I9: 3 | J9: 生产钻石时，工作进度提升30% | L9: 3 | O9: =COUNTIF(C$92:D$1048576,L9) -> 1 | P9: =VLOOKUP(L9,Sheet4!A:E,5,FALSE) -> 生产蓝钻时，工作进度提升30%
A10: 113003 | B10: 360 | C10: 57 | D10: 65 | E10: 1 | F10: 6 | H10: 青雉 | I10: 4 | J10: 生产钻石时，工作进度提升35% | L10: 8 | O10: =COUNTIF(C$92:D$1048576,L10) -> 3 | P10: =VLOOKUP(L10,Sheet4!A:E,5,FALSE) -> 生产宝石时，工作进度提升20%
A11: 113004 | B11: 480 | C11: 37 | D11: 82 | E11: 1 | F11: 6 | H11: 卡普 | I11: 5 | J11: 生产钻石时，工作进度提升40% | L11: 9 | O11: =COUNTIF(C$92:D$1048576,L11) -> 3 | P11: =VLOOKUP(L11,Sheet4!A:E,5,FALSE) -> 生产宝石时，工作进度提升25%
A12: 113005 | B12: 360 | C12: 108 | H12: 莫利亚 | I12: 6 | J12: 生产钻石时，工作进度提升45% | L12: 10 | O12: =COUNTIF(C$92:D$1048576,L12) -> 1 | P12: =VLOOKUP(L12,Sheet4!A:E,5,FALSE) -> 生产宝石时，工作进度提升30%
A13: 113006 | B13: 480 | C13: 30 | H13: 大熊 | I13: 7 | J13: 生产钻石时，工作进度提升50% | L13: 15 | O13: =COUNTIF(C$92:D$1048576,L13) -> 1 | P13: =VLOOKUP(L13,Sheet4!A:E,5,FALSE) -> 生产精炼石时，工作进度提升20%
A14: 113007 | B14: 240 | C14: 8 | H14: 黄猿 | I14: 8 | J14: 生产宝石时，工作进度提升20% | L14: 17 | O14: =COUNTIF(C$92:D$1048576,L14) -> 3 | P14: =VLOOKUP(L14,Sheet4!A:E,5,FALSE) -> 生产精炼石时，工作进度提升30%
A15: 113008 | B15: 240 | C15: 2 | D15: 73 | E15: 0 | F15: 60 | H15: 艾斯 | I15: 9 | J15: 生产宝石时，工作进度提升25% | L15: 22 | O15: =COUNTIF(C$92:D$1048576,L15) -> 3 | P15: =VLOOKUP(L15,Sheet4!A:E,5,FALSE) -> 生产英雄之石时，工作进度提升20%
A16: 113009 | B16: 360 | C16: 59 | H16: 赤犬 | I16: 10 | J16: 生产宝石时，工作进度提升30% | L16: 23 | O16: =COUNTIF(C$92:D$1048576,L16) -> 0 | P16: =VLOOKUP(L16,Sheet4!A:E,5,FALSE) -> 生产英雄之石时，工作进度提升25%
A17: 113010 | B17: 360 | C17: 17 | H17: 鹰眼 | I17: 11 | J17: 生产宝石时，工作进度提升35% | L17: 24 | O17: =COUNTIF(C$92:D$1048576,L17) -> 4 | P17: =VLOOKUP(L17,Sheet4!A:E,5,FALSE) -> 生产英雄之石时，工作进度提升30%
A18: 113012 | B18: 480 | C18: 74 | D18: 83 | E18: 1 | F18: 7 | H18: 甚平 | I18: 12 | J18: 生产宝石时，工作进度提升40% | L18: 30 | O18: =COUNTIF(C$92:D$1048576,L18) -> 0 | P18: =VLOOKUP(L18,Sheet4!A:E,5,FALSE) -> 生产古铜锭、锡铁锭、精金锭时，工作进度提升25%
A19: 113013 | B19: 480 | C19: 109 | D19: 110 | E19: 1 | F19: 6 | H19: 女帝 | I19: 13 | J19: 生产宝石时，工作进度提升45% | L19: 31 | O19: =COUNTIF(C$92:D$1048576,L19) -> 1 | P19: =VLOOKUP(L19,Sheet4!A:E,5,FALSE) -> 生产古铜锭、锡铁锭、精金锭时，工作进度提升30%
A20: 113014 | B20: 240 | C20: 58 | D20: 78 | E20: 0 | F20: 80 | H20: 罗 | I20: 14 | J20: 生产宝石时，工作进度提升50% | L20: 36 | O20: =COUNTIF(C$92:D$1048576,L20) -> 2 | P20: =VLOOKUP(L20,Sheet4!A:E,5,FALSE) -> 在精炼厂工作时，工作进度提升20%
A21: 113015 | B21: 360 | C21: 38 | H21: 基德 | I21: 15 | J21: 生产精炼石时，工作进度提升20% | L21: 37 | O21: =COUNTIF(C$92:D$1048576,L21) -> 4 | P21: =VLOOKUP(L21,Sheet4!A:E,5,FALSE) -> 在精炼厂工作时，工作进度提升25%
A22: 113017 | B22: 360 | C22: 45 | H22: 战国 | I22: 16 | J22: 生产精炼石时，工作进度提升25% | L22: 38 | O22: =COUNTIF(C$92:D$1048576,L22) -> 6 | P22: =VLOOKUP(L22,Sheet4!A:E,5,FALSE) -> 在精炼厂工作时，工作进度提升30%
A23: 113016 | B23: 240 | C23: 24 | H23: 雷利 | I23: 17 | J23: 生产精炼石时，工作进度提升30% | L23: 43 | O23: =COUNTIF(C$92:D$1048576,L23) -> 3 | P23: =VLOOKUP(L23,Sheet4!A:E,5,FALSE) -> 生产经验书时，工作进度提升20%
A24: 113018 | B24: 360 | C24: 37 | H24: 麦哲伦 | I24: 18 | J24: 生产精炼石时，工作进度提升35% | L24: 45 | O24: =COUNTIF(C$92:D$1048576,L24) -> 5 | P24: =VLOOKUP(L24,Sheet4!A:E,5,FALSE) -> 生产经验书时，工作进度提升30%
A25: 113019 | B25: 480 | C25: 58 | D25: 75 | E25: 1 | F25: 6 | H25: 人妖王 | I25: 19 | J25: 生产精炼石时，工作进度提升40% | L25: 57 | O25: =COUNTIF(C$92:D$1048576,L25) -> 1 | P25: =VLOOKUP(L25,Sheet4!A:E,5,FALSE) -> 在图书馆工作时，工作进度提升20%
A26: 113020 | B26: 360 | C26: 3 | D26: 81 | E26: 1 | F26: 6 | H26: 乔兹 | I26: 20 | J26: 生产精炼石时，工作进度提升45% | L26: 58 | O26: =COUNTIF(C$92:D$1048576,L26) -> 1 | P26: =VLOOKUP(L26,Sheet4!A:E,5,FALSE) -> 在图书馆工作时，工作进度提升25%
A27: 113022 | B27: 360 | C27: 37 | D27: 79 | E27: 0 | F27: 80 | H27: 马尔高 | I27: 21 | J27: 生产精炼石时，工作进度提升50% | L27: 59 | O27: =COUNTIF(C$92:D$1048576,L27) -> 3 | P27: =VLOOKUP(L27,Sheet4!A:E,5,FALSE) -> 在图书馆工作时，工作进度提升30%
A28: 113021 | B28: 480 | C28: 59 | H28: 白胡子 | I28: 22 | J28: 生产英雄之石时，工作进度提升20% | L28: 59 | M28: 0 | N28: 80 | O28: =COUNTIF(C$92:D$1048576,L28) -> 3 | P28: =VLOOKUP(L28,Sheet4!A:E,5,FALSE) -> 在图书馆工作时，工作进度提升30%
A29: 113023 | B29: 480 | C29: 31 | H29: 比斯塔 | I29: 23 | J29: 生产英雄之石时，工作进度提升25% | L29: 64 | O29: =COUNTIF(C$92:D$1048576,L29) -> 2 | P29: =VLOOKUP(L29,Sheet4!A:E,5,FALSE) -> 生产附魂卷时，工作进度提升20%
A30: 113024 | B30: 480 | C30: 66 | H30: 红发 | I30: 24 | J30: 生产英雄之石时，工作进度提升30% | L30: 65 | O30: =COUNTIF(C$92:D$1048576,L30) -> 2 | P30: =VLOOKUP(L30,Sheet4!A:E,5,FALSE) -> 生产附魂卷时，工作进度提升25%
A31: 113026 | B31: 360 | C31: 17 | H31: 新世界索隆 | I31: 25 | J31: 生产英雄之石时，工作进度提升35% | L31: 65 | M31: 1 | N31: 6 | O31: =COUNTIF(C$92:D$1048576,L31) -> 2 | P31: =VLOOKUP(L31,Sheet4!A:E,5,FALSE) -> 生产附魂卷时，工作进度提升25%
A32: 113025 | B32: 360 | C32: 38 | H32: 新世界乌索普 | I32: 26 | J32: 生产英雄之石时，工作进度提升40% | L32: 66 | O32: =COUNTIF(C$92:D$1048576,L32) -> 8 | P32: =VLOOKUP(L32,Sheet4!A:E,5,FALSE) -> 生产附魂卷时，工作进度提升30%
A33: 113027 | B33: 360 | C33: 83 | H33: 黑胡子 | I33: 27 | J33: 生产英雄之石时，工作进度提升45% | L33: 73 | M33: 0 | N33: 60 | O33: =COUNTIF(C$92:D$1048576,L33) -> 0 | P33: =VLOOKUP(L33,Sheet4!A:E,5,FALSE) -> 入住宿舍，体力恢复速度提升12%
A34: 113028 | B34: 240 | C34: 9 | H34: 新世界娜美 | I34: 28 | J34: 生产英雄之石时，工作进度提升50% | L34: 73 | M34: 0 | N34: 50 | O34: =COUNTIF(C$92:D$1048576,L34) -> 0 | P34: =VLOOKUP(L34,Sheet4!A:E,5,FALSE) -> 入住宿舍，体力恢复速度提升12%
A35: 113030 | B35: 480 | C35: 1 | H35: 明哥 | I35: 29 | J35: 生产古铜锭、锡铁锭、精金锭时，工作进度提升20% | L35: 74 | O35: =COUNTIF(C$92:D$1048576,L35) -> 0 | P35: =VLOOKUP(L35,Sheet4!A:E,5,FALSE) -> 入住宿舍，体力恢复速度提升16%
A36: 113029 | B36: 240 | C36: 9 | H36: 新世界罗宾 | I36: 30 | J36: 生产古铜锭、锡铁锭、精金锭时，工作进度提升25% | L36: 75 | M36: 1 | N36: 6 | O36: =COUNTIF(C$92:D$1048576,L36) -> 1 | P36: =VLOOKUP(L36,Sheet4!A:E,5,FALSE) -> 在宿舍时，加快宿舍内角色体力恢复速度15%
A37: 113031 | B37: 360 | C37: 65 | H37: 新世界路飞 | I37: 31 | J37: 生产古铜锭、锡铁锭、精金锭时，工作进度提升30% | L37: 75 | M37: 0 | N37: 80 | O37: =COUNTIF(C$92:D$1048576,L37) -> 1 | P37: =VLOOKUP(L37,Sheet4!A:E,5,FALSE) -> 在宿舍时，加快宿舍内角色体力恢复速度15%
A38: 112001 | B38: 360 | C38: 43 | H38: 路飞 | I38: 32 | J38: 生产古铜锭、锡铁锭、精金锭时，工作进度提升35% | L38: 76 | M38: 0 | N38: 80 | O38: =COUNTIF(C$92:D$1048576,L38) -> 0 | P38: =VLOOKUP(L38,Sheet4!A:E,5,FALSE) -> 在宿舍时，加快宿舍内角色体力恢复速度20%
A39: 112002 | B39: 360 | C39: 111 | H39: 索隆 | I39: 33 | J39: 生产古铜锭、锡铁锭、精金锭时，工作进度提升40% | L39: 77 | O39: =COUNTIF(C$92:D$1048576,L39) -> 2 | P39: =VLOOKUP(L39,Sheet4!A:E,5,FALSE) -> 生产时，体力消耗减少10%
A40: 112008 | B40: 480 | C40: 36 | H40: 弗兰奇 | I40: 34 | J40: 生产古铜锭、锡铁锭、精金锭时，工作进度提升45% | L40: 77 | M40: 0 | N40: 50 | O40: =COUNTIF(C$92:D$1048576,L40) -> 2 | P40: =VLOOKUP(L40,Sheet4!A:E,5,FALSE) -> 生产时，体力消耗减少10%
A41: 112003 | B41: 240 | C41: 112 | H41: 娜美 | I41: 35 | J41: 生产古铜锭、锡铁锭、精金锭时，工作进度提升50% | L41: 78 | M41: 0 | N41: 80 | O41: =COUNTIF(C$92:D$1048576,L41) -> 0 | P41: =VLOOKUP(L41,Sheet4!A:E,5,FALSE) -> 生产时，体力消耗减少15%
A42: 112005 | B42: 240 | C42: 57 | H42: 山治 | I42: 36 | J42: 在精炼厂工作时，工作进度提升20% | L42: 79 | M42: 0 | N42: 80 | O42: =COUNTIF(C$92:D$1048576,L42) -> 3 | P42: =VLOOKUP(L42,Sheet4!A:E,5,FALSE) -> 生产时，体力消耗减少20%
A43: 112004 | B43: 360 | C43: 113 | H43: 乌索普 | I43: 37 | J43: 在精炼厂工作时，工作进度提升25% | L43: 79 | M43: 0 | N43: 1 | O43: =COUNTIF(C$92:D$1048576,L43) -> 3 | P43: =VLOOKUP(L43,Sheet4!A:E,5,FALSE) -> 生产时，体力消耗减少20%
A44: 112009 | B44: 240 | C44: 64 | H44: 布鲁克 | I44: 38 | J44: 在精炼厂工作时，工作进度提升30% | L44: 80 | M44: 1 | N44: 5 | O44: =COUNTIF(C$92:D$1048576,L44) -> 0 | P44: =VLOOKUP(L44,Sheet4!A:E,5,FALSE) -> 生产精华时，生产效率提升5%
A45: 112006 | B45: 240 | C45: 57 | D45: 73 | E45: 0 | F45: 50 | H45: 乔巴 | I45: 39 | J45: 在精炼厂工作时，工作进度提升35% | L45: 81 | M45: 1 | N45: 6 | O45: =COUNTIF(C$92:D$1048576,L45) -> 0 | P45: =VLOOKUP(L45,Sheet4!A:E,5,FALSE) -> 生产精华时，生产效率提升10%
A46: 112007 | B46: 240 | C46: 114 | H46: 罗宾 | I46: 40 | J46: 在精炼厂工作时，工作进度提升40% | L46: 81 | M46: 1 | N46: 5 | O46: =COUNTIF(C$92:D$1048576,L46) -> 0 | P46: =VLOOKUP(L46,Sheet4!A:E,5,FALSE) -> 生产精华时，生产效率提升10%
A47: 112010 | B47: 360 | C47: 1 | D47: 81 | E47: 1 | F47: 5 | H47: 巴基 | I47: 41 | J47: 在精炼厂工作时，工作进度提升45% | L47: 82 | M47: 1 | N47: 6 | O47: =COUNTIF(C$92:D$1048576,L47) -> 0 | P47: =VLOOKUP(L47,Sheet4!A:E,5,FALSE) -> 生产精华时，生产效率提升15%
A48: 112011 | B48: 360 | C48: 115 | H48: 烟鬼 | I48: 42 | J48: 在精炼厂工作时，工作进度提升50% | L48: 83 | O48: =COUNTIF(C$92:D$1048576,L48) -> 3 | P48: =VLOOKUP(L48,Sheet4!A:E,5,FALSE) -> 生产精华时，生产效率提升20%
A49: 112012 | B49: 240 | C49: 43 | H49: 塔西琪 | I49: 43 | J49: 生产经验书时，工作进度提升20% | L49: 83 | M49: 1 | N49: 7 | O49: =COUNTIF(C$92:D$1048576,L49) -> 3 | P49: =VLOOKUP(L49,Sheet4!A:E,5,FALSE) -> 生产精华时，生产效率提升20%
A50: 112013 | B50: 360 | C50: 113 | H50: Mr.1 | I50: 44 | J50: 生产经验书时，工作进度提升25% | L50: 85 | O50: =COUNTIF(C$92:D$1048576,L50) -> 0 | P50: =VLOOKUP(L50,Sheet4!A:E,5,FALSE) -> 在图书馆工作时，工作进度提升15%
A51: 112014 | B51: 360 | C51: 116 | H51: Mr.2 | I51: 45 | J51: 生产经验书时，工作进度提升30% | L51: 108 | O51: =COUNTIF(C$92:D$1048576,L51) -> 0 | P51: =VLOOKUP(L51,Sheet4!A:E,5,FALSE) -> 生产附魂卷时，工作进度提升22%
A52: 112015 | B52: 240 | C52: 85 | H52: Mr.3 | I52: 46 | J52: 生产经验书时，工作进度提升35% | L52: 109 | O52: =COUNTIF(C$92:D$1048576,L52) -> 2 | P52: =VLOOKUP(L52,Sheet4!A:E,5,FALSE) -> 生产蓝钻时，工作进度提升15%
A53: 112016 | B53: 480 | C53: 109 | D53: 80 | E53: 1 | F53: 5 | H53: Ms.双手指 | I53: 47 | J53: 生产经验书时，工作进度提升40% | L53: 110 | O53: =COUNTIF(C$92:D$1048576,L53) -> 0 | P53: =VLOOKUP(L53,Sheet4!A:E,5,FALSE) -> 生产宝石时，工作进度提升10%
A54: 112017 | B54: 360 | C54: 117 | H54: 贝拉米 | I54: 48 | J54: 生产经验书时，工作进度提升45% | L54: 110 | M54: 1 | N54: 6 | O54: =COUNTIF(C$92:D$1048576,L54) -> 0 | P54: =VLOOKUP(L54,Sheet4!A:E,5,FALSE) -> 生产宝石时，工作进度提升10%
A55: 112019 | B55: 360 | C55: 57 | H55: 杰布拉 | I55: 49 | J55: 生产经验书时，工作进度提升50% | L55: 111 | O55: =COUNTIF(C$92:D$1048576,L55) -> 0 | P55: =VLOOKUP(L55,Sheet4!A:E,5,FALSE) -> 生产古铜锭、锡铁锭、精金锭时，工作进度提升10%
A56: 112020 | B56: 240 | C56: 118 | H56: 佳妮法 | I56: 50 | J56: 生产训练书时，工作进度提升20% | L56: 112 | O56: =COUNTIF(C$92:D$1048576,L56) -> 0 | P56: =VLOOKUP(L56,Sheet4!A:E,5,FALSE) -> 生产宝石时，工作进度提升18%
A57: 112021 | B57: 360 | C57: 15 | H57: 卡古 | I57: 51 | J57: 生产训练书时，工作进度提升25% | L57: 113 | O57: =COUNTIF(C$92:D$1048576,L57) -> 0 | P57: =VLOOKUP(L57,Sheet4!A:E,5,FALSE) -> 在精炼厂工作时，工作进度提升15%
A58: 113011 | B58: 480 | C58: 22 | H58: 罗布 | I58: 52 | J58: 生产训练书时，工作进度提升30% | L58: 114 | O58: =COUNTIF(C$92:D$1048576,L58) -> 0 | P58: =VLOOKUP(L58,Sheet4!A:E,5,FALSE) -> 生产宝石时，工作进度提升16%
A59: 112023 | B59: 240 | C59: 116 | H59: 阿布萨罗姆 | I59: 53 | J59: 生产训练书时，工作进度提升35% | L59: 115 | O59: =COUNTIF(C$92:D$1048576,L59) -> 0 | P59: =VLOOKUP(L59,Sheet4!A:E,5,FALSE) -> 生产附魂卷时，工作进度提升18%
A60: 112024 | B60: 240 | C60: 119 | D60: 77 | E60: 0 | F60: 50 | H60: 豪格巴克 | I60: 54 | J60: 生产训练书时，工作进度提升40% | L60: 116 | O60: =COUNTIF(C$92:D$1048576,L60) -> 0 | P60: =VLOOKUP(L60,Sheet4!A:E,5,FALSE) -> 生产附魂卷时，工作进度提升15%
A61: 112025 | B61: 240 | C61: 120 | H61: 佩罗娜 | I61: 55 | J61: 生产训练书时，工作进度提升45% | L61: 117 | O61: =COUNTIF(C$92:D$1048576,L61) -> 0 | P61: =VLOOKUP(L61,Sheet4!A:E,5,FALSE) -> 在精炼厂工作时，工作进度提升10%
A62: 112026 | B62: 480 | C62: 109 | D62: 82 | E62: 1 | F62: 6 | H62: 龙马 | I62: 56 | J62: 生产训练书时，工作进度提升50% | L62: 118 | O62: =COUNTIF(C$92:D$1048576,L62) -> 0 | P62: =VLOOKUP(L62,Sheet4!A:E,5,FALSE) -> 在图书馆工作时，工作进度提升10%
A63: 112027 | B63: 360 | C63: 121 | H63: 培波 | I63: 57 | J63: 在图书馆工作时，工作进度提升20% | L63: 119 | O63: =COUNTIF(C$92:D$1048576,L63) -> 0 | P63: =VLOOKUP(L63,Sheet4!A:E,5,FALSE) -> 在图书馆工作时，工作进度提升12%
A64: 111001 | B64: 360 | C64: 116 | H64: 可比（幼年） | I64: 58 | J64: 在图书馆工作时，工作进度提升25% | L64: 120 | O64: =COUNTIF(C$92:D$1048576,L64) -> 1 | P64: =VLOOKUP(L64,Sheet4!A:E,5,FALSE) -> 生产宝石时，工作进度提升15%
A65: 111002 | B65: 240 | C65: 117 | H65: 摩根 | I65: 59 | J65: 在图书馆工作时，工作进度提升30% | L65: 121 | O65: =COUNTIF(C$92:D$1048576,L65) -> 0 | P65: =VLOOKUP(L65,Sheet4!A:E,5,FALSE) -> 生产附魂卷时，工作进度提升12%
A66: 111003 | B66: 240 | C66: 117 | H66: 卡巴奇 | I66: 60 | J66: 在图书馆工作时，工作进度提升35% | L66: 124 | O66: =COUNTIF(C$92:D$1048576,L66) -> 0 | P66: =VLOOKUP(L66,Sheet4!A:E,5,FALSE) -> 生产蓝钻时，工作进度提升10%
A67: 111004 | B67: 240 | C67: 43 | H67: 克洛 | I67: 61 | J67: 在图书馆工作时，工作进度提升40% | L67: 125 | O67: =COUNTIF(C$92:D$1048576,L67) -> 0 | P67: =VLOOKUP(L67,Sheet4!A:E,5,FALSE) -> 生产附魂卷时，工作进度提升10%
A68: 111005 | B68: 240 | C68: 132 | H68: 强高 | I68: 62 | J68: 在图书馆工作时，工作进度提升45% | L68: 126 | O68: =COUNTIF(C$92:D$1048576,L68) -> 0 | P68: =VLOOKUP(L68,Sheet4!A:E,5,FALSE) -> 生产附魂卷时，工作进度提升23%
A69: 111006 | B69: 360 | C69: 110 | H69: 首领·克里克 | I69: 63 | J69: 在图书馆工作时，工作进度提升50% | L69: 130 | M69: 1 | N69: 6 | O69: =COUNTIF(C$92:D$1048576,L69) -> 3 | P69: =VLOOKUP(L69,Sheet4!A:E,5,FALSE) -> 入住宿舍，体力恢复速度提升20%
A70: 111007 | B70: 360 | C70: 118 | H70: 阿金 | I70: 64 | J70: 生产附魂卷时，工作进度提升20% | L70: 130 | M70: 0 | N70: 1 | O70: =COUNTIF(C$92:D$1048576,L70) -> 3 | P70: =VLOOKUP(L70,Sheet4!A:E,5,FALSE) -> 入住宿舍，体力恢复速度提升20%
A71: 111008 | B71: 240 | C71: 117 | H71: 帕鲁 | I71: 65 | J71: 生产附魂卷时，工作进度提升25% | L71: 131 | M71: 0 | N71: 80 | O71: =COUNTIF(C$92:D$1048576,L71) -> 2 | P71: =VLOOKUP(L71,Sheet4!A:E,5,FALSE) -> 生产时，体力消耗减少5%
A72: 111009 | B72: 480 | C72: 133 | H72: 阿龙 | I72: 66 | J72: 生产附魂卷时，工作进度提升30% | L72: 131 | M72: 0 | N72: 1 | O72: =COUNTIF(C$92:D$1048576,L72) -> 2 | P72: =VLOOKUP(L72,Sheet4!A:E,5,FALSE) -> 生产时，体力消耗减少5%
A73: 111010 | B73: 360 | C73: 118 | H73: 阿八 | I73: 67 | J73: 生产附魂卷时，工作进度提升35% | L73: 132 | O73: =COUNTIF(C$92:D$1048576,L73) -> 0 | P73: =VLOOKUP(L73,Sheet4!A:E,5,FALSE) -> 生产英雄之石时，工作进度提升10%
A74: 111018 | B74: 240 | C74: 125 | H74: 约撒 | I74: 68 | J74: 生产附魂卷时，工作进度提升38% | L74: 133 | O74: =COUNTIF(C$92:D$1048576,L74) -> 0 | P74: =VLOOKUP(L74,Sheet4!A:E,5,FALSE) -> 在图书馆工作时，工作进度提升5%
A75: 111015 | B75: 240 | C75: 124 | H75: Miss.黄金周 | I75: 69 | J75: 生产附魂卷时，工作进度提升40% | L75: 134 | O75: =COUNTIF(C$92:D$1048576,L75) -> 0 | P75: =VLOOKUP(L75,Sheet4!A:E,5,FALSE) -> 生产蓝钻时，工作进度提升5%
A76: 111011 | B76: 360 | C76: 134 | H76: 薇薇 | I76: 70 | J76: 生产附魂卷时，工作进度提升42% | L76: 135 | O76: =COUNTIF(C$92:D$1048576,L76) -> 0 | P76: =VLOOKUP(L76,Sheet4!A:E,5,FALSE) -> 生产附魂卷时，工作进度提升5%
A77: 111013 | B77: 480 | C77: 135 | H77: 瓦波尔 | I77: 71 | J77: 生产附魂卷时，工作进度提升45% | L77: 136 | O77: =COUNTIF(C$92:D$1048576,L77) -> 0 | P77: =VLOOKUP(L77,Sheet4!A:E,5,FALSE) -> 生产宝石时，工作进度提升5%
A78: 111014 | B78: 240 | C78: 136 | H78: Mr.4 | I78: 72 | J78: 生产附魂卷时，工作进度提升50% | L78: 137 | O78: =COUNTIF(C$92:D$1048576,L78) -> 1 | P78: =VLOOKUP(L78,Sheet4!A:E,5,FALSE) -> 在宿舍时，加快宿舍内角色体力恢复速度10%
A79: 111012 | B79: 240 | C79: 125 | H79: Mr.5 | I79: 73 | J79: 入住宿舍，体力恢复速度提升12% | L79: 138 | O79: =COUNTIF(C$92:D$1048576,L79) -> 2 | P79: =VLOOKUP(L79,Sheet4!A:E,5,FALSE) -> 生产精华时，生产效率提升30%
A80: 113037 | B80: 360 | C80: 59 | H80: 新世界山治 | I80: 74 | J80: 入住宿舍，体力恢复速度提升16%
A81: 113038 | B81: 360 | C81: 57 | D81: 76 | E81: 0 | F81: 80 | H81: 新世界乔巴 | I81: 75 | J81: 在宿舍时，加快宿舍内角色体力恢复速度15%
A82: 113032 | B82: 360 | C82: 126 | H82: 新世界烟鬼 | I82: 76 | J82: 在宿舍时，加快宿舍内角色体力恢复速度20%
A83: 113033 | B83: 240 | C83: 43 | H83: 新世界塔希米 | I83: 77 | J83: 生产时，体力消耗减少10%
A84: 113034 | B84: 240 | C84: 30 | H84: 锦卫门 | I84: 78 | J84: 生产时，体力消耗减少15%
A85: 113035 | B85: 480 | C85: 23 | H85: 新世界弗兰奇 | I85: 79 | J85: 生产时，体力消耗减少20%
A86: 113036 | B86: 240 | C86: 64 | H86: 新世界布鲁克 | I86: 80 | J86: 生产精华时，生产效率提升5%
A87: 113039 | B87: 240 | C87: 59 | D87: 79 | E87: 0 | F87: 80 | H87: 新世界罗 | I87: 81 | J87: 生产精华时，生产效率提升10%
A88: 113043 | B88: 360 | C88: 45 | H88: 藤虎 | I88: 82 | J88: 生产精华时，生产效率提升15%
A89: 112029 | B89: 240 | C89: 58 | H89: Baby5 | I89: 83 | J89: 生产精华时，生产效率提升20%
A90: 113040 | B90: 480 | C90: 31 | D90: 130 | E90: 1 | F90: 6 | H90: 卡塔库栗 | I90: 84 | J90: 生产精华时，生产效率提升25%
A91: 113042 | B91: 360 | C91: 66 | H91: 萨波 | I91: 85 | J91: 在图书馆工作时，工作进度提升15%
A92: 113044 | B92: 480 | C92: 65 | D92: 75 | E92: 0 | F92: 80 | H92: 夏洛特·玲玲 | I92: 86 | J92: 宝石加工生产力增加5%（装扮用）
A93: 113045 | B93: 240 | C93: 37 | H93: 克力架 | I93: 87 | J93: 观景台保护精华10个
A94: 113046 | B94: 360 | C94: 58 | D94: 131 | E94: 0 | F94: 80 | H94: 斯慕吉 | I94: 88 | J94: 大喷泉全部体力恢复+3%
A95: 113041 | B95: 240 | C95: 57 | H95: 凯撒 | I95: 89 | J95: 精致喷泉全部体力恢复+5%
A96: 113047 | B96: 480 | C96: 37 | D96: 59 | E96: 0 | F96: 80 | H96: 凯多 | I96: 90 | J96: 精致座椅部体力恢复+2%
A97: 113049 | B97: 360 | C97: 66 | H97: 2年后青雉 | I97: 91 | J97: 木质休闲长廊全部体力消耗-3%
A98: 113050 | B98: 360 | C98: 59 | H98: 2年后赤犬 | I98: 92 | J98: 精致休闲长廊全部体力消耗-5%
A99: 113051 | B99: 360 | C99: 38 | H99: 蕾玖 | I99: 93 | J99: 在精炼厂工作时，工作进度提升30%
A100: 113052 | B100: 480 | C100: 2 | H100: 2年后路奇 | I100: 94 | J100: 生产钻石时，工作进度提升25%
...

Sheet Sheet4
A1: 7 | B1: 1 | C1: 9999 | D1: 5
A2: 技能id | B2: buff列表 | C2: 技能名 | D2: 技能图标 | E2: 技能描述 | G2: 类型
A3: skillId | B3: buffs | C3: skillName | D3: skillIcon | E3: skillDescription
A4: int | B4: string | C4: string | D4: string | E4: string
A5: primary | B5: none | C5: none | D5: none | E5: none
A6: skillId | B6: buffs
A7: 1 | B7: 10101 | C7: 切割学II | D7: jy_Diamond2 | E7: 生产蓝钻时，工作进度提升20% | G7: 钻石
A8: 2 | B8: 10102 | C8: 钻石工艺I | D8: jy_Diamond3 | E8: 生产蓝钻时，工作进度提升25% | G8: 钻石
A9: 3 | B9: 10103 | C9: 钻石工艺II | D9: jy_Diamond3 | E9: 生产蓝钻时，工作进度提升30% | G9: 钻石
A10: 4 | B10: 10104 | C10: 切割学II | D10: jy_Diamond2 | E10: 生产蓝钻时，工作进度提升35% | G10: 钻石
A11: 5 | B11: 10105 | C11: 钻石工艺I | D11: jy_Diamond3 | E11: 生产蓝钻时，工作进度提升40% | G11: 钻石
A12: 6 | B12: 10106 | C12: 钻石工艺II | D12: jy_Diamond3 | E12: 生产蓝钻时，工作进度提升45% | G12: 钻石
A13: 7 | B13: 10107 | C13: 钻石工艺III | D13: jy_Diamond3 | E13: 生产蓝钻时，工作进度提升50% | G13: 钻石
A14: 8 | B14: 10201 | C14: 宝石工匠I | D14: jy_gemstone3 | E14: 生产宝石时，工作进度提升20% | G14: 宝石
A15: 9 | B15: 10202,10209,10216 | C15: 宝石工匠II | D15: jy_gemstone3 | E15: 生产宝石时，工作进度提升25% | G15: 宝石
A16: 10 | B16: 10203,10210,10217 | C16: 能工巧匠I | D16: jy_gemstone2 | E16: 生产宝石时，工作进度提升30% | G16: 宝石
A17: 11 | B17: 10204,10211,10218 | C17: 能工巧匠II | D17: jy_gemstone2 | E17: 生产宝石时，工作进度提升35% | G17: 宝石
A18: 12 | B18: 10205,10212,10219 | C18: 宝石工匠I | D18: jy_gemstone3 | E18: 生产宝石时，工作进度提升40% | G18: 宝石
A19: 13 | B19: 10206,10213,10220 | C19: 宝石工匠II | D19: jy_gemstone3 | E19: 生产宝石时，工作进度提升45% | G19: 宝石
A20: 14 | B20: 10207,10214,10221 | C20: 宝石工匠III | D20: jy_gemstone3 | E20: 生产宝石时，工作进度提升50% | G20: 宝石
A21: 15 | B21: 10301 | C21: 标准化I | D21: jy_stone4 | E21: 生产精炼石时，工作进度提升20% | G21: 装备工坊
A22: 16 | B22: 10302 | C22: 标准化II | D22: jy_stone4 | E22: 生产精炼石时，工作进度提升25% | G22: 装备工坊
A23: 17 | B23: 10303 | C23: 标准化II | D23: jy_stone4 | E23: 生产精炼石时，工作进度提升30% | G23: 装备工坊
A24: 18 | B24: 10304 | C24: 标准化I | D24: jy_stone4 | E24: 生产精炼石时，工作进度提升35% | G24: 装备工坊
A25: 19 | B25: 10305 | C25: 标准化V | D25: jy_stone4 | E25: 生产精炼石时，工作进度提升40% | G25: 装备工坊
A26: 20 | B26: 10306 | C26: 标准化II | D26: jy_stone4 | E26: 生产精炼石时，工作进度提升45% | G26: 装备工坊
A27: 21 | B27: 10307 | C27: 标准化III | D27: jy_stone4 | E27: 生产精炼石时，工作进度提升50% | G27: 装备工坊
A28: 22 | B28: 10701 | C28: 工艺指导II | D28: jy_stone5 | E28: 生产英雄之石时，工作进度提升20% | G28: 装备工坊
A29: 23 | B29: 10702 | C29: 工艺指导III | D29: jy_stone5 | E29: 生产英雄之石时，工作进度提升25% | G29: 装备工坊
A30: 24 | B30: 10703 | C30: 工艺指导IV | D30: jy_stone5 | E30: 生产英雄之石时，工作进度提升30% | G30: 装备工坊
A31: 25 | B31: 10704 | C31: 工艺指导II | D31: jy_stone5 | E31: 生产英雄之石时，工作进度提升35% | G31: 装备工坊
A32: 26 | B32: 10705 | C32: 工艺指导V | D32: jy_stone5 | E32: 生产英雄之石时，工作进度提升40% | G32: 装备工坊
... A34: 28 | B34: 10707 | C34: 工艺指导IV | D34: jy_stone5 | E34: 生产英雄之石时，工作进度提升50% | G34: 装备工坊
A35: 29 | B35: 10401,10501,10601 | C35: 冶金学I | D35: jy_stone6 | E35: 生产古铜锭、锡铁锭、精金锭时，工作进度提升20% | G35: 装备工坊
A36: 30 | B36: 10402,10502,10602 | C36: 冶金学II | D36: jy_stone6 | E36: 生产古铜锭、锡铁锭、精金锭时，工作进度提升25% | G36: 装备工坊
A37: 31 | B37: 10403,10503,10603 | C37: 冶金学III | D37: jy_stone6 | E37: 生产古铜锭、锡铁锭、精金锭时，工作进度提升30% | G37: 装备工坊
A38: 32 | B38: 10404,10504,10604 | C38: 冶金学II | D38: jy_stone6 | E38: 生产古铜锭、锡铁锭、精金锭时，工作进度提升35% | G38: 装备工坊
A39: 33 | B39: 10405,10505,10605 | C39: 冶金学III | D39: jy_stone6 | E39: 生产古铜锭、锡铁锭、精金锭时，工作进度提升40% | G39: 装备工坊
A40: 34 | B40: 10406,10506,10606 | C40: 冶金学VI | D40: jy_stone6 | E40: 生产古铜锭、锡铁锭、精金锭时，工作进度提升45% | G40: 装备工坊
A41: 35 | B41: 10407,10507,10607 | C41: 冶金学VII | D41: jy_stone6 | E41: 生产古铜锭、锡铁锭、精金锭时，工作进度提升50% | G41: 装备工坊
A42: 36 | B42: 10301,10701,10401,10501,10601 | C42: 实用主义I | D42: jy_stone2 | E42: 在精炼厂工作时，工作进度提升20% | G42: 装备工坊
A43: 37 | B43: 10302,10702,10402,10502,10602 | C43: 实用主义II | D43: jy_stone2 | E43: 在精炼厂工作时，工作进度提升25% | G43: 装备工坊
A44: 38 | B44: 10303,10703,10403,10503,10603 | C44: 实用主义III | D44: jy_stone2 | E44: 在精炼厂工作时，工作进度提升30% | G44: 装备工坊
A45: 39 | B45: 10304,10704,10404,10504,10604 | C45: 实用主义II | D45: jy_stone2 | E45: 在精炼厂工作时，工作进度提升35% | G45: 装备工坊
A46: 40 | B46: 10305,10705,10405,10505,10605 | C46: 科技前沿I | D46: jy_stone3 | E46: 在精炼厂工作时，工作进度提升40% | G46: 装备工坊
... A48: 42 | B48: 10307,10707,10407,10507,10607 | C48: 科技前沿II | D48: jy_stone3 | E48: 在精炼厂工作时，工作进度提升50% | G48: 装备工坊
A49: 43 | B49: 10801 | C49: 研究员I | D49: jy_book2 | E49: 生产经验书时，工作进度提升20% | G49: 图书馆
A50: 44 | B50: 10802 | C50: 学者II | D50: jy_book | E50: 生产经验书时，工作进度提升25% | G50: 图书馆
A51: 45 | B51: 10803 | C51: 研究员II | D51: jy_book2 | E51: 生产经验书时，工作进度提升30% | G51: 图书馆
A52: 46 | B52: 10804 | C52: 研究员II | D52: jy_book2 | E52: 生产经验书时，工作进度提升35% | G52: 图书馆
A53: 47 | B53: 10805 | C53: 心理学I | D53: jy_book3 | E53: 生产经验书时，工作进度提升40% | G53: 图书馆
A54: 48 | B54: 10806 | C54: 心理学II | D54: jy_book3 | E54: 生产经验书时，工作进度提升45% | G54: 图书馆
A55: 49 | B55: 10807 | C55: 心理学II | D55: jy_book3 | E55: 生产经验书时，工作进度提升50% | G55: 图书馆
A56: 50 | B56: 10901 | C56: 教官I | D56: jy_train | E56: 生产训练书时，工作进度提升20% | G56: 图书馆
A57: 51 | B57: 10902 | C57: 体能教练I | D57: jy_train2 | E57: 生产训练书时，工作进度提升25% | G57: 图书馆
A58: 52 | B58: 10903 | C58: 教官III | D58: jy_train | E58: 生产训练书时，工作进度提升30% | G58: 图书馆
A59: 53 | B59: 10904 | C59: 体能教练II | D59: jy_train2 | E59: 生产训练书时，工作进度提升35% | G59: 图书馆
A60: 54 | B60: 10905 | C60: 教官I | D60: jy_train | E60: 生产训练书时，工作进度提升40% | G60: 图书馆
... A62: 56 | B62: 10907 | C62: 教官II | D62: jy_train | E62: 生产训练书时，工作进度提升50% | G62: 图书馆
A63: 57 | B63: 10801,10901 | C63: 管理员II | D63: jy_knowledge | E63: 在图书馆工作时，工作进度提升20% | G63: 图书馆
A64: 58 | B64: 10802,10902 | C64: 馆长I | D64: jy_knowledge2 | E64: 在图书馆工作时，工作进度提升25% | G64: 图书馆
A65: 59 | B65: 10803,10903 | C65: 馆长II | D65: jy_knowledge2 | E65: 在图书馆工作时，工作进度提升30% | G65: 图书馆
A66: 60 | B66: 10804,10904 | C66: 学者II | D66: jy_book | E66: 在图书馆工作时，工作进度提升35% | G66: 图书馆
A67: 61 | B67: 10805,10905 | C67: 学者III | D67: jy_book | E67: 在图书馆工作时，工作进度提升40% | G67: 图书馆
A68: 62 | B68: 10806,10906 | C68: 馆长I | D68: jy_knowledge2 | E68: 在图书馆工作时，工作进度提升45% | G68: 图书馆
A69: 63 | B69: 10807,10907 | C69: 馆长II | D69: jy_knowledge2 | E69: 在图书馆工作时，工作进度提升50% | G69: 图书馆
A70: 64 | B70: 11001 | C70: 占卜术III | D70: jy_soul2 | E70: 生产附魂卷时，工作进度提升20% | G70: 附魂殿
A71: 65 | B71: 11002 | C71: 附魂专精III | D71: jy_soul3 | E71: 生产附魂卷时，工作进度提升25% | G71: 附魂殿
A72: 66 | B72: 11003 | C72: 附魂专精IV | D72: jy_soul3 | E72: 生产附魂卷时，工作进度提升30% | G72: 附魂殿
A73: 67 | B73: 11004 | C73: 占卜术II | D73: jy_soul2 | E73: 生产附魂卷时，工作进度提升35% | G73: 附魂殿
A74: 68 | B74: 11005 | C74: 附魂专精I | D74: jy_soul3 | E74: 生产附魂卷时，工作进度提升38% | G74: 附魂殿
A75: 69 | B75: 11006 | C75: 附魂专精II | D75: jy_soul3 | E75: 生产附魂卷时，工作进度提升40% | G75: 附魂殿
A76: 70 | B76: 11007 | C76: 附魂专精III | D76: jy_soul3 | E76: 生产附魂卷时，工作进度提升42% | G76: 附魂殿
A77: 71 | B77: 11008 | C77: 附魂专家I | D77: jy_soul4 | E77: 生产附魂卷时，工作进度提升45% | G77: 附魂殿
A78: 72 | B78: 11009 | C78: 附魂专家II | D78: jy_soul4 | E78: 生产附魂卷时，工作进度提升50% | G78: 附魂殿
A79: 73 | B79: 40102 | C79: 独处I | D79: jy_healthy | E79: 入住宿舍，体力恢复速度提升12%
A80: 74 | B80: 40103 | C80: 独处II | D80: jy_healthy | E80: 入住宿舍，体力恢复速度提升16%
A81: 75 | B81: 40204 | C81: 烘培 | D81: jy_healthy2 | E81: 在宿舍时，加快宿舍内角色体力恢复速度15%
A82: 76 | B82: 40205 | C82: 和谐 | D82: jy_healthy3 | E82: 在宿舍时，加快宿舍内角色体力恢复速度20%
A83: 77 | B83: 20101 | C83: 设备维护II | D83: jy_reduce | E83: 生产时，体力消耗减少10%
A84: 78 | B84: 20102 | C84: 供应管理 | D84: jy_reduce2 | E84: 生产时，体力消耗减少15%
A85: 79 | B85: 20103 | C85: 默契 | D85: jy_reduce3 | E85: 生产时，体力消耗减少20%
A86: 80 | B86: 60101 | C86: 收集者 | D86: jy_Essence | E86: 生产精华时，生产效率提升5% | G86: 精华
A87: 81 | B87: 60102 | C87: 工匠I | D87: jy_Essence2 | E87: 生产精华时，生产效率提升10% | G87: 精华
A88: 82 | B88: 60103 | C88: 工匠II | D88: jy_Essence2 | E88: 生产精华时，生产效率提升15% | G88: 精华
A89: 83 | B89: 60104 | C89: 地质学家I | D89: jy_Essence3 | E89: 生产精华时，生产效率提升20% | G89: 精华
A90: 84 | B90: 60105 | C90: 地质学家II | D90: jy_Essence3 | E90: 生产精华时，生产效率提升25% | G90: 精华
A91: 85 | B91: 10808,10908 | C91: 管理员I | D91: jy_knowledge | E91: 在图书馆工作时，工作进度提升15% | G91: 图书馆
A92: 86 | B92: 10208,10215,10222 | C92: 宝石出口 | D92: jy_gemstone2 | E92: 宝石工坊生产宝石时，工作进度提升5%。 | F92: 贸易港口 | G92: 宝石
A93: 87 | B93: 70001 | C93: 瞭望台 | D93: jy_Dress5 | E93: 防御家园失败时，损失的精华数量减少10个。 | F93: 观景台左
A94: 88 | B94: 40201 | C94: 休闲广场 | D94: jy_train | E94: 角色在宿舍休息时，体力恢复速度提高3%。 | F94: 大喷泉
A95: 89 | B95: 40202 | C95: 体能恢复 | D95: jy_train2 | E95: 角色在宿舍休息时，体力恢复速度提高5%。 | F95: 精致喷泉
A96: 90 | B96: 40203 | C96: 下午茶 | D96: jy_healthy2 | E96: 角色在宿舍休息时，体力恢复速度提高2%。 | F96: 精致座椅
A97: 91 | B97: 20201 | C97: 休闲区 | D97: jy_healthy | E97: 角色在工作时，体力消耗减少3%。 | F97: 木质休闲长廊
A98: 92 | B98: 20202 | C98: 精致生活 | D98: jy_healthy3 | E98: 角色在工作时，体力消耗减少5%。 | F98: 精致休闲长廊
A99: 93 | B99: 70101 | C99: 侦查所 | D99: jy_Dress4 | E99: 成功掠夺对手家园后，抢夺的精华数量增加10个。 | F99: 观景台（右）
A100: 94 | B100: 70002 | C100: 防御通道 | D100: jy_Dress1 | E100: 防御家园失败时，损失的精华数量减少15个。 | F100: 风锦桥
A101: 95 | B101: 70102 | C101: 战术通道 | D101: jy_Dress3 | E101: 成功掠夺对手家园后，抢夺的精华数量增加15个。 | F101: 月枕桥
A102: 96 | B102: 10111 | C102: 钻石加工 | D102: jy_Diamond3 | E102: 蓝钻工坊生产道具时，工作进度提升5%。 | F102: 素业茶苑 | G102: 钻石
A103: 97 | B103: 40206 | C103: 茶友会 | D103: jy_reduce2 | E103: 角色在宿舍休息时，体力恢复速度提高8%。 | F103: 挽风凉亭
...
