Workbook

Sheet Sheet1
A1: 7 | B1: 1 | C1: 9999 | D1: 8
A2: id | B2: 英雄Id | C2: 星级 | D2: 自身加成 | E2: 光环加成 | F2: 职业阵容加成
A3: id | B3: heroId | C3: star | D3: selfAddition | E3: haloAddition | F3: professionAddition
A4: int | B4: int | C4: int | D4: string | E4: string | F4: string
A5: primary | B5: none | C5: none | D5: none | E5: none | F5: none
A6: id | B6: heroId | C6: star | D6: selfAddition | E6: haloAddition | F6: professionAddition
A7: 1 | B7: =VLOOKUP(ROUNDUP(A7/8,0),Sheet2!A:B,2,FALSE()) -> 111001 | C7: 1 | D7: =VLOOKUP(C7,Sheet2!$BK$11:$BN$19,VLOOKUP(B7,Sheet2!B:BC,21,FALSE)+1,FALSE) -> 1 | E7: 0 | F7: 1,0;2,1;3,0
A8: 2 | B8: =VLOOKUP(ROUNDUP(A8/8,0),Sheet2!A:B,2,FALSE()) -> 111001 | C8: 2 | D8: =VLOOKUP(C8,Sheet2!$BK$11:$BN$19,VLOOKUP(B8,Sheet2!B:BC,21,FALSE)+1,FALSE) -> 1 | E8: 0 | F8: 1,0;2,1;3,0
A9: 3 | B9: =VLOOKUP(ROUNDUP(A9/8,0),Sheet2!A:B,2,FALSE()) -> 111001 | C9: 3 | D9: =VLOOKUP(C9,Sheet2!$BK$11:$BN$19,VLOOKUP(B9,Sheet2!B:BC,21,FALSE)+1,FALSE) -> 1 | E9: 0 | F9: 1,0;2,1;3,0
A10: 4 | B10: =VLOOKUP(ROUNDUP(A10/8,0),Sheet2!A:B,2,FALSE()) -> 111001 | C10: 4 | D10: =VLOOKUP(C10,Sheet2!$BK$11:$BN$19,VLOOKUP(B10,Sheet2!B:BC,21,FALSE)+1,FALSE) -> 1 | E10: 0 | F10: 1,0;2,1;3,0
A11: 5 | B11: =VLOOKUP(ROUNDUP(A11/8,0),Sheet2!A:B,2,FALSE()) -> 111001 | C11: 5 | D11: =VLOOKUP(C11,Sheet2!$BK$11:$BN$19,VLOOKUP(B11,Sheet2!B:BC,21,FALSE)+1,FALSE) -> 1 | E11: 0 | F11: 1,0;2,1;3,0
A12: 6 | B12: =VLOOKUP(ROUNDUP(A12/8,0),Sheet2!A:B,2,FALSE()) -> 111001 | C12: 6 | D12: =VLOOKUP(C12,Sheet2!$BK$11:$BN$19,VLOOKUP(B12,Sheet2!B:BC,21,FALSE)+1,FALSE) -> 1.2 | E12: 0 | F12: 1,0;2,1;3,0
A13: 7 | B13: =VLOOKUP(ROUNDUP(A13/8,0),Sheet2!A:B,2,FALSE()) -> 111001 | C13: 7 | D13: =VLOOKUP(C13,Sheet2!$BK$11:$BN$19,VLOOKUP(B13,Sheet2!B:BC,21,FALSE)+1,FALSE) -> 1.2 | E13: 0 | F13: 1,0;2,1;3,0
A14: 8 | B14: =VLOOKUP(ROUNDUP(A14/8,0),Sheet2!A:B,2,FALSE()) -> 111001 | C14: 8 | D14: =VLOOKUP(C14,Sheet2!$BK$11:$BN$19,VLOOKUP(B14,Sheet2!B:BC,21,FALSE)+1,FALSE) -> 1.2 | E14: 0 | F14: 1,0;2,1;3,0
A15: 9 | B15: =VLOOKUP(ROUNDUP(A15/8,0),Sheet2!A:B,2,FALSE()) -> 111002 | C15: =C7 -> 1 | D15: =VLOOKUP(C15,Sheet2!$BK$11:$BN$19,VLOOKUP(B15,Sheet2!B:BC,21,FALSE)+1,FALSE) -> 1 | E15: 0 | F15: 1,0.3;2,0.3;3,0
A16: 10 | B16: =VLOOKUP(ROUNDUP(A16/8,0),Sheet2!A:B,2,FALSE()) -> 111002 | C16: =C8 -> 2 | D16: =VLOOKUP(C16,Sheet2!$BK$11:$BN$19,VLOOKUP(B16,Sheet2!B:BC,21,FALSE)+1,FALSE) -> 1 | E16: 0 | F16: 1,0.3;2,0.3;3,0
A17: 11 | B17: =VLOOKUP(ROUNDUP(A17/8,0),Sheet2!A:B,2,FALSE()) -> 111002 | C17: =C9 -> 3 | D17: =VLOOKUP(C17,Sheet2!$BK$11:$BN$19,VLOOKUP(B17,Sheet2!B:BC,21,FALSE)+1,FALSE) -> 1 | E17: 0 | F17: 1,0.3;2,0.3;3,0
A18: 12 | B18: =VLOOKUP(ROUNDUP(A18/8,0),Sheet2!A:B,2,FALSE()) -> 111002 | C18: =C10 -> 4 | D18: =VLOOKUP(C18,Sheet2!$BK$11:$BN$19,VLOOKUP(B18,Sheet2!B:BC,21,FALSE)+1,FALSE) -> 1 | E18: 0 | F18: 1,0.3;2,0.3;3,0
A19: 13 | B19: =VLOOKUP(ROUNDUP(A19/8,0),Sheet2!A:B,2,FALSE()) -> 111002 | C19: =C11 -> 5 | D19: =VLOOKUP(C19,Sheet2!$BK$11:$BN$19,VLOOKUP(B19,Sheet2!B:BC,21,FALSE)+1,FALSE) -> 1 | E19: 0 | F19: 1,0.3;2,0.3;3,0
A20: 14 | B20: =VLOOKUP(ROUNDUP(A20/8,0),Sheet2!A:B,2,FALSE()) -> 111002 | C20: =C12 -> 6 | D20: =VLOOKUP(C20,Sheet2!$BK$11:$BN$19,VLOOKUP(B20,Sheet2!B:BC,21,FALSE)+1,FALSE) -> 1.2 | E20: 0 | F20: 1,0.3;2,0.3;3,0
A21: 15 | B21: =VLOOKUP(ROUNDUP(A21/8,0),Sheet2!A:B,2,FALSE()) -> 111002 | C21: =C13 -> 7 | D21: =VLOOKUP(C21,Sheet2!$BK$11:$BN$19,VLOOKUP(B21,Sheet2!B:BC,21,FALSE)+1,FALSE) -> 1.2 | E21: 0 | F21: 1,0.3;2,0.3;3,0
A22: 16 | B22: =VLOOKUP(ROUNDUP(A22/8,0),Sheet2!A:B,2,FALSE()) -> 111002 | C22: =C14 -> 8 | D22: =VLOOKUP(C22,Sheet2!$BK$11:$BN$19,VLOOKUP(B22,Sheet2!B:BC,21,FALSE)+1,FALSE) -> 1.2 | E22: 0 | F22: 1,0.3;2,0.3;3,0
A23: 17 | B23: =VLOOKUP(ROUNDUP(A23/8,0),Sheet2!A:B,2,FALSE()) -> 111003 | C23: =C15 -> 1 | D23: =VLOOKUP(C23,Sheet2!$BK$11:$BN$19,VLOOKUP(B23,Sheet2!B:BC,21,FALSE)+1,FALSE) -> 1 | E23: 0 | F23: 1,1;2,0;3,0
A24: 18 | B24: =VLOOKUP(ROUNDUP(A24/8,0),Sheet2!A:B,2,FALSE()) -> 111003 | C24: =C16 -> 2 | D24: =VLOOKUP(C24,Sheet2!$BK$11:$BN$19,VLOOKUP(B24,Sheet2!B:BC,21,FALSE)+1,FALSE) -> 1 | E24: 0 | F24: 1,1;2,0;3,0
A25: 19 | B25: =VLOOKUP(ROUNDUP(A25/8,0),Sheet2!A:B,2,FALSE()) -> 111003 | C25: =C17 -> 3 | D25: =VLOOKUP(C25,Sheet2!$BK$11:$BN$19,VLOOKUP(B25,Sheet2!B:BC,21,FALSE)+1,FALSE) -> 1 | E25: 0 | F25: 1,1;2,0;3,0
A26: 20 | B26: =VLOOKUP(ROUNDUP(A26/8,0),Sheet2!A:B,2,FALSE()) -> 111003 | C26: =C18 -> 4 | D26: =VLOOKUP(C26,Sheet2!$BK$11:$BN$19,VLOOKUP(B26,Sheet2!B:BC,21,FALSE)+1,FALSE) -> 1 | E26: 0 | F26: 1,1;2,0;3,0
... A862: 856 | B862: =VLOOKUP(ROUNDUP(A862/8,0),Sheet2!A:B,2,FALSE()) -> 113059 | C862: =C854 -> 8 | D862: =VLOOKUP(C862,Sheet2!$BK$11:$BN$19,VLOOKUP(B862,Sheet2!B:BC,21,FALSE)+1,FALSE) -> 2 | E862: 2 | F862: 1,0.1;2,0.1;3,0.1
A863: 857 | B863: =VLOOKUP(ROUNDUP(A863/8,0),Sheet2!A:B,2,FALSE()) -> 113060 | C863: =C855 -> 1 | D863: 1 | E863: 0 | F863: 1,0.1;2,0.1;3,0.1
A864: 858 | B864: =VLOOKUP(ROUNDUP(A864/8,0),Sheet2!A:B,2,FALSE()) -> 113060 | C864: =C856 -> 2 | D864: 1 | E864: 0 | F864: 1,0.1;2,0.1;3,0.1
A865: 859 | B865: =VLOOKUP(ROUNDUP(A865/8,0),Sheet2!A:B,2,FALSE()) -> 113060 | C865: =C857 -> 3 | D865: 1 | E865: 0 | F865: 1,0.1;2,0.1;3,0.1
A866: 860 | B866: =VLOOKUP(ROUNDUP(A866/8,0),Sheet2!A:B,2,FALSE()) -> 113060 | C866: =C858 -> 4 | D866: 2 | E866: 0 | F866: 1,0.1;2,0.1;3,0.1
A867: 861 | B867: =VLOOKUP(ROUNDUP(A867/8,0),Sheet2!A:B,2,FALSE()) -> 113060 | C867: =C859 -> 5 | D867: 2 | E867: 0 | F867: 1,0.1;2,0.1;3,0.1
A868: 862 | B868: =VLOOKUP(ROUNDUP(A868/8,0),Sheet2!A:B,2,FALSE()) -> 113060 | C868: =C860 -> 6 | D868: 4 | E868: 0 | F868: 1,0.1;2,0.1;3,0.1
A869: 863 | B869: =VLOOKUP(ROUNDUP(A869/8,0),Sheet2!A:B,2,FALSE()) -> 113060 | C869: =C861 -> 7 | D869: 4 | E869: 0 | F869: 1,0.1;2,0.1;3,0.1
A870: 864 | B870: =VLOOKUP(ROUNDUP(A870/8,0),Sheet2!A:B,2,FALSE()) -> 113060 | C870: =C862 -> 8 | D870: 8 | E870: 0 | F870: 1,0.1;2,0.1;3,0.1
A871: 865 | B871: =VLOOKUP(ROUNDUP(A871/8,0),Sheet2!A:B,2,FALSE()) -> 113061 | C871: =C863 -> 1 | D871: =VLOOKUP(C871,Sheet2!$BK$11:$BN$19,VLOOKUP(B871,Sheet2!B:BC,21,FALSE)+1,FALSE) -> 1.2 | E871: 0 | F871: 1,0.1;2,0.1;3,0.1
A872: 866 | B872: =VLOOKUP(ROUNDUP(A872/8,0),Sheet2!A:B,2,FALSE()) -> 113061 | C872: =C864 -> 2 | D872: =VLOOKUP(C872,Sheet2!$BK$11:$BN$19,VLOOKUP(B872,Sheet2!B:BC,21,FALSE)+1,FALSE) -> 1.2 | E872: 0 | F872: 1,0.1;2,0.1;3,0.1
A873: 867 | B873: =VLOOKUP(ROUNDUP(A873/8,0),Sheet2!A:B,2,FALSE()) -> 113061 | C873: =C865 -> 3 | D873: =VLOOKUP(C873,Sheet2!$BK$11:$BN$19,VLOOKUP(B873,Sheet2!B:BC,21,FALSE)+1,FALSE) -> 1.2 | E873: 0 | F873: 1,0.1;2,0.1;3,0.1
A874: 868 | B874: =VLOOKUP(ROUNDUP(A874/8,0),Sheet2!A:B,2,FALSE()) -> 113061 | C874: =C866 -> 4 | D874: =VLOOKUP(C874,Sheet2!$BK$11:$BN$19,VLOOKUP(B874,Sheet2!B:BC,21,FALSE)+1,FALSE) -> 1.5 | E874: 0 | F874: 1,0.1;2,0.1;3,0.1
A875: 869 | B875: =VLOOKUP(ROUNDUP(A875/8,0),Sheet2!A:B,2,FALSE()) -> 113061 | C875: =C867 -> 5 | D875: =VLOOKUP(C875,Sheet2!$BK$11:$BN$19,VLOOKUP(B875,Sheet2!B:BC,21,FALSE)+1,FALSE) -> 1.5 | E875: 0 | F875: 1,0.1;2,0.1;3,0.1
A876: 870 | B876: =VLOOKUP(ROUNDUP(A876/8,0),Sheet2!A:B,2,FALSE()) -> 113061 | C876: =C868 -> 6 | D876: =VLOOKUP(C876,Sheet2!$BK$11:$BN$19,VLOOKUP(B876,Sheet2!B:BC,21,FALSE)+1,FALSE) -> 1.7 | E876: 0 | F876: 1,0.1;2,0.1;3,0.1
A877: 871 | B877: =VLOOKUP(ROUNDUP(A877/8,0),Sheet2!A:B,2,FALSE()) -> 113061 | C877: =C869 -> 7 | D877: =VLOOKUP(C877,Sheet2!$BK$11:$BN$19,VLOOKUP(B877,Sheet2!B:BC,21,FALSE)+1,FALSE) -> 1.7 | E877: 0 | F877: 1,0.1;2,0.1;3,0.1
A878: 872 | B878: =VLOOKUP(ROUNDUP(A878/8,0),Sheet2!A:B,2,FALSE()) -> 113061 | C878: =C870 -> 8 | D878: =VLOOKUP(C878,Sheet2!$BK$11:$BN$19,VLOOKUP(B878,Sheet2!B:BC,21,FALSE)+1,FALSE) -> 2 | E878: 0 | F878: 1,0.1;2,0.1;3,0.1
A879: 873 | B879: =VLOOKUP(ROUNDUP(A879/8,0),Sheet2!A:B,2,FALSE()) -> 113062 | C879: =C871 -> 1 | D879: =VLOOKUP(C879,Sheet2!$BK$11:$BN$19,VLOOKUP(B879,Sheet2!B:BC,21,FALSE)+1,FALSE) -> 1.2 | E879: 0 | F879: 1,0.1;2,0.1;3,0.1
A880: 874 | B880: =VLOOKUP(ROUNDUP(A880/8,0),Sheet2!A:B,2,FALSE()) -> 113062 | C880: =C872 -> 2 | D880: =VLOOKUP(C880,Sheet2!$BK$11:$BN$19,VLOOKUP(B880,Sheet2!B:BC,21,FALSE)+1,FALSE) -> 1.2 | E880: 0 | F880: 1,0.1;2,0.1;3,0.1
A881: 875 | B881: =VLOOKUP(ROUNDUP(A881/8,0),Sheet2!A:B,2,FALSE()) -> 113062 | C881: =C873 -> 3 | D881: =VLOOKUP(C881,Sheet2!$BK$11:$BN$19,VLOOKUP(B881,Sheet2!B:BC,21,FALSE)+1,FALSE) -> 1.2 | E881: 0 | F881: 1,0.1;2,0.1;3,0.1
A882: 876 | B882: =VLOOKUP(ROUNDUP(A882/8,0),Sheet2!A:B,2,FALSE()) -> 113062 | C882: =C874 -> 4 | D882: =VLOOKUP(C882,Sheet2!$BK$11:$BN$19,VLOOKUP(B882,Sheet2!B:BC,21,FALSE)+1,FALSE) -> 1.5 | E882: 0 | F882: 1,0.1;2,0.1;3,0.1
... A918: 912 | B918: =VLOOKUP(ROUNDUP(A918/8,0),Sheet2!A:B,2,FALSE()) -> 113066 | C918: =C910 -> 8 | D918: =VLOOKUP(C918,Sheet2!$BK$11:$BN$19,VLOOKUP(B918,Sheet2!B:BC,21,FALSE)+1,FALSE) -> 2 | E918: 0 | F918: 1,0.1;2,0.1;3,0.1

Sheet Sheet2
B1: 7 | C1: 1 | D1: 9999 | E1: 56
B2: 英雄id | C2: 同源英雄Id（不可同时上2个同源英雄） | D2: 英雄名称 | F2: 复活时是否走召唤 1-召唤 0-不召唤 默认0 | G2: 英雄性别 0：男的 1：女的 2：人妖 3：无性别 | H2: 角色传记介绍 | I2: 角色特点 | J2: 角色定位描述 | K2: 攻击目标描述 | L2: 角色能力描述 | M2: 技能介绍 | N2: 是否是英雄 | O2: 是否在图鉴中 | P2: 英雄类型 | Q2: 远征技能 1-动物系 2-自然系 3-超人系 4-格斗系 5-剑道系 6-射击系 7- | R2: 所属阵营Id | S2: 作为BOSS时的称号 | T2: 英雄初始星级 | U2: 英雄最高星级 | V2: 英雄资质 1-R 2-SR 3-SSR | W2: 主模型Id | X2: 2D立绘 | Y2: 招募图片 | Z2: 对应碎片ItemId | AA2: 对应战魂ItemId | AB2: 战魂Item | AC2: 碎片合成所需数量 | AD2: 分解得到碎片数量 | AE2: 攻击 | AF2: 防御 | AG2: 血量 | AH2: 速度 | AI2: 暴击 | AJ2: 抗暴 | AK2: 命中 | AL2: 闪避 | AM2: 二级属性初始值 | AN2: 胜利语音 | AO2: 出场语间 | AP2: 上阵时语音 | AQ2: 普通语音 | AR2: 场景模型常驻特效限制星级 | AS2: 英雄属性图 例如 (范围,辅助,控制,伤害,生存,爆发) | AT2: 英雄推荐位置 | AU2: 声优 | AV2: 介绍技能 | AW2: 额外分组 | AX2: 英雄类型，0没有限制，1海军 2海盗 3七武海 4其他 | AY2: 英雄定义类型 1坦克 2战士 3刺客 4法师 | BA2: 英雄类型（阵容排序） 1：草帽 2：海军 3：海盗 4：其他 | BB2: 卡牌顺序序号列（阵容排序） 100开始：SSR 1000开始：SR 10000开始：R | BC2: 勋章id | BD2: 勋章数量
B3: heroId | C3: sourceHeroId | D3: heroName | G3: gender | H3: heroDesc | I3: heroFeature | J3: heroStyle | K3: heroAttackTarget | L3: heroAbility | M3: skillsIntroduction | N3: isHero | O3: heroInManual | P3: heroType | Q3: expedtionSkills | R3: heroGroupId | S3: heroBossTitle | T3: defaultStar | U3: maxStar | V3: quality | W3: modelId | X3: heroPaint | Y3: recruitPoint | Z3: fragItemId | AA3: soulItemId | AB3: soulExchangeFragNum | AC3: fragNeedNum | AD3: diposeFragNum | AE3: atk | AF3: def | AG3: hp | AH3: speed | AI3: cri | AJ3: anticri | AK3: hit | AL3: dodge | AM3: attributeBase | AN3: winSound | AO3: enterSound | AP3: formationOnSound | AQ3: normalSound | AR3: ModelParticleStarLimit | AS3: heroGraph | AT3: heroPosition | AU3: heroActor | AV3: introSkillId | AW3: extraHeroGroups | AY3: definitionType | BA3: arrayHeroType | BB3: cardOrderId | BC3: medalItemId | BD3: medalItemNum
B4: int | C4: int | D4: string(intern) | F4: int | G4: int | H4: string | I4: string | J4: string(intern) | K4: string(intern) | L4: string(intern) | M4: string | N4: int | O4: int | P4: int | Q4: string(intern) | R4: int | S4: string(intern) | T4: int | U4: int | V4: int | W4: int | X4: string(intern) | Y4: string | Z4: int | AA4: int | AB4: int | AC4: int | AD4: int | AE4: double | AF4: double | AG4: double | AH4: double | AI4: double | AJ4: double | AK4: double | AL4: double | AM4: string(intern) | AN4: string(intern) | AO4: string(intern) | AP4: string | AQ4: string | AR4: int | AS4: string(intern) | AT4: string(intern) | AU4: string(intern) | AV4: int | AW4: string | AY4: int | BA4: int | BB4: int | BC4: int | BD4: int
B5: primary | C5: none | D5: none | F5: none | G5: none | H5: none | I5: none | J5: none | K5: none | L5: none | M5: none | N5: none | O5: none | P5: none | Q5: none | R5: none | S5: none | T5: none | U5: none | V5: none | W5: none | X5: none | Y5: none | Z5: none | AA5: none | AB5: none | AC5: none | AD5: none | AE5: none | AF5: none | AG5: none | AH5: none | AI5: none | AJ5: none | AK5: none | AL5: none | AM5: none | AN5: none | AO5: none | AP5: none | AQ5: none | AR5: none | AS5: none | AT5: none | AU5: none | AV5: none | AW5: none | AY5: none | BA5: none | BB5: none | BC5: none | BD5: none
B6: heroId | C6: sourceHeroId | D6: heroName | F6: summonWhenReiv | G6: gender | H6: heroDesc | N6: isHero | O6: heroInManual | P6: heroType | Q6: expedtionSkills | R6: heroGroupId | T6: defaultStar | U6: maxStar | V6: quality | W6: modelId | X6: heroPaint | Z6: fragItemId | AA6: soulItemId | AB6: soulExchangeFragNum | AC6: fragNeedNum | AD6: diposeFragNum | AE6: atk | AF6: def | AG6: hp | AH6: speed | AI6: cri | AJ6: anticri | AK6: hit | AL6: dodge | AM6: attributeBase | AW6: extraHeroGroups | AX6: heroRoleType | AY6: definitionType | BC6: medalItemId | BD6: medalItemNum
A7: 1 | B7: 111001 | C7: 111001 | D7: 可比 | E7: 可比 | G7: 0 | H7: 凭借自身努力和毅力，以成为将校为目标的年轻海军士兵。被路飞所救，并加入了向往的海军。 | I7: 以成为将校为目标的海军士兵，攻防兼备。\n攻击技能附带减速效果，牵制单个敌人。\n治疗技能可提升自身防御力。 | J7: 自我治疗 | K7: 前排优先 | L7: 无 | M7: 185,184 | N7: 1 | O7: 1 | P7: 4 | Q7: 4 | R7: 2 | S7: 海军 | T7: 2 | U7: 6 | V7: 1 | W7: 23 | X7: hero_2d_1001 | Y7: hero_long2d_111001 | Z7: 610001 | AA7: 214005 | AB7: 10 | AC7: 10 | AD7: 10 | AE7: 98 | AF7: 13 | AG7: 237 | AH7: 25 | AI7: 0.0072 | AJ7: 0.0096 | AK7: 1.0096 | AL7: 0.0024 | AM7: 9,1.5;39,1.5;40,0.5;10,0.007211 | AR7: 8 | AS7: 10,10,50,10,60,50 | AT7: heroPosition_1 | AU7: heroActor_1001 | AV7: 184 | AX7: 1 | AY7: 1 | AZ7: 163 | BA7: 2 | BB7: 10001
A8: 2 | B8: 111002 | C8: 111002 | D8: 摩根 | E8: 斧手摩根 | G8: 0 | H8: 凡是胆敢反抗自己的人，即使是同伴也毫不留情地给予处刑。对于权力和地位随意滥用的谢尔兹镇海军上校。 | I8: 原海军总部上校，攻防兼备。\n斧头可击破敌人的护甲，降低敌方防御。\n对处于破甲状态的敌人，造成更多伤害。 | J8: 攻守平衡 | K8: 前排优先 | L8: 无 | M8: 166,165 | N8: 1 | O8: 1 | P8: 4 | Q8: 4 | R8: 2 | S8: 海军 | T8: 2 | U8: 6 | V8: 1 | W8: 18 | X8: hero_2d_1002 | Y8: hero_long2d_111002 | Z8: 610002 | AA8: 214005 | AB8: 10 | AC8: 10 | AD8: 10 | AE8: 84 | AF8: 13 | AG8: 269 | AH8: 20 | AJ8: 0.012 | AK8: 1.006 | AL8: 0.006 | AM8: 9,1.5;39,1.5;40,0.5;10,0.01211 | AR8: 8 | AS8: 30,0,0,30,20,50 | AT8: heroPosition_2 | AU8: heroActor_1002 | AV8: 166 | AX8: 1 | AY8: 2 | AZ8: 141 | BA8: 2 | BB8: 10002
A9: 3 | B9: 111003 | C9: 111003 | D9: 卡巴奇 | E9: 卡巴奇 | G9: 0 | H9: 擅长利用陀螺等杂技出其不意地攻击对手并且能得心应手地使用剑术的杂技剑士。 | I9: 爱用独轮车的杂技剑士，擅长进攻。\n杂技可造成火焰伤害和灼烧效果。\n身形灵巧，杂技技能可提升速度和闪避。 | J9: 单点爆发 | K9: 前排优先 | L9: 无 | M9: 188,187 | N9: 1 | O9: 1 | P9: 5 | Q9: 5 | R9: 3 | S9: 巴基海盗团 | T9: 2 | U9: 6 | V9: 1 | W9: 24 | X9: hero_2d_1003 | Y9: hero_long2d_111003 | Z9: 610003 | AA9: 214005 | AB9: 10 | AC9: 10 | AD9: 10 | AE9: 127 | AF9: 9 | AG9: 123 | AH9: 50 | AI9: 0.012 | AK9: 1.006 | AL9: 0.0064 | AM9: 9,1.56;39,1.5;40,0.5;11,0.0036 | AR9: 8 | AS9: 0,10,0,40,40,50 | AT9: heroPosition_4 | AU9: heroActor_1003 | AV9: 188 | AX9: 2 | AY9: 3 | AZ9: 167 | BA9: 3 | BB9: 10003
A10: 4 | B10: 111004 | C10: 111004 | D10: 克洛 | E10: 克洛 | G10: 0 | H10: 黑猫海盗团原船长，老谋深算的男人，做事谨慎！擅长用神速的“无声步”秒杀敌人！ | I10: 擅用诡计的黑猫海盗团原船长，擅长进攻。\n使目标流血，且对流血目标造成额外伤害。\n能够使用高速暗杀术，精通速度和闪避。 | J10: 单点爆发 | K10: 前排优先 | L10: 无 | M10: 168,169 | N10: 1 | O10: 1 | P10: 4 | Q10: 4 | R10: 3 | S10: 黑猫海盗团 | T10: 2 | U10: 6 | V10: 1 | W10: 19 | X10: hero_2d_1004 | Y10: hero_long2d_111004 | Z10: 610004 | AA10: 214005 | AB10: 10 | AC10: 10 | AD10: 10 | AE10: 148 | AF10: 7 | AG10: 100 | AH10: 56 | AI10: 0.012 | AK10: 1.006 | AL10: 0.0064 | AM10: 9,1.56;39,1.5;40,0.5;11,0.0036 | AN10: CV_kuro03 | AO10: CV_kuro01 | AR10: 8 | AS10: 0,0,0,60,40,60 | AT10: heroPosition_4 | AU10: heroActor_1004 | AV10: 169 | AX10: 2 | AY10: 4 | AZ10: 168 | BA10: 3 | BB10: 10004
A11: 5 | B11: 111005 | C11: 111005 | D11: 强高 | E11: 强高 | G11: 0 | H11: 黑猫海盗团的现任船长，非常搞笑的催眠师！缺点是催眠时连他自己都会被催眠。 | I11: 非常搞笑的催眠师，擅长辅助。\n催眠敌方可使其无法行动，但被击即会醒来\n催眠友方可增加攻击，但同时会降低防御。 | J11: 团队控制 | K11: 前排优先 | L11: 无 | M11: 90,300048 | N11: 1 | O11: 1 | P11: 6 | Q11: 6 | R11: 3 | S11: 海军 | T11: 2 | U11: 6 | V11: 1 | W11: 8 | X11: hero_2d_1005 | Y11: hero_long2d_111005 | Z11: 610005 | AA11: 214005 | AB11: 10 | AC11: 10 | AD11: 10 | AE11: 81 | AF11: 12 | AG11: 199 | AH11: 35 | AI11: 0.009 | AJ11: 0.0096 | AK11: 1.0024 | AL11: 0.006 | AM11: 9,1.545;39,1.5;40,0.5; | AN11: CV_jango03 | AO11: CV_jango04 | AR11: 8 | AS11: 0,10,60,0,40,50 | AT11: heroPosition_5 | AU11: heroActor_1005 | AV11: 89 | AX11: 2 | AY11: 1 | AZ11: 62 | BA11: 3 | BB11: 10005 | BL11: 1 | BM11: 2 | BN11: 3
A12: 6 | B12: 111006 | C12: 111006 | D12: 克里克 | E12: 克里克 | G12: 0 | H12: 率领着5000名部下和50艘海盗船组成的“海盗舰队”，是克里克海盗团的首领。全身都藏着武器的“无敌男人”。为达到目的，不择手段，进行冷酷无情的掠夺行为。 | I12: 全身都藏着武器的“无敌男人”，擅长防守\n长枪技能可造成灼烧伤害和流血伤害。\n剑山斗篷可反弹近战伤害。 | J12: 攻守平衡 | K12: 前排优先 | L12: 无 | M12: 177,176 | N12: 1 | O12: 1 | P12: 6 | Q12: 6 | R12: 3 | S12: 克里克海盗团 | T12: 2 | U12: 6 | V12: 1 | W12: 21 | X12: hero_2d_1006 | Y12: hero_long2d_111006 | Z12: 610006 | AA12: 214005 | AB12: 10 | AC12: 10 | AD12: 10 | AE12: 49 | AF12: 13 | AG12: 264 | AH12: 18 | AJ12: 0.012 | AK12: 1.006 | AL12: 0.006 | AM12: 9,1.5;39,1.5;40,0.5;10,0.01211 | AN12: CV_kreig03 | AO12: CV_kreig01 | AR12: 8 | AS12: 40,10,0,30,60,40 | AT12: heroPosition_2 | AU12: heroActor_1006 | AV12: 176 | AX12: 2 | AY12: 2 | AZ12: 154 | BA12: 3 | BB12: 10006 | BK12: 1 | BL12: 1 | BM12: 1 | BN12: 1.2
A13: 7 | B13: 111007 | C13: 111007 | D13: 阿金 | E13: 阿金 | G13: 0 | H13: 克里克海盗团战斗总队长，也是克里克的左右手。他在饿得濒死的时候被山智所救，后来心境发生了很大变化。 | I13: 人称“鬼人”的战斗队长，擅长进攻。\n技能附带破甲和眩晕效果，牵制单个敌人。\n技能附加暴击效果，伤害暴击。 | J13: 攻守平衡 | K13: 前排优先 | L13: 无 | M13: 181,180 | N13: 1 | O13: 1 | P13: 4 | Q13: 4 | R13: 3 | S13: 克里克海盗团 | T13: 2 | U13: 6 | V13: 1 | W13: 22 | X13: hero_2d_1007 | Y13: hero_long2d_111007 | Z13: 610007 | AA13: 214005 | AB13: 10 | AC13: 10 | AD13: 10 | AE13: 124 | AF13: 12 | AG13: 176 | AH13: 26 | AI13: 0.0072 | AJ13: 0.0096 | AK13: 1.0096 | AL13: 0.0024 | AM13: 9,1.5;39,1.5;40,0.5;10,0.007211 | AN13: CV_gin02 | AO13: CV_gin01 | AR13: 8 | AS13: 0,0,50,60,40,50 | AT13: heroPosition_2 | AU13: heroActor_1007 | AV13: 181 | AX13: 2 | AY13: 3 | AZ13: 160 | BA13: 3 | BB13: 10007 | BK13: 2 | BL13: 1 | BM13: 1 | BN13: 1.2
A14: 8 | B14: 111008 | C14: 111008 | D14: 帕鲁 | E14: 帕鲁 | G14: 0 | H14: 克里克海盗团第二部队队长，号称在战斗中从不受伤，全身装备的盾牌具有攻守兼备的效果，但只要受了小伤，看到自己流血，就有点火的坏毛病。 | I14: 人称“铁壁帕鲁”，擅长防御。\n抵抗击退效果和火焰伤害。\n血量较低时，防御力大幅提升。 | J14: 防御壁垒 | K14: 前排优先 | L14: 无 | M14: 298,297 | N14: 1 | O14: 1 | P14: 4 | Q14: 4 | R14: 3 | S14: 海盗舰队 | T14: 2 | U14: 6 | V14: 1 | W14: 32 | X14: hero_2d_1008 | Y14: hero_long2d_111008 | Z14: 610008 | AA14: 214005 | AB14: 10 | AC14: 10 | AD14: 10 | AE14: 81 | AF14: 13 | AG14: 275 | AH14: 17 | AJ14: 0.012 | AK14: 1.006 | AL14: 0.006 | AM14: 9,1.5;39,1.5;40,0.5;10,0.01211 | AR14: 8 | AS14: 0,10,10,10,60,50 | AT14: heroPosition_1 | AU14: heroActor_1008 | AV14: 298 | AX14: 2 | AY14: 4 | AZ14: 298 | BA14: 3 | BB14: 10008 | BK14: 3 | BL14: 1 | BM14: 1 | BN14: 1.2
A15: 9 | B15: 111009 | C15: 111009 | D15: 阿龙 | E15: 阿龙 | G15: 0 | H15: 把人类当作下等的生物，企图支配“东海”的鱼人船长，只把人类看作道具。 | I15: 企图支配东海的鱼人船长，擅长进攻。\n对破甲的敌人造成更多伤害。\n低血量时攻击大幅提升，但防御降低。 | J15: 攻守平衡 | K15: 前排优先 | L15: 无 | M15: 173,172 | N15: 1 | O15: 1 | P15: 4 | Q15: 4 | R15: 3 | S15: 阿龙一伙 | T15: 2 | U15: 6 | V15: 1 | W15: 20 | X15: hero_2d_1009 | Y15: hero_long2d_111009 | Z15: 610009 | AA15: 214005 | AB15: 10 | AC15: 10 | AD15: 10 | AE15: 93 | AF15: 13 | AG15: 246 | AH15: 24 | AI15: 0.0096 | AJ15: 0.006 | AK15: 1.012 | AM15: 9,1.5;39,1.5;40,0.5;11,0.0084 | AR15: 8 | AS15: 40,10,10,50,30,50 | AT15: heroPosition_2 | AU15: heroActor_1009 | AV15: 173 | AX15: 2 | AY15: 1 | AZ15: 172 | BA15: 3 | BB15: 10009 | BK15: 4 | BL15: 1 | BM15: 1.2 | BN15: 1.5
A16: 10 | B16: 111010 | C16: 111010 | D16: 小八 | E16: 小八 | G16: 0 | H16: 使用“六刀流”的章鱼鱼人，虽然是海盗，但性格非常和善，让人讨厌不起来。 | I16: 熟练使用六刀流的章鱼鱼人，擅长防御。\n技能可提升自身防御。\n血量较低时，闪避率大幅提升。 | J16: 攻守平衡 | K16: 前排优先 | L16: 无 | M16: 223,222 | N16: 1 | O16: 1 | P16: 5 | Q16: 5 | R16: 3 | S16: 阿龙一伙 | T16: 2 | U16: 6 | V16: 1 | W16: 29 | X16: hero_2d_1010 | Y16: hero_long2d_111010 | Z16: 610010 | AA16: 214005 | AB16: 10 | AC16: 10 | AD16: 10 | AE16: 85 | AF16: 12 | AG16: 278 | AH16: 22 | AJ16: 0.012 | AK16: 1.006 | AL16: 0.006 | AM16: 9,1.5;39,1.5;40,0.5;10,0.01211 | AR16: 8 | AS16: 0,0,30,30,60,40 | AT16: heroPosition_1 | AU16: heroActor_1010 | AV16: 222 | AX16: 2 | AY16: 2 | AZ16: 205 | BA16: 3 | BB16: 10010 | BK16: 5 | BL16: 1 | BM16: 1.2 | BN16: 1.5
A17: 11 | B17: 111011 | C17: 111011 | D17: 薇薇 | E17: 薇薇 | G17: 1 | H17: 阿鲁巴拿的公主，为了保护自己的国家，潜入巴洛克工作社内部。以Ms.星期三的身份探查危害国家的情况。 | I17: 阿拉巴斯坦的公主，擅长辅助。\n技能附带减速效果，可削弱敌方行动速度。\n技能附带封印效果，可禁用敌方奥义技。 | J17: 团队辅助 | K17: 前排优先 | L17: 无 | M17: 318,319 | N17: 1 | O17: 1 | P17: 6 | Q17: 6 | R17: 8 | S17: 巴洛克工作室 | T17: 2 | U17: 6 | V17: 1 | W17: 45 | X17: hero_2d_1011 | Y17: hero_long2d_111011 | Z17: 610011 | AA17: 214005 | AB17: 10 | AC17: 10 | AD17: 10 | AE17: 83 | AF17: 13 | AG17: 187 | AH17: 36 | AI17: 0.009 | AJ17: 0.0096 | AK17: 1.0024 | AL17: 0.006 | AM17: 9,1.545;39,1.5;40,0.5; | AO17: CV_vivi01 | AR17: 8 | AS17: 30,50,30,30,20,30 | AT17: heroPosition_4 | AU17: heroActor_1011 | AV17: 318 | AX17: 4 | AY17: 3 | AZ17: 318 | BA17: 4 | BB17: 10011 | BK17: 6 | BL17: 1.2 | BM17: 1.4 | BN17: 1.7
A18: 12 | B18: 111012 | C18: 111012 | D18: Mr.5 | E18: Mr.5 | G18: 0 | H18: 巴洛克工作社的高级指挥，炸弹之果的能力者，喜欢挖鼻孔。他在执行任务的过程中沉着冷静，对自己有极大的自信。 | I18: 冷酷执行任务的炸弹男，擅长属性伤害。\n技能附带火属性伤害和灼烧效果。\n炸弹之果天赋提升火属性伤害。 | J18: 持续输出 | K18: 前排优先 | L18: 炸弹之果 | M18: 228,229 | N18: 1 | O18: 1 | P18: 3 | Q18: 3 | R18: 5 | S18: 巴洛克工作室 | T18: 2 | U18: 6 | V18: 1 | W18: 31 | X18: hero_2d_1012 | Y18: hero_long2d_111012 | Z18: 610012 | AA18: 214005 | AB18: 10 | AC18: 10 | AD18: 10 | AE18: 138 | AF18: 10 | AG18: 176 | AH18: 29 | AI18: 0.0108 | AK18: 1.0096 | AM18: 9,1.542;39,1.5;40,0.5;11,0.0072 | AR18: 8 | AS18: 0,10,20,60,30,50 | AT18: heroPosition_4 | AU18: heroActor_1012 | AV18: 229 | AX18: 4 | AY18: 4 | AZ18: 212 | BA18: 4 | BB18: 10012 | BK18: 7 | BL18: 1.2 | BM18: 1.4 | BN18: 1.7
A19: 13 | B19: 111013 | C19: 111013 | D19: 瓦波尔 | E19: 瓦波尔 | G19: 0 | H19: 贪生怕死、舍弃国家的铁桶王国国王。后假扮海盗，企图复辟王权。是狼吞虎咽之果的能力者，什么都能吃下去。 | I19: 舍弃国家的铁桶王国国王，擅长防御。\n技能附带减伤效果，可减少受到的伤害。\n拥有自我治疗能力，且免疫1次致死伤害。 | J19: 防御壁垒 | K19: 前排优先 | L19: 吞吞之果 | M19: 233,234 | N19: 1 | O19: 1 | P19: 3 | Q19: 3 | R19: 3 | S19: 白铁海盗团 | T19: 2 | U19: 6 | V19: 1 | W19: 44 | X19: hero_2d_1013 | Y19: hero_long2d_111013 | Z19: 610013 | AA19: 214005 | AB19: 10 | AC19: 10 | AD19: 10 | AE19: 84 | AF19: 13 | AG19: 272 | AH19: 16 | AJ19: 0.012 | AK19: 1.006 | AL19: 0.006 | AM19: 9,1.5;39,1.5;40,0.5;10,0.01211 | AR19: 8 | AS19: 0,20,20,30,60,30 | AT19: heroPosition_4 | AU19: heroActor_1013 | AV19: 233 | AX19: 2 | AY19: 1 | AZ19: 216 | BA19: 3 | BB19: 10013 | BK19: 8 | BL19: 1.2 | BM19: 1.6 | BN19: 2
A20: 14 | B20: 111014 | C20: 111014 | D20: Mr.4 | E20: Mr.4 | G20: 0 | H20: 巴洛克工作社的高级指挥，拥有强大的力量，与自己宠物合作可以形成巨大的破坏力。 | I20: 动作迟缓但威力无限，擅长进攻。\n技能附带击飞效果，可打破敌方阵型。\n拥有全力打击天赋，伤害提升但速度下降。 | J20: 单点爆发 | K20: 前排优先 | L20: 无 | M20: 226,225 | N20: 1 | O20: 1 | P20: 6 | Q20: 6 | R20: 5 | S20: 巴洛克工作室 | T20: 2 | U20: 6 | V20: 1 | W20: 30 | X20: hero_2d_1014 | Y20: hero_long2d_111014 | Z20: 610014 | AA20: 214005 | AB20: 10 | AC20: 10 | AD20: 10 | AE20: 116 | AF20: 9 | AG20: 152 | AH20: 40 | AI20: 0.0108 | AK20: 1.0096 | AM20: 9,1.542;39,1.5;40,0.5;11,0.0072 | AR20: 8 | AS20: 0,10,30,40,40,60 | AT20: heroPosition_4 | AU20: heroActor_1014 | AV20: 226 | AX20: 4 | AY20: 2 | AZ20: 209 | BA20: 4 | BB20: 10014
A21: 15 | B21: 111015 | C21: 111015 | D21: Ms.黄金周 | E21: Miss.黄金周 | G21: 1 | H21: 巴洛克工作社高级指挥Mr.3的搭档，是个喜欢喝茶的小姑娘画家，可以通过画板的颜料控制他人的感情。 | I21: 擅长使用彩色颜料的写实画家，擅长辅助。\n技能附带驱散效果，消除敌方的增益状态。\n拥有情绪控制天赋，增加友方怒气获得量。 | J21: 团队辅助 | K21: 前排优先 | L21: 无 | M21: 236,237 | N21: 1 | O21: 1 | P21: 6 | Q21: 6 | R21: 5 | S21: 巴洛克工作室 | T21: 2 | U21: 6 | V21: 1 | W21: 33 | X21: hero_2d_1015 | Y21: hero_long2d_111015 | Z21: 610015 | AA21: 214005 | AB21: 10 | AC21: 10 | AD21: 10 | AE21: 67 | AF21: 13 | AG21: 217 | AH21: 23 | AI21: 0.009 | AJ21: 0.0096 | AK21: 1.0024 | AL21: 0.006 | AM21: 9,1.545;39,1.5;40,0.5; | AR21: 8 | AS21: 0,30,60,30,40,40 | AT21: heroPosition_4 | AU21: heroActor_1015 | AV21: 237 | AX21: 4 | AY21: 3 | AZ21: 220 | BA21: 4 | BB21: 10015
A22: 16 | B22: 111016 | C22: 111016 | D22: 猫头鹰 | E22: 猫头鹰 | G22: 0 | H22: 非常讲义气的赏金猎人，佐罗的小弟。教会了路飞鼻孔舞。 | J22: 0 | K22: 0 | L22: 0 | N22: 0 | O22: 1 | P22: 4 | Q22: 4 | R22: 4 | S22: 世界政府 | T22: 2 | U22: 6 | V22: 1 | W22: 49 | X22: hero_2d_1016 | Z22: 9999 | AA22: 214005 | AB22: 10 | AC22: 10 | AD22: 10 | AE22: 40 | AF22: 12 | AG22: 302 | AH22: 10 | AJ22: 0.012 | AK22: 1.006 | AL22: 0.006 | AM22: 9,1.5;39,1.5;40,0.5;10,0.01211 | AR22: 8 | AT22: heroPosition_4 | AU22: heroActor_1015 | AX22: 4 | AY22: 4 | BB22: 90001
A23: 17 | B23: 111017 | C23: 111017 | D23: 脸谱 | E23: 脸谱 | G23: 0 | H23: CP9成员，喜欢表演切腹自杀，口头禅是“哟哟咿”。拥有六式非常独特的“生命归还”技能。 | J23: 0 | K23: 0 | L23: 0 | N23: 0 | O23: 1 | P23: 4 | Q23: 4 | R23: 4 | S23: 世界政府 | T23: 2 | U23: 6 | V23: 1 | W23: 1089 | X23: hero_2d_1017 | Z23: 9999 | AA23: 214005 | AB23: 10 | AC23: 10 | AD23: 10 | AE23: 40 | AF23: 12 | AG23: 302 | AH23: 10 | AJ23: 0.012 | AK23: 1.006 | AL23: 0.006 | AM23: 9,1.5;39,1.5;40,0.5;10,0.01211 | AR23: 8 | AT23: heroPosition_4 | AU23: heroActor_1015 | AX23: 4 | BB23: 90002
A24: 18 | B24: 111018 | C24: 111018 | D24: 约撒 | E24: 约撒 | G24: 0 | H24: 非常讲义气的赏金猎人，佐罗的小弟。教会了路飞鼻孔舞。 | I24: 讲义气重人情的好搭档，擅长进攻。\n技能附带封技效果，可禁用敌人普通技能。\n技能提升自身速度和攻击，增加伤害输出。 | J24: 攻守平衡 | K24: 前排优先 | L24: 无 | M24: 375,376 | N24: 1 | O24: 1 | P24: 5 | Q24: 5 | R24: 8 | S24: 赏金猎人 | T24: 2 | U24: 6 | V24: 1 | W24: 2015 | X24: hero_2d_21031 | Y24: hero_long2d_111018 | Z24: 610018 | AA24: 214005 | AB24: 10 | AC24: 10 | AD24: 10 | AE24: 116 | AF24: 11 | AG24: 211 | AH24: 30 | AJ24: 0.012 | AK24: 1.006 | AL24: 0.006 | AM24: 9,1.5;39,1.5;40,0.5;10,0.01211 | AN24: CV_yosaku02 | AO24: CV_yosaku01 | AR24: 8 | AS24: 30,20,20,30,40,40 | AT24: heroPosition_4 | AU24: heroActor_1015 | AX24: 2 | BA24: 3 | BB24: 10016
A25: 19 | B25: 112001 | C25: 112001 | D25: 路飞 | E25: 路飞 | G25: 0 | H25: 橡皮之果能力者，拥有众多招式。杰克斯托付给他的帽子就是他的宝贝。现在是草帽一伙的船长。 | I25: 力量强悍的能力者，攻防兼备。\n拥有橡皮之果能力，反弹伤害，抵抗雷电。\n对单个目标伤害极高，可打破敌方阵型。 | J25: 攻守平衡 | K25: 前排优先 | L25: 橡皮之果 | M25: 5,3 | N25: 1 | O25: 1 | P25: 3 | Q25: 3 | R25: 1 | S25: 草帽海盗团 | T25: 3 | U25: 7 | V25: 2 | W25: 1 | X25: hero_2d_2001 | Y25: hero_long2d_112001 | Z25: 620001 | AA25: 214005 | AB25: 30 | AC25: 30 | AD25: 30 | AE25: 97 | AF25: 15 | AG25: 314 | AH25: 45 | AJ25: 0.016 | AK25: 1.008 | AL25: 0.008 | AM25: 9,1.5;39,1.5;40,0.5;10,0.01611 | AN25: CV_LuffyCZ_victory | AO25: CV_LuffyCZ_ready | AR25: 8 | AS25: 40,30,40,60,70,60 | AT25: heroPosition_2 | AU25: heroActor_2001 | AV25: 5 | AW25: 9 | AX25: 2 | AZ25: 5 | BA25: 1 | BB25: 1001
A26: 20 | B26: 112002 | C26: 112002 | D26: 佐罗 | E26: 佐罗 | G26: 0 | H26: 想要成为世界第一剑客的三刀流剑士，曾被人们称为“海盗猎人”。但被路飞的梦想和决心所感动，成为了他的第一个伙伴。 | I26: 伤害超高的剑客，擅长进攻。\n不是胜利就是死亡！低血量时伤害骤增。\n嗜血斩杀，附加流血伤害，一击致命。 | J26: 单点爆发 | K26: 前排优先 | L26: 无 | M26: 28,25 | N26: 1 | O26: 1 | P26: 5 | Q26: 5 | R26: 1 | S26: 草帽海盗团 | T26: 3 | U26: 7 | V26: 2 | W26: 2 | X26: hero_2d_2002 | Y26: hero_long2d_112002 | Z26: 620002 | AA26: 214005 | AB26: 30 | AC26: 30 | AD26: 30 | AE26: 127 | AF26: 12 | AG26: 276 | AH26: 55 | AI26: 0.0128 | AJ26: 0.008 | AK26: 1.016 | AM26: 9,1.5;39,1.5;40,0.5;11,0.0112 | AN26: CVZoro_victory | AO26: CVZoro_ready | AR26: 8 | AS26: 60,20,20,70,40,70 | AT26: heroPosition_2 | AU26: heroActor_2002 | AV26: 31 | AW26: 9 | AX26: 2 | AZ26: 16 | BA26: 1 | BB26: 1002
A27: 21 | B27: 112003 | C27: 112003 | D27: 奈美 | E27: 奈美 | G27: 1 | H27: 草帽一伙的天才导航员。在交涉事务方面，无人可与她匹敌。最喜欢金钱。 | I27: 掌控全场的航海士，擅长属性伤害。\n操控战场气候，削弱敌方能力。\n行动迅速，闪避天赋，精通雷电操控。 | J27: 团队控制 | K27: 前排优先 | L27: 无 | M27: 67,70 | N27: 1 | O27: 1 | P27: 6 | Q27: 6 | R27: 1 | S27: 草帽海盗团 | T27: 3 | U27: 7 | V27: 2 | W27: 5 | X27: hero_2d_2003 | Y27: hero_long2d_112003 | Z27: 620003 | AA27: 214005 | AB27: 30 | AC27: 30 | AD27: 30 | AE27: 155 | AF27: 12 | AG27: 200 | AH27: 60 | AI27: 0.0144 | AK27: 1.0128 | AM27: 9,1.556;39,1.5;40,0.5;11,0.0096 | AN27: CV_nami11 | AO27: CV_nami10 | AR27: 8 | AS27: 80,50,40,50,30,50 | AT27: heroPosition_4 | AU27: heroActor_2003 | AV27: 67 | AX27: 2 | AZ27: 37 | BA27: 1 | BB27: 1003
A28: 22 | B28: 112004 | C28: 112004 | D28: 撒谎布 | E28: 撒谎布 | G28: 0 | H28: 撒谎的本领无人能比，草帽一伙的狙击手。理想是成为“光荣的海上战士”！ | I28: 百发百中的神射手，擅长进攻。\n射出附带特殊效果的弹药，削弱敌方能力。\n精准射击，必杀暴击，人称破坏之王。 | J28: 单体控制 | K28: 后排优先 | L28: 无 | M28: 62,56 | N28: 1 | O28: 1 | P28: 6 | Q28: 6 | R28: 1 | S28: 草帽海盗团 | T28: 3 | U28: 7 | V28: 2 | W28: 4 | X28: hero_2d_2004 | Y28: hero_long2d_112004 | Z28: 620004 | AA28: 214005 | AB28: 30 | AC28: 30 | AD28: 30 | AE28: 145 | AF28: 11 | AG28: 156 | AH28: 90 | AI28: 0.0112 | AK28: 1.016 | AL28: 0.0048 | AM28: 9,1.5;39,1.5;40,0.5;11,0.016 | AN28: CV_usopp02 | AO28: CV_usopp01 | AR28: 8 | AS28: 60,30,50,70,50,80 | AT28: heroPosition_4 | AU28: heroActor_2004 | AV28: 62 | AX28: 2 | AZ28: 32 | BA28: 1 | BB28: 1004
A29: 23 | B29: 112005 | C29: 112005 | D29: 山智 | E29: 山智 | G29: 0 | H29: 是个海上厨师，本是海上餐厅的副厨师长，后来加入草帽一伙。目标是传说中的“蓝海”。面对美女就表现的无可救药。 | I29: 愈战愈勇的踢技达人，擅长进攻。\n连续踢技，伤害持续提升。\n技能附带压制效果，牵制单个敌人。 | J29: 极限输出 | K29: 对位优先 | L29: 无 | M29: 51,49 | N29: 1 | O29: 1 | P29: 4 | Q29: 4 | R29: 1 | S29: 草帽海盗团 | T29: 3 | U29: 7 | V29: 2 | W29: 3 | X29: hero_2d_2005 | Y29: hero_long2d_112005 | Z29: 620005 | AA29: 214005 | AB29: 30 | AC29: 30 | AD29: 30 | AE29: 169 | AF29: 9 | AG29: 124 | AH29: 105 | AI29: 0.016 | AK29: 1.008 | AL29: 0.0102 | AM29: 9,1.58;39,1.5;40,0.5;11,0.0048 | AN29: CV_sanji06 | AO29: CV_sanji01 | AR29: 8 | AS29: 0,0,60,80,60,80 | AT29: heroPosition_4 | AU29: heroActor_2005 | AV29: 51 | AX29: 2 | AZ29: 21 | BA29: 1 | BB29: 1005
A30: 24 | B30: 112006 | C30: 112006 | D30: 乔巴 | E30: 乔巴 | G30: 0 | H30: 吃了人人之果的蓝鼻子驯鹿，曾经被鹿群和人类当做怪物。在与西尔尔克相遇后，决心成为医生。现在是草帽一伙的船医。 | I30: 草帽海盗团的船医，擅长治疗。\n可解除友方的负面效果，提供增益效果。\n发动奥义可切换至战斗形态，输出伤害。 | J30: 医疗辅助 | K30: 己方优先 | L30: 人人之果 | M30: 83,85 | N30: 1 | O30: 1 | P30: 1 | Q30: 1 | R30: 1 | S30: 草帽海盗团 | T30: 3 | U30: 7 | V30: 2 | W30: 7 | X30: hero_2d_2006 | Y30: hero_long2d_112006 | Z30: 620006 | AA30: 214005 | AB30: 30 | AC30: 30 | AD30: 30 | AE30: 87 | AF30: 14 | AG30: 256 | AH30: 60 | AI30: 0.012 | AJ30: 0.0128 | AK30: 1.0032 | AL30: 0.008 | AM30: 9,1.56;39,1.5;40,0.5; | AN30: CV_chopper02,CV_chopper07 | AO30: CV_chopper05,CV_chopper08 | AR30: 8 | AS30: 80,80,0,30,80,30 | AT30: heroPosition_4 | AU30: heroActor_2006 | AV30: 83 | AX30: 2 | AZ30: 53 | BA30: 1 | BB30: 1006
A31: 25 | B31: 112007 | C31: 112007 | D31: 罗宾 | E31: 罗宾 | G31: 1 | H31: 不断寻求世界真相的考古学家！是花花之果的能力者，阿鲁巴拿战役后加入了草帽海盗团。 | I31: 探索历史的能力者，擅长偷袭。\n可以给敌方带来多种负面效果。\n扰乱敌方后排，控制敌方，帮助队友输出。 | J31: 功能辅助 | K31: 后排优先 | L31: 花花之果 | M31: 328,324 | N31: 1 | O31: 1 | P31: 3 | Q31: 3 | R31: 1 | S31: 草帽海盗团 | T31: 3 | U31: 7 | V31: 2 | W31: 47 | X31: hero_2d_2007 | Y31: hero_long2d_112007 | Z31: 620007 | AA31: 214005 | AB31: 30 | AC31: 30 | AD31: 30 | AE31: 117 | AF31: 14 | AG31: 187 | AH31: 50 | AI31: 0.0144 | AK31: 1.0128 | AM31: 9,1.556;39,1.5;40,0.5;11,0.0096 | AN31: CV_robinwin | AO31: CV_robin09 | AR31: 8 | AS31: 70,70,80,40,40,40 | AT31: heroPosition_4 | AU31: heroActor_2007 | AV31: 328 | AX31: 2 | AZ31: 328 | BA31: 1 | BB31: 1007
A32: 26 | B32: 112008 | C32: 112008 | D32: 弗兰奇 | E32: 弗兰奇 | G32: 0 | H32: 草帽海盗团钢铁船匠，拥有传说中的造船技术。性格豪放，心地坦荡，而且全身上下都经过了改造！ | I32: 渴望到达世界尽头的钢铁船匠，擅长防御。\n拥有多种被动防御技，拥有自我修复天赋。\n拥有嘲讽技能，可以吸引敌人的火力。 | J32: 防御壁垒 | K32: 前排优先 | L32: 无 | M32: 77,78 | N32: 1 | O32: 1 | P32: 6 | Q32: 6 | R32: 1 | S32: 草帽海盗团 | T32: 3 | U32: 7 | V32: 2 | W32: 6 | X32: hero_2d_2008 | Y32: hero_long2d_112008 | Z32: 620008 | AA32: 214005 | AB32: 30 | AC32: 30 | AD32: 30 | AE32: 88 | AF32: 15 | AG32: 332 | AH32: 40 | AJ32: 0.016 | AK32: 1.008 | AL32: 0.008 | AM32: 9,1.5;39,1.5;40,0.5;10,0.01611 | AN32: CV_franky06,CV_franky10 | AO32: CV_franky08 | AR32: 8 | AS32: 70,20,60,40,60,60 | AT32: heroPosition_4 | AU32: heroActor_2008 | AV32: 77 | AX32: 2 | AZ32: 47 | BA32: 1 | BB32: 1008
A33: 27 | B33: 112009 | C33: 112009 | D33: 布鲁克 | E33: 布鲁克 | G33: 0 | H33: 在黄泉之果的能力下，肉体化为白骨后又再次复活的骷髅人。除担任草帽一伙的音乐家外，还积极参加战斗。 | I33: 快乐作战的音乐家，擅长进攻。\n拥有黄泉之果的能力，阵亡后有概率复活。\n每回合会随机演奏乐曲，提供全体增益效果。 | J33: 单点爆发 | K33: 对位优先 | L33: 黄泉之果 | M33: 106,100 | N33: 1 | O33: 1 | P33: 3 | Q33: 3 | R33: 1 | S33: 草帽海盗团 | T33: 3 | U33: 7 | V33: 2 | W33: 10 | X33: hero_2d_2009 | Y33: hero_long2d_112009 | Z33: 620009 | AA33: 214005 | AB33: 30 | AC33: 30 | AD33: 30 | AE33: 158 | AF33: 9 | AG33: 145 | AH33: 100 | AI33: 0.0112 | AJ33: 0.0048 | AK33: 1 | AL33: 0.023 | AM33: 9,1.54;39,1.5;40,0.5;11,0.008 | AN33: CV_brook06 | AO33: CV_brook02 | AR33: 8 | AS33: 40,20,20,70,40,70 | AT33: heroPosition_4 | AU33: heroActor_2009 | AV33: 77 | AX33: 2 | BA33: 1 | BB33: 1009
A34: 28 | B34: 112010 | C34: 112010 | D34: 巴奇 | E34: 巴奇 | G34: 0 | H34: 巴奇年轻的时候，和杰克斯曾呆在同一艘船上。看上去像马戏团一样的巴奇海盗团的船长，还是四分五裂之果的能力者。 | I34: 拥有群体伤害的能力者，擅长进攻。\n华丽炮击，附带火焰伤害和灼烧效果。\n技能附带压制效果，牵制单个敌人。 | J34: 持续输出 | K34: 前排优先 | L34: 四分五裂之果 | M34: 98,95 | N34: 1 | O34: 1 | P34: 3 | Q34: 3 | R34: 3 | S34: 巴基海盗团 | T34: 3 | U34: 7 | V34: 2 | W34: 9 | X34: hero_2d_2010 | Y34: hero_long2d_112010 | Z34: 620010 | AA34: 214005 | AB34: 30 | AC34: 30 | AD34: 30 | AE34: 152 | AF34: 9 | AG34: 166 | AH34: 95 | AI34: 0.0112 | AJ34: 0.0048 | AK34: 1 | AL34: 0.023 | AM34: 9,1.54;39,1.5;40,0.5;11,0.008 | AN34: CV_buggy06 | AO34: CV_buggy02,CV_buggy05 | AR34: 8 | AS34: 80,20,70,40,80,40 | AT34: heroPosition_4 | AU34: heroActor_2010 | AV34: 98 | AX34: 2 | AZ34: 73 | BA34: 3 | BB34: 1010
A35: 29 | B35: 112011 | C35: 112011 | D35: 烟鬼 | E35: 烟鬼 | G35: 0 | H35: 对于自己逮捕海盗的能力有着绝对自信的海军总部上校，也是全身都能化为烟雾的冒烟之果能力者。路飞曾从其手中逃过一劫，至今他一直在追捕路飞。 | I35: 海军总部准将，攻防兼备。\n执行正义的能力者，对海盗伤害提高。\n防御力强悍，抵抗非属性伤害。 | J35: 攻守平衡 | K35: 前排优先 | L35: 烟雾之果 | M35: 115,113 | N35: 1 | O35: 1 | P35: 2 | Q35: 2 | R35: 2 | S35: 海军 | T35: 3 | U35: 7 | V35: 2 | W35: 11 | X35: hero_2d_2011 | Y35: hero_long2d_112011 | Z35: 620011 | AA35: 214005 | AB35: 30 | AC35: 30 | AD35: 30 | AE35: 121 | AF35: 14 | AG35: 259 | AH35: 54 | AI35: 0.0096 | AJ35: 0.0128 | AK35: 1.0128 | AL35: 0.0032 | AM35: 9,1.5;39,1.5;40,0.5;10,0.009611 | AN35: CV_smoker04 | AO35: CV_smoker06,CV_smoker05 | AR35: 8 | AS35: 70,20,20,80,50,80 | AT35: heroPosition_2 | AU35: heroActor_2011 | AV35: 115 | AX35: 1 | AZ35: 90 | BA35: 2 | BB35: 1011
A36: 30 | B36: 112012 | C36: 112012 | D36: 塔希米 | E36: 塔希米 | G36: 1 | H36: 将正义托付在自己刀剑上的海军剑士。剑术本领一流，但是因视力不好经常出差错。 | I36: 剑术一流的剑士，攻防兼备。\n时雨招式，对单个敌人造成爆发伤害。\n薄霞招式，可造成大量群体伤害。 | J36: 持续输出 | K36: 前排优先 | L36: 无 | M36: 131,130 | N36: 1 | O36: 1 | P36: 5 | Q36: 5 | R36: 2 | S36: 海军 | T36: 3 | U36: 7 | V36: 2 | W36: 13 | X36: hero_2d_2012 | Y36: hero_long2d_112012 | Z36: 620012 | AA36: 214005 | AB36: 30 | AC36: 30 | AD36: 30 | AE36: 127 | AF36: 14 | AG36: 242 | AH36: 53 | AI36: 0.0128 | AJ36: 0.008 | AK36: 1.016 | AM36: 9,1.5;39,1.5;40,0.5;11,0.0112 | AR36: 8 | AS36: 70,30,30,50,50,60 | AT36: heroPosition_2 | AU36: heroActor_2012 | AV36: 131 | AX36: 1 | AZ36: 106 | BA36: 2 | BB36: 1012
A37: 31 | B37: 112013 | C37: 112013 | D37: Mr.1 | E37: Mr.1 | G37: 0 | H37: 巴洛克工作社高级指挥中最强的男人。通过快斩之果的能力可以将全身变成刀刃，同时皮肤也会变得像钢铁一样坚硬。 | I37: 可以斩断一切的刀刃人，攻防兼备。\n技能附带流血效果，持续造成伤害。\n拥有快斩之果天赋，减免受到的伤害。 | J37: 伤害反射 | K37: 前排优先 | L37: 快斩之果 | M37: 123,122 | N37: 1 | O37: 1 | P37: 3 | Q37: 3 | R37: 5 | S37: 巴洛克工作室 | T37: 3 | U37: 7 | V37: 2 | W37: 12 | X37: hero_2d_2013 | Y37: hero_long2d_112013 | Z37: 620013 | AA37: 214005 | AB37: 30 | AC37: 30 | AD37: 30 | AE37: 125 | AF37: 16 | AG37: 221 | AH37: 50 | AJ37: 0.016 | AK37: 1.008 | AL37: 0.008 | AM37: 9,1.5;39,1.5;40,0.5;10,0.01611 | AR37: 8 | AS37: 60,70,20,40,80,60 | AT37: heroPosition_4 | AU37: heroActor_2013 | AV37: 123 | AX37: 4 | AZ37: 98 | BA37: 4 | BB37: 1013
A38: 32 | B38: 112014 | C38: 112014 | D38: Mr.2 | E38: Mr.2 | G38: 2 | H38: 巴洛克工作社唯一没有搭档的高级指挥。是模仿之果的能力者。为人重义气，阿鲁巴拿战役后与草帽海盗团成为好友。 | I38: 坚信人妖之道的能力者，擅长进攻。\n技能可提升属性，大幅提升伤害能力。\n身形灵巧，拥有出色的速度和闪避能力。 | J38: 单点爆发 | K38: 对位优先 | L38: 模仿之果 | M38: 145,141 | N38: 1 | O38: 1 | P38: 3 | Q38: 3 | R38: 5 | S38: 巴洛克工作室 | T38: 3 | U38: 7 | V38: 2 | W38: 15 | X38: hero_2d_2014 | Y38: hero_long2d_112014 | Z38: 620014 | AA38: 214005 | AB38: 30 | AC38: 30 | AD38: 30 | AE38: 158 | AF38: 10 | AG38: 138 | AH38: 90 | AI38: 0.016 | AK38: 1.008 | AL38: 0.0102 | AM38: 9,1.58;39,1.5;40,0.5;11,0.0048 | AN38: CV_mr203 | AO38: CV_mr204 | AR38: 8 | AS38: 0,30,20,70,40,80 | AT38: heroPosition_4 | AU38: heroActor_2014 | AV38: 145 | AX38: 4 | AZ38: 120 | BA38: 4 | BB38: 1014
A39: 33 | B39: 112015 | C39: 112015 | D39: Mr.3 | E39: Mr.3 | G39: 0 | H39: 巴洛克工作社的高级指挥。融化之果的能力者。喜欢把敌人做成蜡烛娃娃，是个作战头脑派。 | I39: 追求疯狂美学的艺术家，擅长防御。\n奥义技会战斗形态，大幅增加防御能力。\n技能附带牵制效果，降低敌人的速度和闪避 | J39: 团队控制 | K39: 后排优先 | L39: 融化之果 | M39: 137,294 | N39: 1 | O39: 1 | P39: 3 | Q39: 3 | R39: 5 | S39: 巴洛克工作室 | T39: 3 | U39: 7 | V39: 2 | W39: 14 | X39: hero_2d_2015 | Y39: hero_long2d_112015 | Z39: 620015 | AA39: 214005 | AB39: 30 | AC39: 30 | AD39: 30 | AE39: 88 | AF39: 16 | AG39: 318 | AH39: 41 | AI39: 0.012 | AJ39: 0.0128 | AK39: 1.0032 | AL39: 0.008 | AM39: 9,1.56;39,1.5;40,0.5; | AR39: 8 | AS39: 60,30,80,20,80,40 | AT39: heroPosition_4 | AU39: heroActor_2015 | AV39: 137 | AX39: 4 | AZ39: 112 | BA39: 4 | BB39: 1015
A40: 34 | B40: 112016 | C40: 112016 | D40: Ms.双手指 | E40: Miss.双手指 | G40: 1 | H40: 巴洛克工作社Mr.1的搭档，荆棘之果能力者。是个性格冷酷的女杀手。 | I40: 危险的尖刺美女，擅长进攻。\n技能附带急速效果，大幅提升行动速度。\n技能附带击退效果，可打破敌方阵型。 | J40: 伤害反射 | K40: 前排优先 | L40: 荆棘之果 | M40: 316,310 | N40: 1 | O40: 1 | P40: 3 | Q40: 3 | R40: 5 | S40: 巴洛克工作室 | T40: 3 | U40: 7 | V40: 2 | W40: 46 | X40: hero_2d_2016 | Y40: hero_long2d_112016 | Z40: 620016 | AA40: 214005 | AB40: 30 | AC40: 30 | AD40: 30 | AE40: 164 | AF40: 10 | AG40: 121 | AH40: 84 | AI40: 0.016 | AK40: 1.008 | AL40: 0.0102 | AM40: 9,1.58;39,1.5;40,0.5;11,0.0048 | AN40: CV_dfinger05 | AO40: CV_dfinger02,CV_dfinger04 | AR40: 8 | AS40: 0,30,20,60,80,60 | AT40: heroPosition_4 | AU40: heroActor_2016 | AV40: 316 | AX40: 4 | AZ40: 316 | BA40: 4 | BB40: 1016
A41: 35 | B41: 112017 | C41: 112017 | D41: 贝拉密 | E41: 贝拉密 | G41: 0 | H41: 贝拉密海盗团团长，弹簧之果能力者。从小就仰慕七武海多弗朗明哥，是被人相当看好的海盗新人。 | I41: 自称是“新时代的海盗”，擅长进攻。\n愈战愈勇，大幅提升战斗属性。\n奥义技牺牲自我，大幅提升伤害能力。 | J41: 单点爆发 | K41: 对位优先 | L41: 弹簧之果 | M41: 220,218 | N41: 1 | O41: 1 | P41: 3 | Q41: 3 | R41: 3 | S41: 比拿米海盗团 | T41: 3 | U41: 7 | V41: 2 | W41: 28 | X41: hero_2d_2017 | Y41: hero_long2d_112017 | Z41: 620017 | AA41: 214005 | AB41: 30 | AC41: 30 | AD41: 30 | AE41: 172 | AF41: 7 | AG41: 138 | AH41: 98 | AI41: 0.016 | AK41: 1.008 | AL41: 0.0102 | AM41: 9,1.58;39,1.5;40,0.5;11,0.0048 | AR41: 8 | AS41: 50,30,30,80,50,60 | AT41: heroPosition_4 | AU41: heroActor_2017 | AV41: 220 | AX41: 2 | AZ41: 203 | BA41: 3 | BB41: 1017
A42: 36 | B42: 112018 | C42: 112018 | D42: 瓦帕 | E42: 瓦帕 | G42: 0 | H42: 山迪亚大战士的后代，一心想要击败艾尼路，实力强悍。勇猛善战，表情凶恶，被称为“战鬼”。 | I42: 挑战神的山迪亚的勇敢战士，擅长进攻。 | J42: 单点爆发 | K42: 0 | L42: 0 | N42: 0 | O42: 1 | P42: 4 | Q42: 4 | R42: 8 | S42: 山迪亚 | T42: 3 | U42: 7 | V42: 2 | W42: 48 | X42: hero_2d_2018 | Z42: 9999 | AA42: 214005 | AB42: 30 | AC42: 30 | AD42: 30 | AE42: 132 | AF42: 12 | AG42: 173 | AH42: 85 | AI42: 0.0112 | AK42: 1.016 | AL42: 0.0048 | AM42: 9,1.5;39,1.5;40,0.5;11,0.016 | AR42: 8 | AV42: 334 | AX42: 4 | AZ42: 293 | BB42: 9001
A43: 37 | B43: 112019 | C43: 112019 | D43: 杰布拉 | E43: 杰布拉（狼人） | G43: 0 | H43: CP9的谍报员。犬犬之果形态“狼”的能力者。信条是利用锋利的爪牙，让对手不战而降！ | I43: CP9的谍报员，擅长防御。\n技能可造成流血效果，同时吸血回复生命。\n嗜血的战斗大师，变为狼形态可保护队友。 | J43: 攻守平衡 | K43: 前排优先 | L43: 犬犬之果 | M43: 261,258, | N43: 1 | O43: 1 | P43: 1 | Q43: 1 | R43: 4 | S43: CP9 | T43: 3 | U43: 7 | V43: 2 | W43: 30003 | X43: hero_2d_2019 | Y43: hero_long2d_112019 | Z43: 620019 | AA43: 214005 | AB43: 30 | AC43: 30 | AD43: 30 | AE43: 96 | AF43: 14 | AG43: 325 | AH43: 42 | AJ43: 0.016 | AK43: 1.008 | AL43: 0.008 | AM43: 9,1.5;39,1.5;40,0.5;10,0.01611 | AR43: 8 | AS43: 60,30,30,70,80,60 | AX43: 4 | BA43: 4 | BB43: 1018
A44: 38 | B44: 112020 | C44: 112020 | D44: 佳妮法 | E44: 佳妮法 | G44: 1 | H44: CP9唯一的女谍报员，潜伏在水之都市长身边夺取机密资料。泡泡之果能力者。口头禅是“这是性骚扰”和“无礼之徒”。 | I44: CP9的谍报员，擅长辅助。\n通过魅惑敌方男性降低敌方战斗力。\n队友进攻时候的美女杀手。 | J44: 功能辅助 | K44: 前排优先 | L44: 泡泡之果 | M44: 285,283 | N44: 1 | O44: 1 | P44: 3 | Q44: 3 | R44: 4 | S44: CP9 | T44: 3 | U44: 7 | V44: 2 | W44: 41 | X44: hero_2d_2020 | Y44: hero_long2d_112020 | Z44: 620020 | AA44: 214005 | AB44: 30 | AC44: 30 | AD44: 30 | AE44: 92 | AF44: 14 | AG44: 242 | AH44: 70 | AI44: 0.012 | AJ44: 0.0128 | AK44: 1.0032 | AL44: 0.008 | AM44: 9,1.56;39,1.5;40,0.5; | AN44: CV_kalifa01_01 | AO44: CV_kalifa03 | AR44: 8 | AS44: 60,80,60,30,30,50 | AX44: 4 | BA44: 4 | BB44: 1019
A45: 39 | B45: 112021 | C45: 112021 | D45: 卡古 | E45: 卡古 | G45: 0 | H45: CP9唯一的剑术使用者。可以娴熟地使用四刀流。在恶魔果实的能力下变身为长颈鹿。 | I45: CP9的谍报员，擅长进攻。\n可以使敌人持续流血，也可通过嗜血回复。\n四刀流战斗大师，流血技能让敌人头疼。 | J45: 攻守平衡 | K45: 前排优先 | L45: 牛牛之果 | M45: 362,360 | N45: 1 | O45: 1 | P45: 1 | Q45: 1 | R45: 4 | S45: CP9 | T45: 3 | U45: 7 | V45: 2 | W45: 43 | X45: hero_2d_2021 | Y45: hero_long2d_112021 | Z45: 620021 | AA45: 214005 | AB45: 30 | AC45: 30 | AD45: 30 | AE45: 119 | AF45: 13 | AG45: 283 | AH45: 60 | AI45: 0 | AJ45: 0 | AK45: 1 | AL45: 0 | AM45: 9,1.58;39,1.5;40,0.5;11,0.0048 | AN45: CV_kaku02 | AO45: CV_kaku03 | AR45: 8 | AS45: 70,20,30,50,50,70 | AT45: heroPosition_4 | AU45: heroActor_2016 | AV45: 316 | AX45: 4 | AZ45: 316 | BA45: 4 | BB45: 1020
A46: 40 | B46: 112022 | C46: 112022 | D46: 鲁兹 | E46: 罗布·鲁兹 | G46: 0 | H46: CP9史上堪称最强的冷酷的杀戮兵器！从13岁起就隶属CP9，凭借出类拔萃的体术完成黑暗任务。 | J46: 单点爆发 | K46: 0 | L46: 猫猫之果 | N46: 0 | O46: 0 | P46: 1 | Q46: 1 | R46: 4 | S46: 世界政府 | T46: 3 | U46: 7 | V46: 2 | W46: 17 | X46: hero_2d_2022 | Z46: 9999 | AA46: 214005 | AB46: 30 | AC46: 30 | AD46: 30 | AE46: 62 | AF46: 15 | AG46: 308 | AH46: 44 | AI46: 0 | AJ46: 0 | AK46: 1 | AL46: 0 | AM46: 9,1.58;39,1.5;40,0.5;11,0.0048 | AR46: 8 | AS46: 60,20,30,90,60,90 | AT46: heroPosition_4 | AU46: heroActor_2017 | AV46: 220 | AX46: 4 | AZ46: 203 | BB46: 9002
A47: 41 | B47: 112023 | C47: 112023 | D47: 阿布萨罗姆 | E47: 阿布萨罗姆 | G47: 0 | H47: 统帅将军僵尸的指挥官。透明之果的能力者。经过豪格巴克的改造后，具有野兽的力量。 | I47: 莫利亚的手下，统帅将军僵尸的指挥官。\n透明之果能力者，可以随时让身体消失。\n非常的不受欢迎，却执拗的妄想与美女结婚。 | J47: 单点爆发 | K47: 前排优先 | L47: 透明之果 | M47: 212,210 | N47: 1 | O47: 1 | P47: 3 | Q47: 3 | R47: 5 | S47: 恐怖之船 | T47: 3 | U47: 7 | V47: 2 | W47: 27 | X47: hero_2d_2023 | Y47: hero_long2d_112023 | Z47: 620023 | AA47: 214005 | AB47: 30 | AC47: 30 | AD47: 30 | AE47: 132 | AF47: 12 | AG47: 173 | AH47: 89 | AI47: 0 | AJ47: 0 | AK47: 1 | AL47: 0.007 | AM47: 9,1.58;39,1.5;40,0.5;11,0.0048 | AR47: 8 | AS47: 20,20,50,70,40,60 | AT47: heroPosition_4 | AU47: heroActor_2017 | AV47: 220 | AX47: 2 | AZ47: 203 | BA47: 3 | BB47: 1021
A48: 42 | B48: 112024 | C48: 112024 | D48: 豪格巴克 | E48: 豪格巴克 | G48: 0 | H48: 拥有博士称号的天才外科医生。是莫利亚僵尸军团的缔造者。 | I48: 天才的外科医生。\n可以对友方进行改造，添加增益。\n治疗、复活队友，疯狂的战斗医师。 | J48: 医疗辅助 | K48: 己方优先 | L48: 无 | M48: 353,351 | N48: 1 | O48: 1 | P48: 4 | Q48: 4 | R48: 5 | S48: 恐怖之船 | T48: 3 | U48: 7 | V48: 2 | W48: 51 | X48: hero_2d_2024 | Y48: hero_long2d_112024 | Z48: 620024 | AA48: 214005 | AB48: 30 | AC48: 30 | AD48: 30 | AE48: 106 | AF48: 14 | AG48: 207 | AH48: 58 | AI48: 0.012 | AJ48: 0.0128 | AK48: 1.0032 | AL48: 0.008 | AM48: 9,1.56;39,1.5;40,0.5; | AN48: CV_hogbak08 | AO48: CV_hogbak07 | AR48: 8 | AS48: 40,100,20,30,50,30 | AX48: 2 | BA48: 3 | BB48: 1022
A49: 43 | B49: 112025 | C49: 112025 | D49: 佩罗娜 | E49: 佩罗娜 | G49: 1 | H49: 食用了幽灵之果的幽灵人。动物僵尸和吓人僵尸的指挥官。是个外表可爱、内心单纯的女孩。 | I49: 喜欢布偶指挥幽灵的女孩。\n擅长使用幽灵技能对敌方进行骚扰。\n队友进攻时的强力辅助。 | J49: 团队控制 | K49: 后排优先 | L49: 幽灵之果 | M49: 196,195 | N49: 1 | O49: 1 | P49: 3 | Q49: 3 | R49: 5 | S49: 恐怖之船 | T49: 3 | U49: 7 | V49: 2 | W49: 25 | X49: hero_2d_2025 | Y49: hero_long2d_112025 | Z49: 620025 | AA49: 214005 | AB49: 30 | AC49: 30 | AD49: 30 | AE49: 114 | AF49: 13 | AG49: 204 | AH49: 100 | AI49: 0.0144 | AK49: 1.0128 | AM49: 9,1.556;39,1.5;40,0.5;11,0.0096 | AN49: CV_pern03 | AO49: CV_pern08 | AR49: 8 | AS49: 80,70,80,20,30,30 | AX49: 2 | BA49: 3 | BB49: 1023
A50: 44 | B50: 112026 | C50: 112026 | D50: 龙马 | E50: 龙马 | G50: 0 | H50: 出生在和之国的武士僵尸。传说中斩龙的武士，是个技术高超的剑士。 | I50: 强大的和之国武士，攻防兼备。\n攻击可造成暗影伤害。\n擅长增长怒气的剑士，强大的武士。 | J50: 攻守平衡 | K50: 对位优先 | L50: 无 | M50: 204,203 | N50: 1 | O50: 1 | P50: 5 | Q50: 5 | R50: 5 | S50: 恐怖之船 | T50: 3 | U50: 7 | V50: 2 | W50: 26 | X50: hero_2d_2026 | Y50: hero_long2d_112026 | Z50: 620026 | AA50: 214005 | AB50: 30 | AC50: 30 | AD50: 30 | AE50: 129 | AF50: 11 | AG50: 197 | AH50: 76 | AI50: 0.0144 | AK50: 1.0128 | AM50: 9,1.556;39,1.5;40,0.5;11,0.0096 | AN50: CV_ryuma02 | AO50: CV_ryuma03 | AR50: 8 | AS50: 60,20,30,70,50,70 | AX50: 2 | BA50: 3 | BB50: 1024
A51: 45 | B51: 112027 | C51: 112027 | D51: 贝宝 | E51: 贝宝 | G51: 0 | H51: 罗所率领的心脏海盗团的一员。会使用人类语言，容易被无心的话所伤害，是承受力脆弱的熊。 | I51: 会功夫的情感细腻的公熊。\n罗所率领的心脏海盗团的一员。\n身手敏捷，擅长踢技。 | J51: 单点爆发 | K51: 前排优先 | L51: 无 | M51: 439,438 | N51: 1 | O51: 1 | P51: 4 | Q51: 4 | R51: 3 | S51: 心脏海盗团 | T51: 3 | U51: 7 | V51: 2 | W51: 58 | X51: hero_2d_2027 | Y51: hero_long2d_112027 | Z51: 620027 | AA51: 214005 | AB51: 30 | AC51: 30 | AD51: 30 | AE51: 106 | AF51: 14 | AG51: 207 | AH51: 85 | AI51: 0.0128 | AJ51: 0.008 | AK51: 1.016 | AM51: 9,1.5;39,1.5;40,0.5;11,0.0112 | AN51: CV_bepo11 | AO51: CV_bepo16 | AR51: 8 | AS51: 30,35,55,73,65,75 | AX51: 2 | BA51: 3 | BB51: 1025
A52: 46 | B52: 112028 | C52: 112028 | D52: 战桃丸 | E52: 战桃丸 | G52: 0 | H52: 原海军总部科学部队队长。率领着“和平主义者”，自称“世界第一守口如瓶的男人”！！ | I52: 原海军总部科学部队队长。\n率领着“和平主义者”。\n擅长防御，拥有强大的防守能力。 | J52: 防御壁垒 | K52: 前排优先 | L52: 无 | M52: 447,494 | N52: 1 | O52: 1 | P52: 4 | Q52: 4 | R52: 2 | S52: 海军 | T52: 3 | U52: 8 | V52: 3 | W52: 59 | X52: hero_2d_2028 | Y52: hero_long2d_112028 | Z52: 620028 | AA52: 215005 | AB52: 50 | AC52: 50 | AD52: 50 | AE52: 120 | AF52: 25 | AG52: 365 | AH52: 80 | AJ52: 0.02 | AK52: 1.01 | AL52: 0.01 | AM52: 9,1.5;39,1.5;40,0.5;10,0.0211 | AN52: CV_sentomaru05 | AO52: CV_sentomaru08 | AR52: 8 | AS52: 70,30,65,50,85,60 | AX52: 1 | AY52: 1 | BA52: 2 | BB52: 118
A53: 47 | B53: 112029 | C53: 112029 | D53: Baby5 | E53: Baby5 | G53: 1 | H53: 唐吉诃德家族杀手兼女仆。武器果实能力者。渴望被需要而无法拒绝别人的请求。 | I53: 唐吉诃德家族杀手兼女仆。\n武器果实能力者。\n可变化为多种武器进行战斗。 | K53: 前排优先 | L53: 武器之果 | M53: 725,726 | N53: 1 | O53: 0 | P53: 3 | Q53: 3 | R53: 5 | S53: 八宝水军 | T53: 3 | U53: 7 | V53: 2 | W53: 86 | X53: hero_2d_2029 | Z53: 620029 | AA53: 214005 | AB53: 30 | AC53: 30 | AD53: 30 | AE53: 139 | AF53: 11 | AG53: 173 | AH53: 105 | AI53: 0.0144 | AK53: 1.0128 | AM53: 9,1.556;39,1.5;40,0.5;11,0.0096 | AS53: 50,50,30,75,40,80 | AX53: 3 | AY53: 3 | BA53: 3 | BB53: 1026
A54: 48 | B54: 112030 | C54: 112030 | D54: 莉贝卡 | E54: 莉贝卡 | G54: 1 | N54: 1 | O54: 0 | P54: 5 | Q54: 5 | R54: 8 | S54: 德雷斯罗兹 | T54: 3 | U54: 7 | V54: 2 | W54: 91 | X54: hero_2d_2029 | Z54: 620030 | AA54: 214005 | AB54: 30 | AC54: 30 | AD54: 30 | AE54: 139 | AF54: 11 | AG54: 173 | AH54: 105 | AI54: 0.0144 | AK54: 1.0128 | AM54: 9,1.556;39,1.5;40,0.5;11,0.0096 | AS54: 50,50,30,75,40,80 | AX54: 3 | AY54: 3 | BA54: 4 | BB54: 1027
A55: 49 | B55: 113001 | C55: 113001 | D55: 沙·鳄鱼 | E55: 沙·鳄鱼 | G55: 0 | H55: 表面上扮演着“阿拉巴斯坦的守护神”，其实私下却是企图统治阿拉巴斯坦王国的巴洛克工作社的老板。悬赏金额高达8100万贝里，“王下七武海”之一。 | I55: 拥有恐怖群体伤害的能力者，擅长属性伤害\n对多名敌人造成流血伤害，并提高对其伤害\n拥有强大的属性伤害，抵抗非属性伤害。 | J55: 团队压制 | K55: 前排优先 | L55: 沙沙之果 | M55: 246,243 | N55: 1 | O55: 1 | P55: 2 | Q55: 2 | R55: 5 | S55: 巴洛克工作室 | T55: 3 | U55: 8 | V55: 3 | W55: 35 | X55: hero_2d_3001 | Y55: hero_long2d_113001 | Z55: 630001 | AA55: 215005 | AB55: 50 | AC55: 50 | AD55: 50 | AE55: 187 | AF55: 17 | AG55: 313 | AH55: 64 | AI55: 0 | AK55: 1.016 | AM55: 9,1.57;39,1.5;40,0.5;11,0.012 | AN55: CV_crocodile05 | AO55: CV_crocodile02,CV_crocodile03 | AR55: 8 | AS55: 70,40,60,60,60,80 | AT55: heroPosition_4 | AU55: heroActor_3001 | AV55: 246 | AX55: 2 | AY55: 4 | AZ55: 232 | BA55: 3 | BB55: 101
A56: 50 | B56: 113002 | C56: 113002 | D56: 艾尼路 | E56: 艾尼路 | G56: 0 | H56: 具有操纵雷电之果能力的雷人。在天空圣地实施了长达6年的恐怖统治。 | I56: 空岛唯一的神，擅长进攻。\n技能附带雷属性伤害，无视敌方基础防御。\n激活雷神形态后，大幅提升对敌人的伤害。 | J56: 范围输出 | K56: 后排优先 | L56: 雷电之果 | M56: 252,254 | N56: 1 | O56: 1 | P56: 2 | Q56: 2 | R56: 8 | S56: 空岛神 | T56: 3 | U56: 8 | V56: 3 | W56: 36 | X56: hero_2d_3002 | Y56: hero_long2d_113002 | Z56: 630002 | AA56: 215005 | AB56: 50 | AC56: 50 | AD56: 50 | AE56: 223 | AF56: 15 | AG56: 251 | AH56: 125 | AI56: 0.014 | AK56: 1.02 | AL56: 0.006 | AM56: 9,1.5;39,1.5;40,0.5;11,0.02 | AN56: CV_enelwin | AO56: CV_enel05 | AR56: 8 | AS56: 90,40,40,70,60,90 | AT56: heroPosition_4 | AU56: heroActor_3002 | AV56: 252 | AX56: 4 | AY56: 4 | AZ56: 238 | BA56: 4 | BB56: 102
A57: 51 | B57: 113003 | C57: 113003 | D57: 青雉 | E57: 青雉 | G57: 0 | H57: 既是冰冻之果的能力者，亦是海军总部的最高战斗力之一！他是个在漫不经心的态度背后，持有独特正义观的海军总部大将。对赤犬过头的正义心存抵触。 | I57: 海军三大将之一，擅长属性伤害。\n冰冻之果能力者，拥有超高的冰属性伤害。\n技能附带冰冻效果，大幅限制敌人行动速度 | J57: 团队控制 | K57: 前排优先 | L57: 冰冻之果 | M57: 155,151 | N57: 1 | O57: 1 | P57: 2 | Q57: 2 | R57: 2 | S57: 海军 | T57: 3 | U57: 8 | V57: 3 | W57: 16 | X57: hero_2d_3003 | Y57: hero_long2d_113003 | Z57: 630003 | AA57: 215005 | AB57: 50 | AC57: 50 | AD57: 50 | AE57: 228 | AF57: 18 | AG57: 277 | AH57: 110 | AI57: 0.018 | AK57: 1.016 | AM57: 9,1.57;39,1.5;40,0.5;11,0.012 | AN57: CV_kuzan07 | AO57: CV_kuzan04,CV_kuzan05 | AR57: 8 | AS57: 60,40,70,80,50,70 | AT57: heroPosition_4 | AV57: 155 | AX57: 1 | AY57: 4 | AZ57: 130 | BA57: 2 | BB57: 103
A58: 52 | B58: 113004 | C58: 113004 | D58: 戈普 | E58: 戈普 | G58: 0 | H58: 凭借一双拳头驰骋于大海，活着的“传说中的海兵”！是曾和战国共同追拿罗杰的海军英雄。一个豪放磊落、大胆无畏的血性男子。 | I58: 路飞的祖父，绰号“铁拳”，擅长防御。\n海军英雄，激发队伍中海军势力的属性。\n拥有多种被动防御技，可大幅减少伤害。 | J58: 防御壁垒 | K58: 前排优先 | L58: 无 | M58: 292,289 | N58: 1 | O58: 1 | P58: 4 | Q58: 4 | R58: 2 | S58: 海军 | T58: 3 | U58: 8 | V58: 3 | W58: 42 | X58: hero_2d_3004 | Y58: hero_long2d_113004 | Z58: 630004 | AA58: 215005 | AB58: 50 | AC58: 50 | AD58: 50 | AE58: 140 | AF58: 22 | AG58: 365 | AH58: 65 | AJ58: 0.02 | AK58: 1.01 | AL58: 0.01 | AM58: 9,1.5;39,1.5;40,0.5;10,0.0211 | AN58: CV_garp02 | AO58: CV_garp04 | AR58: 8 | AS58: 80,40,50,50,90,50 | AT58: heroPosition_2 | AV58: 292 | AX58: 1 | AY58: 1 | AZ58: 278 | BA58: 2 | BB58: 104
A59: 53 | B59: 113005 | C59: 113005 | D59: 莫利亚 | E59: 莫利亚 | G59: 0 | H59: 操纵影子的能力者，恐怖之船的统治者！身为王下七武海的一员，据说是曾经和“四皇”之一的盖德不相上下的实力者。 | I59: 王下七武海之一，擅长进攻。\n暗影大师，操纵影子攻击敌人。\n擅长使用影子的力量打击敌人。 | J59: 暗影法师 | K59: 血量最少 | L59: 影子之果 | M59: 385,383 | N59: 1 | O59: 1 | P59: 3 | Q59: 3 | R59: 5 | S59: 恐怖之船 | T59: 3 | U59: 8 | V59: 3 | W59: 53 | X59: hero_2d_3005 | Y59: hero_long2d_113005 | Z59: 630005 | AA59: 215005 | AB59: 50 | AC59: 50 | AD59: 50 | AE59: 152 | AF59: 21 | AG59: 345 | AH59: 85 | AI59: 0 | AJ59: 0 | AK59: 1 | AL59: 0 | AM59: 9,1.5;39,1.5;40,0.5; | AN59: CV_moria12 | AO59: CV_moria01 | AR59: 8 | AS59: 80,60,70,50,70,70 | AT59: heroPosition_4 | AX59: 3 | AY59: 4 | BA59: 3 | BB59: 111 | BC59: 615004 | BD59: 30
A60: 54 | B60: 113006 | C60: 113006 | D60: 大熊 | E60: 大熊 | G60: 0 | H60: 将自己的身体献给政府的王下七武海，同时也是和平主义者的原型。和革命军有着千丝万缕的关联，帮助草帽一伙等的行动存在大量谜团。 | I60: 王下七武海之一，擅长防御和辅助。\n肉球之果能力者，反弹自身受到的伤害。\n可把敌人从战场拍飞，让敌人丧失作战能力 | J60: 防御辅助 | K60: 前排优先 | L60: 肉球之果 | M60: 270,268 | N60: 1 | O60: 1 | P60: 3 | Q60: 3 | R60: 5 | S60: 扑克牌海盗团 | T60: 3 | U60: 8 | V60: 3 | W60: 39 | X60: hero_2d_3006 | Y60: hero_long2d_113006 | Z60: 630006 | AA60: 215005 | AB60: 50 | AC60: 50 | AD60: 50 | AE60: 146 | AF60: 20 | AG60: 381 | AH60: 90 | AI60: 0.015 | AJ60: 0.016 | AK60: 1.004 | AL60: 0.01 | AM60: 9,1.575;39,1.5;40,0.5; | AN60: CV_kuma02_01 | AO60: CV_kuma03 | AR60: 8 | AS60: 60,70,70,70,80,50 | AT60: heroPosition_4 | AU60: heroActor_3006 | AV60: 270 | AX60: 3 | AY60: 1 | AZ60: 256 | BA60: 3 | BB60: 105
A61: 55 | B61: 113007 | C61: 113007 | D61: 黄猿 | E61: 波尔萨利诺 | G61: 0 | H61: 冠以“最高战斗力”之名，“闪光之果”的光线人！与赤犬和青雉二人秉持的截然相反的正义不同，他标榜模棱两可的正义。 | I61: 海军三大将之一，擅长属性伤害。\n闪光之果能力者，拥有超高的光属性伤害。\n拥有极高的闪避率，暴击率属性随速度提升 | J61: 单点爆发 | K61: 后排优先 | L61: 闪光之果 | M61: 373,369 | N61: 1 | O61: 1 | P61: 2 | Q61: 2 | R61: 2 | S61: 海军 | T61: 3 | U61: 8 | V61: 3 | W61: 52 | X61: hero_2d_3007 | Y61: hero_long2d_113007 | Z61: 630007 | AA61: 215005 | AB61: 50 | AC61: 50 | AD61: 50 | AE61: 215 | AF61: 15 | AG61: 261 | AH61: 120 | AI61: 0.014 | AK61: 1.02 | AM61: 9,1.5;39,1.5;40,0.5; | AN61: CV_kizaru06 | AO61: CV_kizaru02,CV_kizaru04 | AR61: 8 | AS61: 30,30,20,100,40,90 | AT61: heroPosition_4 | AX61: 1 | AY61: 3 | BA61: 2 | BB61: 106
A62: 56 | B62: 113008 | C62: 113008 | D62: 艾斯 | E62: 艾斯 | G62: 0 | H62: 为让白胡子成为王，奔波在大海上的罗杰的儿子！白胡子海盗团2小队队长，路飞的结拜兄弟。 | I62: 罗杰的儿子，擅长属性伤害。\n技能附带火属性伤害和灼烧效果。\n燃烧之果能力者，大幅提升火属性伤害。 | J62: 持续输出 | K62: 前排优先 | L62: 燃烧之果 | M62: 346,342 | N62: 1 | O62: 1 | P62: 2 | Q62: 2 | R62: 3 | S62: 白胡子海盗团 | T62: 3 | U62: 8 | V62: 3 | W62: 50 | X62: hero_2d_3008 | Y62: hero_long2d_113008 | Z62: 630008 | AA62: 215005 | AB62: 50 | AC62: 50 | AD62: 50 | AE62: 234 | AF62: 17 | AG62: 282 | AH62: 76 | AI62: 0.018 | AK62: 1.016 | AM62: 9,1.57;39,1.5;40,0.5;11,0.012 | AN62: CV_ace03,CV_ace02 | AO62: CV_ace04 | AR62: 8 | AS62: 80,30,30,80,40,90 | AT62: heroPosition_4 | AX62: 2 | AY62: 3 | BA62: 3 | BB62: 107
A63: 57 | B63: 113009 | C63: 113009 | D63: 赤犬 | E63: 萨卡斯基 | G63: 0 | H63: 贯彻“彻底的正义”，挥舞岩浆之拳的海军“最高战斗力”！对于邪恶毫不留情，采取彻底的铲除行动。 | I63: 海军三大将之一，攻防兼备。\n岩浆之果能力者，抵抗属性伤害。\n技能附带熔岩灼烧，可降低敌方属性抗性。 | J63: 元素屏障 | K63: 前排优先 | L63: 岩浆之果 | M63: 277,276 | N63: 1 | O63: 1 | P63: 2 | Q63: 2 | R63: 2 | S63: 海军 | T63: 3 | U63: 8 | V63: 3 | W63: 40 | X63: hero_2d_3009 | Y63: hero_long2d_113009 | Z63: 630009 | AA63: 215005 | AB63: 50 | AC63: 50 | AD63: 50 | AE63: 185 | AF63: 19 | AG63: 381 | AH63: 75 | AI63: 0.016 | AJ63: 0.01 | AK63: 1.02 | AM63: 9,1.5;39,1.5;40,0.5;11,0.014 | AN63: CV_akainu03 | AO63: CV_akainu04,CV_akainu06 | AR63: 8 | AS63: 50,30,60,80,100,60 | AT63: heroPosition_4 | AV63: 277 | AX63: 1 | AY63: 1 | AZ63: 263 | BA63: 2 | BB63: 108
A64: 58 | B64: 113010 | C64: 113010 | D64: 米霍克 | E64: 鹰眼 | G64: 0 | H64: 世界最强的剑客，“王下七武海”之一！！可以一击毁掉巨大船舰！ | I64: 刚柔兼备的剑豪，攻防兼备。\n伤害巨大的黑刀，无视任何防御。\n利刃斩断敌人，一击破敌！ | J64: 攻守平衡 | K64: 前排优先 | L64: 无 | M64: 306,303 | N64: 1 | O64: 1 | P64: 5 | Q64: 5 | R64: 5 | S64: 王下七武海 | T64: 3 | U64: 8 | V64: 3 | W64: 34 | X64: hero_2d_3010 | Y64: hero_long2d_113010 | Z64: 630010 | AA64: 215005 | AB64: 50 | AC64: 50 | AD64: 50 | AE64: 187 | AF64: 17 | AG64: 313 | AH64: 80 | AI64: 0.016 | AJ64: 0.01 | AK64: 1.02 | AM64: 9,1.5;39,1.5;40,0.5;11,0.014 | AN64: CV_mihawk06 | AO64: CV_mihawk01 | AR64: 8 | AS64: 80,20,30,80,50,100 | AT64: heroPosition_2 | AU64: heroActor_3010 | AV64: 306 | AX64: 3 | AY64: 2 | AZ64: 306 | BA64: 3 | BB64: 109
A65: 59 | B65: 113011 | C65: 113011 | D65: 鲁兹 | E65: 罗布·鲁兹 | G65: 0 | H65: CP9史上堪称最强的冷酷的杀戮兵器！从13岁起就隶属CP9，凭借出类拔萃的体术完成黑暗任务。 | I65: CP9最冷酷杀戮机器，擅长进攻。\n高额伤害可以最大限度降低敌方战斗力。\n伤害输出大师，化身为豹捕猎所有敌人。 | J65: 单点爆发 | K65: 对位优先 | L65: 猫猫之果 | M65: 162,161 | N65: 1 | O65: 1 | P65: 1 | Q65: 1 | R65: 4 | S65: 世界政府 | T65: 3 | U65: 8 | V65: 3 | W65: 17 | X65: hero_2d_3011 | Y65: hero_long2d_113011 | Z65: 630011 | AA65: 215005 | AB65: 50 | AC65: 50 | AD65: 50 | AE65: 185 | AF65: 17 | AG65: 308 | AH65: 85 | AI65: 0.016 | AJ65: 0.01 | AK65: 1.02 | AL65: 0 | AM65: 9,1.58;39,1.5;40,0.5;11,0.0048 | AN65: CV_lucci07 | AO65: CV_lucci05,CV_lucci06 | AR65: 8 | AS65: 60,20,30,90,60,90 | AT65: heroPosition_4 | AU65: heroActor_2017 | AV65: 220 | AX65: 3 | AY65: 2 | AZ65: 203 | BA65: 4 | BB65: 110
A66: 60 | B66: 113012 | C66: 113012 | D66: 甚平 | E66: 甚平 | G66: 0 | H66: 用高超的武艺贯彻仁义精神，心地善良的鱼人老大“海侠甚平”！！ | I66: 王下七武海之一，拥有可怕的怪力。\n精通“鱼人空手道”和“鱼人柔术”。\n有着出色的生存能力和反击能力。 | J66: 后发制人 | K66: 前排优先 | L66: 无 | M66: 399,398 | N66: 1 | O66: 1 | P66: 4 | Q66: 4 | R66: 5 | S66: 王下七武海 | T66: 3 | U66: 8 | V66: 3 | W66: 54 | X66: hero_2d_3012 | Y66: hero_long2d_113012 | Z66: 630012 | AA66: 215005 | AB66: 50 | AC66: 50 | AD66: 50 | AE66: 160 | AF66: 17 | AG66: 376 | AH66: 88 | AI66: 0.016 | AJ66: 0.01 | AK66: 1.02 | AL66: 0 | AM66: 9,1.58;39,1.5;40,0.5;11,0.0048 | AN66: CV_JinbeCZ_victory | AO66: CV_JinbeCZ_ready | AR66: 8 | AS66: 70,27,40,80,80,80 | AT66: heroPosition_4 | AU66: heroActor_2017 | AV66: 220 | AX66: 3 | AY66: 1 | AZ66: 203 | BA66: 3 | BB66: 112
A67: 61 | B67: 113013 | C67: 113013 | D67: 汉库珂 | E67: 女帝 | G67: 1 | H67: 被称为世界第一的绝世美女，无论男女老幼都被她迷得神魂颠倒！拥有霸王色霸气，是海军元帅也认可的实力者。 | I67: 王下七武海之一，擅长进攻。\n甜甜之果能力者，九蛇海盗团的现任船长。\n被称为世界第一的绝世美女。 | J67: 爆发输出 | K67: 对位优先 | L67: 甜甜之果 | M67: 416,412 | N67: 1 | O67: 1 | P67: 3 | Q67: 3 | R67: 5 | S67: 王下七武海 | T67: 3 | U67: 8 | V67: 3 | W67: 56 | X67: hero_2d_3013 | Y67: hero_long2d_113013 | Z67: 630013 | AA67: 215005 | AB67: 50 | AC67: 50 | AD67: 50 | AE67: 217 | AF67: 16 | AG67: 251 | AH67: 120 | AI67: 0.016 | AK67: 1.008 | AL67: 0.0102 | AM67: 9,1.58;39,1.5;40,0.5;11,0.0048 | AN67: CV_Hancock06 | AO67: CV_Hancock04 | AR67: 8 | AS67: 60,55,67,80,50,82 | AX67: 3 | AY67: 2 | BA67: 3 | BB67: 113
A68: 62 | B68: 113014 | C68: 113014 | D68: 罗 | E68: 罗 | G68: 0 | H68: 不做鲁莽的赌注，总是要争取万无一失的胜利，是位头脑敏锐的海盗。 | I68: 在"北海"大名鼎鼎的超亿元通缉犯。\n有将攻击范围内的敌人交换位置的能力。\n手术之果的拥有者，是位头脑敏锐的海盗。 | J68: 攻守平衡 | K68: 前排优先 | L68: 手术之果 | M68: 407,401 | N68: 1 | O68: 1 | P68: 3 | Q68: 3 | R68: 9 | S68: 心脏海盗团 | T68: 3 | U68: 8 | V68: 3 | W68: 55 | X68: hero_2d_3014 | Y68: hero_long2d_113014 | Z68: 630014 | AA68: 215005 | AB68: 50 | AC68: 50 | AD68: 50 | AE68: 187 | AF68: 18 | AG68: 292 | AH68: 88 | AI68: 0.016 | AK68: 1.008 | AL68: 0.0102 | AM68: 9,1.58;39,1.5;40,0.5;11,0.0048 | AN68: CV_law04 | AO68: CV_law01 | AR68: 8 | AS68: 60,70,55,75,70,70 | AX68: 2 | AY68: 2 | BA68: 3 | BB68: 114
A69: 63 | B69: 113015 | C69: 113015 | D69: 基德 | E69: 基德 | G69: 0 | H69: 和路飞，佐罗同时登陆香波迪群岛的原超新星。是毫不留情地铲除阻碍自己前进的人，以残忍著称的人物。 | I69: 超新星之一，擅长进攻和防守。\n具有吸引铁的能力，拥有强大的进攻手段。\n会毫不留情地铲除阻碍自己的人。 | J69: 攻守平衡 | K69: 前排优先 | L69: 磁力吸引 | M69: 425,419 | N69: 1 | O69: 1 | P69: 3 | Q69: 3 | R69: 9 | S69: 基德海盗团 | T69: 3 | U69: 8 | V69: 3 | W69: 57 | X69: hero_2d_3015 | Y69: hero_long2d_113015 | Z69: 630015 | AA69: 215005 | AB69: 50 | AC69: 50 | AD69: 50 | AE69: 140 | AF69: 22 | AG69: 365 | AH69: 80 | AI69: 0.016 | AJ69: 0.01 | AK69: 1.02 | AM69: 9,1.5;39,1.5;40,0.5;11,0.014 | AN69: CV_kid11 | AO69: CV_kid03 | AR69: 8 | AS69: 75,55,55,75,80,70 | AX69: 2 | AY69: 2 | BA69: 3 | BB69: 115
A70: 64 | B70: 113016 | C70: 113016 | D70: 雷利 | E70: 雷利 | G70: 0 | H70: 将时代托付给下一代的老绅士，曾是被称为“冥王”的“海盗王”的左右手！！ | I70: 被称为“冥王”，是“海盗王”的左右手。\n将时代托付给下一代的老绅士。\n剑客达人，擅长进攻。 | J70: 极限输出 | K70: 对位优先 | L70: 无 | M70: 455,453 | N70: 1 | O70: 1 | P70: 5 | Q70: 5 | R70: 3 | S70: 罗杰海盗团 | T70: 3 | U70: 8 | V70: 3 | W70: 60 | X70: hero_2d_3016 | Y70: hero_long2d_113016 | Z70: 630016 | AA70: 215005 | AB70: 50 | AC70: 50 | AD70: 50 | AE70: 191 | AF70: 16 | AG70: 313 | AH70: 85 | AI70: 0.018 | AK70: 1.016 | AM70: 9,1.57;39,1.5;40,0.5;11,0.012 | AN70: CV_reilly01 | AO70: CV_reilly04 | AR70: 8 | AS70: 60,50,50,90,70,85 | AX70: 2 | AY70: 2 | BA70: 3 | BB70: 116
A71: 65 | B71: 113017 | C71: 113017 | D71: 战国 | E71: 战国 | G71: 0 | H71: 率领强大的精锐海兵的儒帅“佛之战国”！！在大海盗时代之前就统帅海军总部的元帅。凭借足智多谋的策略和绝对正义的信念，立下了累累战功。 | I71: 率领强大的精锐海兵的儒帅。\n人人之果大佛形态的拥有者。\n统帅海军总部的海军元帅。 | J71: 攻守平衡 | K71: 前排优先 | L71: 人人之果 | M71: 461,464 | N71: 1 | O71: 1 | P71: 1 | Q71: 1 | R71: 2 | S71: 海军 | T71: 3 | U71: 8 | V71: 3 | W71: 61 | X71: hero_2d_3017 | Y71: hero_long2d_113017 | Z71: 630017 | AA71: 215005 | AB71: 50 | AC71: 50 | AD71: 50 | AE71: 171 | AF71: 16 | AG71: 365 | AH71: 89 | AJ71: 0.02 | AK71: 1.01 | AL71: 0.01 | AM71: 9,1.5;39,1.5;40,0.5;10,0.0211 | AN71: CV_sengoku05 | AO71: CV_sengoku10 | AR71: 8 | AS71: 77,70,55,78,85,57 | AX71: 1 | AY71: 1 | BA71: 2 | BB71: 117
A72: 66 | B72: 113018 | C72: 113018 | D72: 麦哲伦 | E72: 麦哲伦 | G72: 0 | H72: 令囚犯们胆战心惊的因佩尔地狱监狱长！！身上长有让人联想到恶魔的犄角和翅膀，负责管理号称世界第一的监狱。 | I72: 因佩尔地狱监狱长，剧毒之果能力者。\n全身充满了毒素，一旦接触就会中毒。\n会使用可怕的毒属性攻击并腐蚀敌人。 | J72: 团队输出 | K72: 前排优先 | L72: 剧毒之果 | M72: 471,470 | N72: 1 | O72: 1 | P72: 3 | Q72: 3 | R72: 4 | S72: 推进城 | T72: 3 | U72: 8 | V72: 3 | W72: 62 | X72: hero_2d_3018 | Y72: hero_long2d_113018 | Z72: 630018 | AA72: 215005 | AB72: 50 | AC72: 50 | AD72: 50 | AE72: 161 | AF72: 18 | AG72: 355 | AH72: 115 | AJ72: 0.02 | AK72: 1.01 | AL72: 0.01 | AM72: 9,1.5;39,1.5;40,0.5;10,0.0211 | AN72: CV_mazeran07 | AO72: CV_mazeran02 | AR72: 8 | AS72: 90,90,50,50,63,71 | AX72: 1 | AY72: 4 | BA72: 4 | BB72: 119
A73: 67 | B73: 113019 | C73: 113019 | D73: 伊娃科夫 | E73: 伊娃科夫 | G73: 2 | H73: 激昂的革命家，引导“新人类”的奇迹之人！！在大监狱因佩尔地狱的地下秘密建立了“新人类”的王国，解救了误入此地的囚犯们。 | I73: 最强大的人妖，荷尔蒙之果能力者。\n有着巨大的脸，异常庞大的深紫色爆炸发。\n对队伍有巨大的辅助作用。 | J73: 治疗辅助 | K73: 前排优先 | L73: 荷尔蒙之果 | M73: 487,491 | N73: 1 | O73: 1 | P73: 3 | Q73: 3 | R73: 8 | S73: 革命军 | T73: 3 | U73: 8 | V73: 3 | W73: 63 | X73: hero_2d_3019 | Y73: hero_long2d_113019 | Z73: 630019 | AA73: 215005 | AB73: 50 | AC73: 50 | AD73: 50 | AE73: 156 | AF73: 21 | AG73: 339 | AH73: 105 | AI73: 0.015 | AJ73: 0.016 | AK73: 1.004 | AL73: 0.01 | AM73: 9,1.575;39,1.5;40,0.5; | AN73: CV_ivankov15 | AO73: CV_ivankov02 | AR73: 8 | AS73: 85,90,75,70,70,60 | AX73: 2 | AY73: 3 | BA73: 4 | BB73: 120
A74: 68 | B74: 113020 | C74: 113020 | D74: 乔兹 | E74: 乔兹 | G74: 0 | H74: 外号“钻石”乔兹，白胡子海贼团第三队队长，超人系钻石果实能力者，拥有世界上最强物理防御的身体 | I74: 拥有超强的防御力和腕力。\n武装色霸气也极为出色。\n能为队伍承受大量伤害。 | J74: 防御壁垒 | K74: 前排优先 | L74: 闪亮之果 | M74: 503,502 | N74: 1 | O74: 1 | P74: 3 | Q74: 3 | R74: 3 | S74: 白胡子海盗团 | T74: 3 | U74: 8 | V74: 3 | W74: 64 | X74: hero_2d_3020 | Y74: hero_long2d_113020 | Z74: 630020 | AA74: 215005 | AB74: 50 | AC74: 50 | AD74: 50 | AE74: 160 | AF74: 22 | AG74: 313 | AH74: 118 | AJ74: 0.02 | AK74: 1.01 | AL74: 0.01 | AM74: 9,1.5;39,1.5;40,0.5;10,0.0211 | AN74: CV_JozzCZ_victory | AO74: CV_JozzCZ_ready | AR74: 8 | AS74: 65,50,65,70,90,85 | AX74: 2 | AY74: 1 | BA74: 3 | BB74: 121
A75: 69 | B75: 113021 | C75: 113021 | D75: 白胡子 | E75: 白胡子 | G75: 0 | H75: 白胡子海贼团的船长，拥有毁灭世界的力量，被称为世界最强男人。 | I75: 被誉为活着的传说。\n最大的梦想是建立“家庭”。\n拥有毁天灭地的输出。 | J75: 极限输出 | K75: 前排优先 | L75: 震动之果 | M75: 510,511 | N75: 1 | O75: 1 | P75: 3 | Q75: 3 | R75: 3 | S75: 白胡子海盗团 | T75: 3 | U75: 8 | V75: 3 | W75: 65 | X75: hero_2d_3021 | Y75: hero_long2d_113021 | Z75: 630021 | AA75: 215005 | AB75: 50 | AC75: 50 | AD75: 50 | AE75: 188 | AF75: 15 | AG75: 339 | AH75: 100 | AI75: 0.016 | AJ75: 0.01 | AK75: 1.02 | AM75: 9,1.5;39,1.5;40,0.5;11,0.014 | AN75: CV_shirohige01 | AO75: CV_shirohige04 | AR75: 8 | AS75: 95,95,95,95,95,95 | AW75: 7 | AX75: 2 | AY75: 2 | BA75: 3 | BB75: 123
A76: 70 | B76: 113022 | C76: 113022 | D76: 马尔高 | E76: 马尔高 | G76: 0 | H76: 白胡子海贼团第一队队长兼船医，动物系“幻兽种”鸟鸟之果·不死鸟型能力者，拥有超强的再生能力。 | I76: 马尔高性格冷静，忠心于白胡子。\n留着金色的朋克头，看起来像菠萝。\n第二形态下可以造成恐怖的输出。 | J76: 单点爆发 | K76: 对位优先 | L76: 鸟鸟之果 | M76: 528,529 | N76: 1 | O76: 1 | P76: 1 | Q76: 1 | R76: 3 | S76: 白胡子海盗团 | T76: 3 | U76: 8 | V76: 3 | W76: 66 | X76: hero_2d_3022 | Y76: hero_long2d_113022 | Z76: 630022 | AA76: 215005 | AB76: 50 | AC76: 50 | AD76: 50 | AE76: 193 | AF76: 15 | AG76: 329 | AH76: 120 | AI76: 0.018 | AK76: 1.016 | AM76: 9,1.57;39,1.5;40,0.5;11,0.012 | AN76: CV_macro08 | AO76: CV_macro03 | AR76: 8 | AS76: 70,75,70,90,85,90 | AX76: 2 | AY76: 3 | BA76: 3 | BB76: 122
A77: 71 | B77: 113023 | C77: 113023 | D77: 比斯塔 | E77: 比斯塔 | G77: 0 | H77: 外号“花剑”，白胡子海贼团五番队队长，二十多年前就已经是白胡子海贼团成员。有名的剑豪，沉稳的二刀流剑士。 | I77: 性格沉稳，总是保持着微笑。\n使用武器为双剑，二刀流剑士。\n拥有越战越强的特性。 | J77: 持续输出 | K77: 对位优先 | L77: 无 | M77: 535,537 | N77: 1 | O77: 1 | P77: 5 | Q77: 5 | R77: 3 | S77: 白胡子海盗团 | T77: 3 | U77: 8 | V77: 3 | W77: 67 | X77: hero_2d_3023 | Y77: hero_long2d_113023 | Z77: 630023 | AA77: 215005 | AB77: 50 | AC77: 50 | AD77: 50 | AE77: 223 | AF77: 15 | AG77: 251 | AH77: 120 | AI77: 0.018 | AK77: 1.016 | AM77: 9,1.57;39,1.5;40,0.5;11,0.012 | AN77: CV_vst09 | AO77: CV_vst02 | AR77: 8 | AS77: 65,55,55,90,70,85 | AX77: 2 | AY77: 3 | BA77: 3 | BB77: 124
A78: 72 | B78: 113024 | C78: 113024 | D78: 杰克斯 | E78: 杰克斯 | G78: 0 | H78: 过去曾在罗杰海贼团见习，在罗杰海贼团解散后，成立了红发海贼团，短短十一年内跻身四皇之一。 | I78: 左侧脸颊曾被黑胡子所伤，留有三道疤痕。\n性格豪爽大方，不拘小节。\n进入霸者姿态后将无可匹敌。 | J78: 单点爆发 | K78: 前排优先 | L78: 无 | M78: 544,545 | N78: 1 | O78: 1 | P78: 5 | Q78: 5 | R78: 3 | S78: 黑猫海盗团 | T78: 3 | U78: 8 | V78: 3 | W78: 68 | X78: hero_2d_3024 | Y78: hero_long2d_113024 | Z78: 630024 | AA78: 215005 | AB78: 50 | AC78: 50 | AD78: 50 | AE78: 184 | AF78: 16 | AG78: 329 | AH78: 110 | AI78: 0.016 | AJ78: 0.01 | AK78: 1.02 | AL78: 0 | AM78: 9,1.58;39,1.5;40,0.5;11,0.0048 | AN78: CV_shanks02 | AO78: CV_shanks07 | AR78: 8 | AS78: 95,95,95,95,95,95 | AW78: 7 | AX78: 2 | AY78: 3 | BA78: 3 | BB78: 125 | BC78: 615001 | BD78: 30
A79: 73 | B79: 113025 | C79: 112004 | D79: 新世界撒谎布 | E79: 两年后撒谎布 | G79: 0 | H79: 曾经为自己力量的不足而懊恼不已，但经过2年的修行后，身心都得到茁壮成长。 | I79: 草帽团百发百中的狙击手。\n立志成为勇敢的海上战士。\n命中率高，且能在攻击时控制敌方行动。 | J79: 控制爆发 | K79: 血量最少 | L79: 无 | M79: 552,553 | N79: 1 | O79: 1 | P79: 6 | Q79: 6 | R79: 1 | S79: 草帽海盗团 | T79: 3 | U79: 8 | V79: 3 | W79: 69 | X79: hero_2d_3025 | Y79: hero_long2d_113025 | Z79: 630025 | AA79: 215005 | AB79: 50 | AC79: 50 | AD79: 50 | AE79: 227 | AF79: 15 | AG79: 235 | AH79: 130 | AI79: 0.018 | AK79: 1.016 | AM79: 9,1.57;39,1.5;40,0.5;11,0.012 | AN79: CV_Nusopp06 | AO79: CV_Nusopp05 | AR79: 8 | AS79: 70,35,90,80,65,85 | AX79: 2 | AY79: 3 | BA79: 1 | BB79: 131
A80: 74 | B80: 113026 | C80: 112002 | D80: 新世界佐罗 | E80: 两年后佐罗 | G80: 0 | H80: 喜欢直来直往，经过两年的修炼，可使武器上缠绕武装色霸气，离大剑豪的目标越来越近。 | I80: 三刀流剑士，立志成为世界第一大剑豪。\n在米霍克身边修炼两年，实力大增。\n造成伤害同时提升队友生存能力。 | J80: 攻守平衡 | K80: 前排优先 | L80: 无 | M80: 560,561 | N80: 1 | O80: 1 | P80: 5 | Q80: 5 | R80: 1 | S80: 草帽海盗团 | T80: 3 | U80: 8 | V80: 3 | W80: 70 | X80: hero_2d_3026 | Y80: hero_long2d_113026 | Z80: 630026 | AA80: 215005 | AB80: 50 | AC80: 50 | AD80: 50 | AE80: 186 | AF80: 16 | AG80: 326 | AH80: 105 | AI80: 0.018 | AK80: 1.016 | AM80: 9,1.57;39,1.5;40,0.5;11,0.012 | AN80: CVZoronewCZ_victory | AO80: CVZoronewCZ_prepare | AR80: 8 | AS80: 80,75,35,95,90,90 | AW80: 9 | AX80: 2 | AY80: 2 | BA80: 1 | BB80: 129
A81: 75 | B81: 113027 | C81: 113027 | D81: 黑胡子 | E81: 黑胡子 | G81: 0 | H81: 虎视眈眈地觊觎时代的顶点！！野心勃勃的黑暗实力者！！ | I81: 双果实能力者。\n不会同情弱者，只看重强大的力量。\n在场时，能有效的限制敌方输出。 | J81: 防御壁垒 | K81: 前排优先 | L81: 双果实 | M81: 568,569 | N81: 1 | O81: 1 | P81: 2 | Q81: 2 | R81: 3 | S81: 黑胡子海盗团 | T81: 3 | U81: 8 | V81: 3 | W81: 78 | X81: hero_2d_3027 | Y81: hero_long2d_113027 | Z81: 630027 | AA81: 215005 | AB81: 50 | AC81: 50 | AD81: 50 | AE81: 187 | AF81: 15 | AG81: 339 | AH81: 103 | AJ81: 0.02 | AK81: 1.01 | AL81: 0.01 | AM81: 9,1.5;39,1.5;40,0.5;10,0.0211 | AN81: CV_kurohige12 | AO81: CV_kurohige09 | AR81: 8 | AS81: 95,95,95,95,95,95 | AW81: 7 | AY81: 1 | BA81: 3 | BB81: 126 | BC81: 615003 | BD81: 30
A82: 76 | B82: 113028 | C82: 112003 | D82: 新世界奈美 | E82: 新世界奈美 | G82: 1 | H82: 擅长航海术，梦想是绘制出世界地图，在空岛学习后，气象学知识也大幅提升。 | I82: 草帽海贼团的航海士，称号小贼猫。\n武器为“魔法天候棒”，头脑聪明又机灵。\n战斗中造成大量属性伤害且拥有强力控制。 | J82: 控制爆发 | K82: 前排优先 | L82: 无 | M82: 581,582 | N82: 1 | O82: 1 | P82: 6 | Q82: 6 | R82: 1 | S82: 草帽海盗团 | T82: 3 | U82: 8 | V82: 3 | W82: 72 | X82: hero_2d_3028 | Y82: hero_long2d_113028 | Z82: 630028 | AA82: 215005 | AB82: 50 | AC82: 50 | AD82: 50 | AE82: 223 | AF82: 15 | AG82: 240 | AH82: 130 | AI82: 0.018 | AK82: 1.016 | AM82: 9,1.57;39,1.5;40,0.5;11,0.012 | AN82: CV_Nnami04 | AO82: CV_Nnami10 | AR82: 8 | AS82: 75,65,90,85,40,80 | AY82: 4 | BA82: 1 | BB82: 130
A83: 77 | B83: 113029 | C83: 112007 | D83: 新世界罗宾 | E83: 新世界罗宾 | G83: 1 | H83: 年仅8岁便成为考古学家，目标是找到真正的历史正文，绝不饶恕践踏历史文物的人。 | I83: 草帽海盗团的考古学家，花花之果能力者。\n西海考古学之岛“奥哈拉”的唯一幸存者。\n战斗中可提升队友属性并降低敌方属性。 | J83: 进攻辅助 | K83: 后排优先 | L83: 花花之果 | M83: 590,592 | N83: 1 | O83: 1 | P83: 3 | Q83: 3 | R83: 1 | S83: 草帽海盗团 | T83: 3 | U83: 8 | V83: 3 | W83: 75 | X83: hero_2d_3029 | Y83: hero_long2d_113029 | Z83: 630029 | AA83: 215005 | AB83: 50 | AC83: 50 | AD83: 50 | AE83: 215 | AF83: 16 | AG83: 245 | AH83: 130 | AI83: 0.018 | AK83: 1.016 | AM83: 9,1.57;39,1.5;40,0.5;11,0.012 | AN83: CV_Nrobin02 | AO83: CV_Nrobin06 | AR83: 8 | AS83: 65,90,75,75,60,65 | AY83: 3 | BA83: 1 | BB83: 134
A84: 78 | B84: 113030 | C84: 113030 | D84: 多弗拉门戈 | E84: 多弗拉门戈 | G84: 0 | H84: 和世界政府联手进行活动，躲在历史阴影里的海盗！！ | I84: 曾是天龙人的一员。\n桀敖不驯，冷血无情，为达目的不择手段。\n可召唤分身线偶一同战斗。 | J84: 攻守平衡 | K84: 对位优先 | L84: 线线之果 | M84: 599,600 | N84: 1 | O84: 1 | P84: 3 | Q84: 3 | R84: 5 | S84: 王下七武海 | T84: 3 | U84: 8 | V84: 3 | W84: 2174 | X84: hero_2d_3030 | Y84: hero_long2d_113030 | Z84: 630030 | AA84: 215005 | AB84: 50 | AC84: 50 | AD84: 50 | AE84: 185 | AF84: 16 | AG84: 324 | AH84: 115 | AI84: 0.016 | AJ84: 0.01 | AK84: 1.02 | AM84: 9,1.5;39,1.5;40,0.5;11,0.014 | AN84: CV_dof07 | AO84: CV_dof01 | AR84: 8 | AS84: 75,45,80,85,85,75 | AY84: 3 | BA84: 3 | BB84: 127
A85: 79 | B85: 113031 | C85: 112001 | D85: 新世界路飞 | E85: 新世界路飞 | G85: 0 | H85: 超人系橡胶之果能力者，梦想是找到传说中的OnePiece，成为海贼王！ | I85: 草帽海贼团的船长，十分重视伙伴。\n经过两年的修行，开发出新招式“四档”。\n进入“四档”时，能力大幅提升。 | J85: 攻守平衡 | K85: 前排优先 | L85: 橡皮之果 | M85: 616,617 | N85: 1 | O85: 1 | P85: 3 | Q85: 3 | R85: 1 | S85: 草帽海盗团 | T85: 3 | U85: 8 | V85: 3 | W85: 71 | X85: hero_2d_3031 | Y85: hero_long2d_113031 | Z85: 630031 | AA85: 215005 | AB85: 50 | AC85: 50 | AD85: 50 | AE85: 197 | AF85: 13 | AG85: 334 | AH85: 101 | AI85: 0.016 | AJ85: 0.01 | AK85: 1.02 | AM85: 9,1.5;39,1.5;40,0.5;11,0.014 | AN85: CV_LuffynewCZ_victory | AO85: CV_LuffynewCZ_ready | AR85: 8 | AS85: 95,95,95,95,95,95 | AW85: 9 | AY85: 2 | BA85: 1 | BB85: 128 | BC85: 615005 | BD85: 30
A86: 80 | B86: 113032 | C86: 112011 | D86: 新世界烟鬼 | E86: 新世界烟鬼 | G86: 0 | H86: 自然系烟雾之果能力者，以路飞为一生的宿敌而精进自己。 | I86: 海军G5支部中将。\n践行自己内心的正义。\n减少所受伤害的同时，可通过攻击削弱对手。 | J86: 防御辅助 | K86: 前排优先 | L86: 烟雾之果 | M86: 627,628 | N86: 1 | O86: 1 | P86: 2 | Q86: 2 | R86: 2 | S86: 海军 | T86: 3 | U86: 8 | V86: 3 | W86: 79 | X86: hero_2d_3032 | Y86: hero_long2d_113032 | Z86: 630032 | AA86: 215005 | AB86: 50 | AC86: 50 | AD86: 50 | AE86: 169 | AF86: 16 | AG86: 376 | AH86: 106 | AI86: 0.016 | AJ86: 0.01 | AK86: 1.02 | AM86: 9,1.5;39,1.5;40,0.5;10,0.0211 | AN86: CV_SomkernewCZ_win,CV_SomkernewCZ_win2 | AO86: CV_SomkernewCZ_ready | AR86: 8 | AS86: 50,90,75,70,95,55 | AX86: 1 | AY86: 1 | BA86: 2 | BB86: 137
A87: 81 | B87: 113033 | C87: 112012 | D87: 新世界塔希米 | E87: 新世界塔希米 | G87: 1 | H87: 百折不挠的坚强女剑士，经过两年的修炼，实力成长显著。 | I87: 海军G5支部上校。\n秉性善良，为人正直，能顾全大局。\n稳扎稳打，爆发伤害出色。 | J87: 控制爆发 | K87: 前排优先 | L87: 无 | M87: 634,636 | N87: 1 | O87: 1 | P87: 5 | Q87: 5 | R87: 2 | S87: 海军 | T87: 3 | U87: 8 | V87: 3 | W87: 80 | X87: hero_2d_3033 | Y87: hero_long2d_113033 | Z87: 630033 | AA87: 215005 | AB87: 50 | AC87: 50 | AD87: 50 | AE87: 213 | AF87: 16 | AG87: 256 | AH87: 125 | AI87: 0.018 | AK87: 1.016 | AM87: 9,1.57;39,1.5;40,0.5;11,0.012 | AR87: 8 | AS87: 75,45,85,85,50,95 | AY87: 4 | BA87: 2 | BB87: 138
A88: 82 | B88: 113034 | C88: 113034 | D88: 锦卫门 | E88: 锦卫门 | G88: 0 | H88: 来自和之国九里的武士，为了实现主公的遗愿而不断奋战。 | I88: 和之国武士。\n剑术高超，为人忠义。\n以带有强力火焰伤害的剑术进行战斗。 | J88: 单点爆发 | K88: 前排优先 | L88: 服服之果 | M88: 643,644 | N88: 1 | O88: 1 | P88: 3 | Q88: 3 | R88: 8 | S88: 赤鞘九侠 | T88: 3 | U88: 8 | V88: 3 | W88: 81 | X88: hero_2d_3034 | Y88: hero_long2d_113034 | Z88: 630034 | AA88: 215005 | AB88: 50 | AC88: 50 | AD88: 50 | AE88: 193 | AF88: 14 | AG88: 334 | AH88: 97 | AJ88: 0.02 | AK88: 1.01 | AL88: 0.01 | AM88: 9,1.5;39,1.5;40,0.5;10,0.0211 | AR88: 8 | AS88: 50,40,50,85,75,95 | AY88: 1 | BA88: 4 | BB88: 141
A89: 83 | B89: 113035 | C89: 112008 | D89: 新世界弗兰奇 | E89: 新世界弗兰奇 | G89: 0 | H89: 机关岛上，在研究所中，发现了贝加庞克遗留的兵器类发明文献后，将自己再次改造。 | I89: 草帽海贼团的船匠，性格豪放。\n在机关岛两年，将自己的身体再次改造。\n防御和爆发能力出众。 | J89: 攻守平衡 | K89: 前排优先 | L89: 无 | M89: 665,666 | N89: 1 | O89: 1 | P89: 4 | Q89: 4 | R89: 1 | S89: 草帽海盗团 | T89: 3 | U89: 8 | V89: 3 | W89: 76 | X89: hero_2d_3035 | Y89: hero_long2d_113035 | Z89: 630035 | AA89: 215005 | AB89: 50 | AC89: 50 | AD89: 50 | AE89: 180 | AF89: 15 | AG89: 360 | AH89: 110 | AJ89: 0.02 | AK89: 1.01 | AL89: 0.01 | AM89: 9,1.5;39,1.5;40,0.5;10,0.0211 | AR89: 8 | AS89: 75,55,70,80,90,90 | AY89: 1 | BA89: 1 | BB89: 135
A90: 84 | B90: 113036 | C90: 112009 | D90: 新世界布鲁克 | E90: 新世界布鲁克 | G90: 0 | H90: 超人系黄泉之果能力者，重视伙伴的骷髅人，两年后告别了明星的生活与伙伴一同前往新世界。 | I90: 草帽海贼团的音乐家，人称“灵魂之王”。\n虽身为一具白骨，但却有不凡的实力。\n可通过冻结或催眠方式限制敌方行动。 | J90: 控制爆发 | K90: 对位优先 | L90: 黄泉之果 | M90: 651,652 | N90: 1 | O90: 1 | P90: 3 | Q90: 3 | R90: 1 | S90: 草帽海盗团 | T90: 3 | U90: 8 | V90: 3 | W90: 77 | X90: hero_2d_3036 | Y90: hero_long2d_113036 | Z90: 630036 | AA90: 215005 | AB90: 50 | AC90: 50 | AD90: 50 | AE90: 189 | AF90: 15 | AG90: 337 | AH90: 130 | AI90: 0.016 | AJ90: 0.01 | AK90: 1.02 | AL90: 0 | AM90: 9,1.58;39,1.5;40,0.5;11,0.0048 | AR90: 8 | AS90: 70,70,95,80,80,75 | AY90: 3 | BA90: 1 | BB90: 136
A91: 85 | B91: 113037 | C91: 112005 | D91: 新世界山智 | E91: 新世界山智 | G91: 0 | H91: 践行着骑士精神的绅士，两年后的他尤为擅长见闻色霸气，拥有不凡的实力。 | I91: 草帽海贼团的厨师，有“黑足”的称号。\n温柔冷静，信赖着伙伴们。\n爆发能力出众，拥有独特的生存能力。 | J91: 单点爆发 | K91: 对位优先 | L91: 无 | M91: 659,660 | N91: 1 | O91: 1 | P91: 4 | Q91: 4 | R91: 1 | S91: 草帽海盗团 | T91: 3 | U91: 8 | V91: 3 | W91: 73 | X91: hero_2d_3037 | Y91: hero_long2d_113037 | Z91: 630037 | AA91: 215005 | AB91: 50 | AC91: 50 | AD91: 50 | AE91: 183 | AF91: 16 | AG91: 334 | AH91: 130 | AI91: 0.018 | AK91: 1.016 | AM91: 9,1.57;39,1.5;40,0.5;11,0.012 | AR91: 8 | AS91: 60,75,35,95,85,90 | AX91: 2 | AY91: 2 | BA91: 1 | BB91: 132
A92: 86 | B92: 113038 | C92: 112006 | D92: 新世界乔巴 | E92: 新世界乔巴 | G92: 0 | H92: 拥有出色医术的医师，经过两年的锻炼，技艺更加炉火纯青。 | I92: 草帽海贼团的船医，梦想是制造出万能药。\n绝对不会对受伤的人见死不救。\n具有多种回复与辅助技能，支援能力优秀。 | J92: 医疗辅助 | K92: 前排优先 | L92: 人人之果 | M92: 677,678 | N92: 1 | O92: 1 | P92: 1 | Q92: 1 | R92: 1 | S92: 草帽海盗团 | T92: 3 | U92: 8 | V92: 3 | W92: 74 | X92: hero_2d_3038 | Y92: hero_long2d_113038 | Z92: 630038 | AA92: 215005 | AB92: 50 | AC92: 50 | AD92: 50 | AE92: 135 | AF92: 18 | AG92: 430 | AH92: 105 | AI92: 0.015 | AJ92: 0.016 | AK92: 1.004 | AL92: 0.01 | AM92: 9,1.575;39,1.5;40,0.5; | AR92: 8 | AS92: 30,95,70,65,85,55 | AY92: 2 | BA92: 1 | BB92: 133
A93: 87 | B93: 113039 | C93: 113014 | D93: 新世界罗 | E93: 新世界罗 | G93: 0 | H93: 超人系手术果实能力者，有着“死亡外科医生”的称号。 | I93: 红心海贼团团长。\n为人冷静有城府，富有心计。\n通过操纵心脏进行战斗，攻击方式多样。 | J93: 攻击辅助 | K93: 前排优先 | L93: 手术之果 | M93: 685,686 | N93: 1 | O93: 1 | P93: 3 | Q93: 3 | R93: 9 | S93: 心脏海盗团 | T93: 3 | U93: 8 | V93: 3 | W93: 82 | X93: hero_2d_3039 | Y93: hero_long2d_113039 | Z93: 630039 | AA93: 215005 | AB93: 50 | AC93: 50 | AD93: 50 | AE93: 167 | AF93: 16 | AG93: 376 | AH93: 130 | AI93: 0.016 | AJ93: 0.01 | AK93: 1.02 | AM93: 9,1.57;39,1.5;40,0.5;11,0.012 | AR93: 8 | AS93: 60,90,95,75,85,35 | AW93: 4,5 | AX93: 2 | AY93: 2 | BA93: 3 | BB93: 139
A94: 88 | B94: 113040 | C94: 113040 | D94: 卡塔库栗 | E94: 卡塔库栗 | G94: 0 | H94: 超人系糯糯之果能力者，被誉为夏洛特家族的最高杰作，在家族里深受弟弟妹妹们的爱戴和崇拜。 | I94: 夏洛特家族次子，非常擅长见闻色霸气。\n智勇双全，沉着冷静。\n拥有较强的生存能力，且能造成不俗的伤害。 | J94: 攻守平衡 | K94: 前排优先 | L94: 糯糯之果 | M94: 693,694 | N94: 1 | O94: 1 | P94: 3 | Q94: 3 | R94: 3 | S94: 大妈海盗团 | T94: 3 | U94: 8 | V94: 3 | W94: 83 | X94: hero_2d_3040 | Y94: hero_long2d_113040 | Z94: 630040 | AA94: 215005 | AB94: 50 | AC94: 50 | AD94: 50 | AE94: 201 | AF94: 14 | AG94: 313 | AH94: 120 | AI94: 0.016 | AJ94: 0.01 | AK94: 1.02 | AM94: 9,1.5;39,1.5;40,0.5;11,0.014 | AR94: 8 | AS94: 65,50,90,90,85,80 | AY94: 2 | BA94: 3 | BB94: 142
A95: 89 | B95: 113041 | C95: 113041 | D95: 凯撒 | E95: 凯撒 | G95: 0 | H95: 原海军本部科学部队科学家，因进行各种惨无人道的实验而被科学部队驱逐并通缉。 | I95: PH部队的首领，瓦斯之果能力者。\n性格自负，思想太过偏激。\n可造成大量毒气伤害。 | J95: 元素输出 | K95: 前排优先 | L95: 瓦斯之果 | M95: 702,699 | N95: 1 | O95: 1 | P95: 2 | Q95: 2 | R95: 8 | S95: 世界政府 | T95: 3 | U95: 8 | V95: 3 | W95: 90 | X95: hero_2d_3041 | Y95: hero_long2d_113041 | Z95: 630041 | AA95: 215005 | AB95: 50 | AC95: 50 | AD95: 50 | AE95: 201 | AF95: 14 | AG95: 313 | AH95: 120 | AI95: 0.018 | AK95: 1.016 | AM95: 9,1.57;39,1.5;40,0.5;11,0.012 | AR95: 8 | AS95: 75,40,85,80,85,65 | AY95: 2 | BA95: 4 | BB95: 145
A96: 90 | B96: 113042 | C96: 113042 | D96: 萨波 | E96: 萨波 | G96: 0 | H96: 首次出海时遭到天龙人的袭击后，留在革命军中成长，后吃下烧烧之果，继承了兄弟艾斯的意志。 | I96: 革命军参谋总长，二把手。\n路飞和艾斯的结拜兄弟，性格温和。\n继承了艾斯的意志，可使用火焰攻击。 | J96: 攻守平衡 | K96: 前排优先 | L96: 燃烧之果 | M96: 709,710 | N96: 1 | O96: 1 | P96: 2 | Q96: 2 | R96: 3 | S96: 革命军 | T96: 3 | U96: 8 | V96: 3 | W96: 84 | X96: hero_2d_3042 | Y96: hero_long2d_113042 | Z96: 630042 | AA96: 215005 | AB96: 50 | AC96: 50 | AD96: 50 | AE96: 183 | AF96: 15 | AG96: 350 | AH96: 130 | AI96: 0.016 | AJ96: 0.01 | AK96: 1.02 | AM96: 9,1.5;39,1.5;40,0.5;11,0.014 | AN96: sabo_0023 | AO96: sabo_006 | AR96: 8 | AS96: 80,40,80,90,80,90 | BA96: 4 | BB96: 143
A97: 91 | B97: 113043 | C97: 113043 | D97: 藤虎 | E97: 藤虎 | G97: 0 | H97: 原为无人知晓的民间高手，两年间通过“世界征兵”破格提升为海军大将。 | I97: 新海军三大将之一。\n实力强大，贯彻内心的正义。\n可造成恐怖的范围伤害。 | J97: 控制爆发 | K97: 前排优先 | L97: 重重之果 | M97: 717,718 | N97: 1 | O97: 1 | P97: 3 | Q97: 3 | R97: 2 | S97: 海军 | T97: 3 | U97: 8 | V97: 3 | W97: 85 | X97: hero_2d_3043 | Y97: hero_long2d_113043 | Z97: 630043 | AA97: 215005 | AB97: 50 | AC97: 50 | AD97: 50 | AE97: 197 | AF97: 15 | AG97: 318 | AH97: 129 | AJ97: 0.02 | AK97: 1.01 | AL97: 0.01 | AM97: 9,1.5;39,1.5;40,0.5;10,0.0211 | AR97: 8 | AS97: 95,95,95,95,95,95 | BA97: 2 | BB97: 140
A98: 92 | B98: 113044 | C98: 113044 | D98: 夏洛特·玲玲 | E98: 夏洛特·玲玲 | G98: 1 | H98: BIGMOM海贼团的船长，实力强如怪物，被称为“天生破坏者”。 | I98: 新世界的“四皇”之一。\n身材高大，体型肥胖，极度的嗜吃甜食。\n进攻和防守能力都很恐怖。 | J98: 攻守平衡 | K98: 前排优先 | L98: 魂魂之果 | M98: 735,731 | N98: 1 | O98: 1 | P98: 3 | Q98: 3 | R98: 3 | S98: 大妈海盗团 | T98: 3 | U98: 8 | V98: 3 | W98: 87 | X98: hero_2d_3044 | Y98: hero_long2d_113044 | Z98: 630044 | AA98: 215005 | AB98: 50 | AC98: 50 | AD98: 50 | AE98: 140 | AF98: 18 | AG98: 412 | AH98: 105 | AJ98: 0.02 | AK98: 1.01 | AL98: 0.01 | AM98: 9,1.5;39,1.5;40,0.5;10,0.0211 | AN98: CV_BMCZ_victory1,CV_BMCZ_victory2 | AO98: CV_BMCZ_ready | AR98: 8 | AS98: 95,95,95,95,95,95 | AW98: 7 | BA98: 3 | BB98: 144
A99: 93 | B99: 113045 | C99: 113045 | D99: 苏打饼 | E99: 苏打饼 | G99: 0 | H99: BIGMOM海贼团“甜点三将星”之一，饼干果实能力者，被称为“饼干骑士”。 | I99: 夏洛特家族第十子，饼干大臣。\n最高干部三将星之一，实力非常强大。\n可召唤饼干士兵帮助战斗。 | J99: 攻守平衡 | K99: 前排优先 | L99: 饼干之果 | M99: 739,744 | N99: 1 | O99: 1 | P99: 3 | Q99: 3 | R99: 3 | S99: 大妈海盗团 | T99: 3 | U99: 8 | V99: 3 | W99: 88 | X99: hero_2d_3045 | Y99: hero_long2d_113045 | Z99: 630045 | AA99: 215005 | AB99: 50 | AC99: 50 | AD99: 50 | AE99: 179 | AF99: 13 | AG99: 392 | AH99: 109 | AI99: 0.016 | AJ99: 0.01 | AK99: 1.02 | AM99: 9,1.5;39,1.5;40,0.5;11,0.014 | AR99: 8 | AS99: 60,80,50,80,95,70 | BA99: 3 | BB99: 146
A100: 94 | B100: 113046 | C100: 113046 | D100: 奶昔 | E100: 奶昔 | G100: 1 | H100: 四皇“BIGMOM”夏洛特·玲玲的第14个女儿，托特兰王国的果汁大臣。 | I100: 夏洛特家族第14女，“甜点三将星”之一。\n出手冷酷，责任心强。\n能够榨出敌方体内的水分。 | J100: 持续输出 | K100: 前排优先 | L100: 榨榨之果 | M100: 751,752 | N100: 1 | O100: 1 | P100: 3 | Q100: 3 | R100: 3 | S100: 大妈海盗团 | T100: 3 | U100: 8 | V100: 3 | W100: 89 | X100: hero_2d_3047 | Y100: hero_long2d_113046 | Z100: 630046 | AA100: 215005 | AB100: 50 | AC100: 50 | AD100: 50 | AE100: 169 | AF100: 12 | AG100: 428 | AH100: 125 | AJ100: 0.02 | AK100: 1.01 | AL100: 0.01 | AM100: 9,1.5;39,1.5;40,0.5;10,0.0211 | AR100: 8 | AS100: 75,90,40,80,90,70 | BA100: 3 | BB100: 148
...
