Workbook

Sheet Sheet1
A1: 7 | B1: 1 | C1: 9999 | D1: 20
A2: id | B2: 图片 | C2: 奖励 | D2: 消耗 | E2: 奖励首次 | F2: 归属哪条航线（最外围入口） | G2: 归属第几个据点 | H2: 星级条件 | I2: 怪群 | J2: 战斗地图 | K2: 标题 | L2: 限制等级 | M2: 关卡说明
A3: id | B3: image | C3: reward | D3: cost | E3: rewardFirst | F3: bigChapter | G3: midChapter | H3: starCondition | K3: title | M3: explain
A4: int | B4: string | C4: string | D4: string | E4: string | F4: int | G4: int | H4: string | K4: string | M4: string
A5: primary | B5: none | C5: none | D5: none | E5: none | F5: none | G5: none | H5: none | K5: none | M5: none
A6: id | C6: reward | D6: cost | E6: rewardFirst | F6: bigChapter | G6: midChapter | H6: starCondition | I6: enemyGroupId | J6: fightMapId | L6: limitPlayerLev
A7: 10101 | B7: zhounianqingdian_tenghu | C7: 1001,555532,2 | D7: 2001,0,10 | E7: 1001,555532,10 | F7: 1 | G7: 1 | H7: =VLOOKUP(A7,Sheet2!$R:$T,3,FALSE) -> 1,4;2,3;46,3-1 | I7: 3011000 | J7: 1 | K7: 第1-1关 | L7: 25
A8: 10102 | B8: zhounianqingdian_tenghu | C8: 1001,555532,2 | D8: 2001,0,10 | E8: 1001,555532,10 | F8: 1 | G8: 1 | H8: =VLOOKUP(A8,Sheet2!$R:$T,3,FALSE) -> 1,4;2,3;46,3-1 | I8: 3011001 | J8: 1 | K8: 第1-2关 | L8: 25
A9: 10103 | B9: zhounianqingdian_tenghu | C9: 1001,555532,2 | D9: 2001,0,10 | E9: 1001,555532,10 | F9: 1 | G9: 1 | H9: =VLOOKUP(A9,Sheet2!$R:$T,3,FALSE) -> 1,4;2,3;46,3-1 | I9: 3011002 | J9: 1 | K9: 第1-3关 | L9: 25
A10: 10104 | B10: zhounianqingdian_tenghu | C10: 1001,555532,2 | D10: 2001,0,10 | E10: 1001,555532,10 | F10: 1 | G10: 1 | H10: =VLOOKUP(A10,Sheet2!$R:$T,3,FALSE) -> 1,4;2,3;46,3-1 | I10: 3011003 | J10: 1 | K10: 第1-4关 | L10: 25
A11: 10105 | B11: zhounianqingdian_tenghu | C11: 1001,555532,2 | D11: 2001,0,10 | E11: 1001,555532,10 | F11: 1 | G11: 1 | H11: =VLOOKUP(A11,Sheet2!$R:$T,3,FALSE) -> 1,4;2,3;46,3-1 | I11: 3011004 | J11: 1 | K11: 第1-5关 | L11: 25
A12: 10106 | B12: zhounianqingdian_tenghu | C12: 1001,555532,3 | D12: 2001,0,10 | E12: 1001,555532,10 | F12: 1 | G12: 1 | H12: =VLOOKUP(A12,Sheet2!$R:$T,3,FALSE) -> 1,4;2,4;46,3-2 | I12: 3011005 | J12: 1 | K12: 第1-6关 | L12: 25
A13: 10107 | B13: zhounianqingdian_tenghu | C13: 1001,555532,3 | D13: 2001,0,10 | E13: 1001,555532,10 | F13: 1 | G13: 1 | H13: =VLOOKUP(A13,Sheet2!$R:$T,3,FALSE) -> 1,4;2,4;46,3-2 | I13: 3011006 | J13: 1 | K13: 第1-7关 | L13: 25
A14: 10108 | B14: zhounianqingdian_tenghu | C14: 1001,555532,3 | D14: 2001,0,10 | E14: 1001,555532,10 | F14: 1 | G14: 1 | H14: =VLOOKUP(A14,Sheet2!$R:$T,3,FALSE) -> 1,4;2,4;46,3-2 | I14: 3011007 | J14: 1 | K14: 第1-8关 | L14: 25
A15: 10109 | B15: zhounianqingdian_tenghu | C15: 1001,555532,3 | D15: 2001,0,10 | E15: 1001,555532,10 | F15: 1 | G15: 1 | H15: =VLOOKUP(A15,Sheet2!$R:$T,3,FALSE) -> 1,4;2,4;46,3-2 | I15: 3011008 | J15: 1 | K15: 第1-9关 | L15: 25
A16: 10110 | B16: zhounianqingdian_tenghu | C16: 1001,555532,3 | D16: 2001,0,10 | E16: 1001,555532,10 | F16: 1 | G16: 1 | H16: =VLOOKUP(A16,Sheet2!$R:$T,3,FALSE) -> 1,4;2,4;46,3-2 | I16: 3011009 | J16: 1 | K16: 第1-10关 | L16: 25
A17: 10201 | B17: zhounianqingdian_tenghu | C17: 1001,555541,5 | E17: 1001,555532,10 | F17: 1 | G17: 2 | K17: 第2-1关
A18: 10301 | B18: zhounianqingdian_tenghu | C18: 1001,555532,4 | D18: 2001,0,10 | E18: 1001,555532,20 | F18: 1 | G18: 3 | H18: =VLOOKUP(A18,Sheet2!$R:$T,3,FALSE) -> 1,4;2,4;46,3-2 | I18: 3011010 | J18: 1 | K18: 第3-1关 | L18: 30
A19: 10302 | B19: zhounianqingdian_tenghu | C19: 1001,555532,4 | D19: 2001,0,10 | E19: 1001,555532,20 | F19: 1 | G19: 3 | H19: =VLOOKUP(A19,Sheet2!$R:$T,3,FALSE) -> 1,4;2,4;46,3-2 | I19: 3011011 | J19: 1 | K19: 第3-2关 | L19: 30
A20: 10303 | B20: zhounianqingdian_tenghu | C20: 1001,555532,4 | D20: 2001,0,10 | E20: 1001,555532,20 | F20: 1 | G20: 3 | H20: =VLOOKUP(A20,Sheet2!$R:$T,3,FALSE) -> 1,4;2,4;46,3-2 | I20: 3011012 | J20: 1 | K20: 第3-3关 | L20: 30
A21: 10304 | B21: zhounianqingdian_tenghu | C21: 1001,555532,4 | D21: 2001,0,10 | E21: 1001,555532,20 | F21: 1 | G21: 3 | H21: =VLOOKUP(A21,Sheet2!$R:$T,3,FALSE) -> 1,4;2,4;46,3-2 | I21: 3011013 | J21: 1 | K21: 第3-4关 | L21: 30
A22: 10305 | B22: zhounianqingdian_tenghu | C22: 1001,555532,4 | D22: 2001,0,10 | E22: 1001,555532,20 | F22: 1 | G22: 3 | H22: =VLOOKUP(A22,Sheet2!$R:$T,3,FALSE) -> 1,4;2,4;46,3-2 | I22: 3011014 | J22: 1 | K22: 第3-5关 | L22: 30
A23: 10306 | B23: zhounianqingdian_tenghu | C23: 1001,555532,4 | D23: 2001,0,10 | E23: 1001,555532,20 | F23: 1 | G23: 3 | H23: =VLOOKUP(A23,Sheet2!$R:$T,3,FALSE) -> 1,4;2,4;46,3-2 | I23: 3011015 | J23: 1 | K23: 第3-6关 | L23: 35
A24: 10307 | B24: zhounianqingdian_tenghu | C24: 1001,555532,5 | D24: 2001,0,10 | E24: 1001,555532,20 | F24: 1 | G24: 3 | H24: =VLOOKUP(A24,Sheet2!$R:$T,3,FALSE) -> 1,4;2,4;46,3-2 | I24: 3011016 | J24: 1 | K24: 第3-7关 | L24: 35
A25: 10308 | B25: zhounianqingdian_tenghu | C25: 1001,555532,5 | D25: 2001,0,10 | E25: 1001,555532,20 | F25: 1 | G25: 3 | H25: =VLOOKUP(A25,Sheet2!$R:$T,3,FALSE) -> 1,4;2,4;46,3-2 | I25: 3011017 | J25: 1 | K25: 第3-8关 | L25: 35
A26: 10309 | B26: zhounianqingdian_tenghu | C26: 1001,555532,5 | D26: 2001,0,10 | E26: 1001,555532,20 | F26: 1 | G26: 3 | H26: =VLOOKUP(A26,Sheet2!$R:$T,3,FALSE) -> 1,4;2,4;46,3-2 | I26: 3011018 | J26: 1 | K26: 第3-9关 | L26: 35
A27: 10310 | B27: zhounianqingdian_tenghu | C27: 1001,555532,5 | D27: 2001,0,10 | E27: 1001,555532,20 | F27: 1 | G27: 3 | H27: =VLOOKUP(A27,Sheet2!$R:$T,3,FALSE) -> 1,4;2,4;46,3-2 | I27: 3011019 | J27: 1 | K27: 第3-10关 | L27: 35
A28: 11501 | B28: zhounianqingdian_tenghu | C28: 1001,555533,2 | D28: 2001,0,10 | E28: 1001,555533,10 | F28: 1 | G28: 15 | K28: 第15-1关 | L28: 40
A29: 10401 | B29: zhounianqingdian_tenghu | C29: 1001,555533,2 | D29: 2001,0,10 | E29: 1001,555533,10 | F29: 1 | G29: 4 | H29: =VLOOKUP(A29,Sheet2!$R:$T,3,FALSE) -> 1,3;2,4;46,3-2 | I29: 3011020 | J29: 1 | K29: 第4-1关 | L29: 40
A30: 10402 | B30: zhounianqingdian_tenghu | C30: 1001,555533,2 | D30: 2001,0,10 | E30: 1001,555533,10 | F30: 1 | G30: 4 | H30: =VLOOKUP(A30,Sheet2!$R:$T,3,FALSE) -> 1,3;2,4;46,3-2 | I30: 3011021 | J30: 1 | K30: 第4-2关 | L30: 40
A31: 10403 | B31: zhounianqingdian_tenghu | C31: 1001,555533,2 | D31: 2001,0,10 | E31: 1001,555533,10 | F31: 1 | G31: 4 | H31: =VLOOKUP(A31,Sheet2!$R:$T,3,FALSE) -> 1,3;2,4;46,3-2 | I31: 3011022 | J31: 1 | K31: 第4-3关 | L31: 40
A32: 10404 | B32: zhounianqingdian_tenghu | C32: 1001,555533,3 | D32: 2001,0,10 | E32: 1001,555533,10 | F32: 1 | G32: 4 | H32: =VLOOKUP(A32,Sheet2!$R:$T,3,FALSE) -> 1,3;2,4;46,3-2 | I32: 3011023 | J32: 1 | K32: 第4-4关 | L32: 40
A33: 10405 | B33: zhounianqingdian_tenghu | C33: 1001,555533,3 | D33: 2001,0,10 | E33: 1001,555533,15 | F33: 1 | G33: 4 | H33: =VLOOKUP(A33,Sheet2!$R:$T,3,FALSE) -> 1,3;2,4;46,3-2 | I33: 3011024 | J33: 1 | K33: 第4-5关 | L33: 40
A34: 10406 | B34: zhounianqingdian_tenghu | C34: 1001,555533,3 | D34: 2001,0,10 | E34: 1001,555533,15 | F34: 1 | G34: 4 | H34: =VLOOKUP(A34,Sheet2!$R:$T,3,FALSE) -> 1,3;2,4;46,3-2 | I34: 3011025 | J34: 1 | K34: 第4-6关 | L34: 40
A35: 10407 | B35: zhounianqingdian_tenghu | C35: 1001,555533,3 | D35: 2001,0,10 | E35: 1001,555533,15 | F35: 1 | G35: 4 | H35: =VLOOKUP(A35,Sheet2!$R:$T,3,FALSE) -> 1,3;2,4;46,3-2 | I35: 3011026 | J35: 1 | K35: 第4-7关 | L35: 40
A36: 10408 | B36: zhounianqingdian_tenghu | C36: 1001,555533,4 | D36: 2001,0,10 | E36: 1001,555533,15 | F36: 1 | G36: 4 | H36: =VLOOKUP(A36,Sheet2!$R:$T,3,FALSE) -> 1,3;2,4;46,3-2 | I36: 3011027 | J36: 1 | K36: 第4-8关 | L36: 40
A37: 10409 | B37: zhounianqingdian_tenghu | C37: 1001,555533,4 | D37: 2001,0,10 | E37: 1001,555533,15 | F37: 1 | G37: 4 | H37: =VLOOKUP(A37,Sheet2!$R:$T,3,FALSE) -> 1,3;2,4;46,3-2 | I37: 3011028 | J37: 1 | K37: 第4-9关 | L37: 40
A38: 10410 | B38: zhounianqingdian_tenghu | C38: 1001,555542,10 | D38: 2001,0,10 | E38: 1001,555533,10 | F38: 1 | G38: 4 | H38: =VLOOKUP(A38,Sheet2!$R:$T,3,FALSE) -> 1,3;2,4;46,3-2 | I38: 3011029 | J38: 1 | K38: 第4-10关 | L38: 40
A39: 10501 | B39: zhounianqingdian_tenghu | C39: 1001,215001,10 | E39: 1001,215011,1 | F39: 1 | G39: 5 | K39: 第5-1关
A40: 10601 | B40: zhounianqingdian_tenghu | C40: 1001,555533,4 | D40: 2001,0,10 | E40: 1001,555533,20 | F40: 1 | G40: 6 | H40: =VLOOKUP(A40,Sheet2!$R:$T,3,FALSE) -> 1,3;2,4;46,3-2 | I40: 3011030 | J40: 1 | K40: 第6-1关 | L40: 45
A41: 10602 | B41: zhounianqingdian_tenghu | C41: 1001,555533,4 | D41: 2001,0,10 | E41: 1001,555533,20 | F41: 1 | G41: 6 | H41: =VLOOKUP(A41,Sheet2!$R:$T,3,FALSE) -> 1,3;2,4;46,3-2 | I41: 3011031 | J41: 1 | K41: 第6-2关 | L41: 45
A42: 10603 | B42: zhounianqingdian_tenghu | C42: 1001,555533,5 | D42: 2001,0,10 | E42: 1001,555533,20 | F42: 1 | G42: 6 | H42: =VLOOKUP(A42,Sheet2!$R:$T,3,FALSE) -> 1,3;2,4;46,3-2 | I42: 3011032 | J42: 1 | K42: 第6-3关 | L42: 45
A43: 10604 | B43: zhounianqingdian_tenghu | C43: 1001,555533,5 | D43: 2001,0,10 | E43: 1001,555533,20 | F43: 1 | G43: 6 | H43: =VLOOKUP(A43,Sheet2!$R:$T,3,FALSE) -> 1,3;2,4;46,3-2 | I43: 3011033 | J43: 1 | K43: 第6-4关 | L43: 45
A44: 10605 | B44: zhounianqingdian_tenghu | C44: 1001,555533,5 | D44: 2001,0,10 | E44: 1001,555533,20 | F44: 1 | G44: 6 | H44: =VLOOKUP(A44,Sheet2!$R:$T,3,FALSE) -> 1,3;2,4;46,3-2 | I44: 3011034 | J44: 1 | K44: 第6-5关 | L44: 45
A45: 10606 | B45: zhounianqingdian_tenghu | C45: 1001,555534,2 | D45: 2001,0,10 | E45: 1001,555534,10 | F45: 1 | G45: 6 | H45: =VLOOKUP(A45,Sheet2!$R:$T,3,FALSE) -> 1,3;2,4;46,3-2 | I45: 3011035 | J45: 1 | K45: 第6-6关 | L45: 50
A46: 10607 | B46: zhounianqingdian_tenghu | C46: 1001,555534,2 | D46: 2001,0,10 | E46: 1001,555534,10 | F46: 1 | G46: 6 | H46: =VLOOKUP(A46,Sheet2!$R:$T,3,FALSE) -> 1,3;2,4;46,3-2 | I46: 3011036 | J46: 1 | K46: 第6-7关 | L46: 50
A47: 10608 | B47: zhounianqingdian_tenghu | C47: 1001,555534,2 | D47: 2001,0,10 | E47: 1001,555534,10 | F47: 1 | G47: 6 | H47: =VLOOKUP(A47,Sheet2!$R:$T,3,FALSE) -> 1,3;2,4;46,3-2 | I47: 3011037 | J47: 1 | K47: 第6-8关 | L47: 50
A48: 10609 | B48: zhounianqingdian_tenghu | C48: 1001,555534,2 | D48: 2001,0,10 | E48: 1001,555534,10 | F48: 1 | G48: 6 | H48: =VLOOKUP(A48,Sheet2!$R:$T,3,FALSE) -> 1,3;2,4;46,3-2 | I48: 3011038 | J48: 1 | K48: 第6-9关 | L48: 50
A49: 10610 | B49: zhounianqingdian_tenghu | C49: 1001,555534,2 | D49: 2001,0,10 | E49: 1001,555534,10 | F49: 1 | G49: 6 | H49: =VLOOKUP(A49,Sheet2!$R:$T,3,FALSE) -> 1,3;2,4;46,3-2 | I49: 3011039 | J49: 1 | K49: 第6-10关 | L49: 50
A50: 10701 | B50: zhounianqingdian_tenghu | C50: 1001,555543,5 | E50: 1001,555534,10 | F50: 1 | G50: 7 | K50: 第7-1关
A51: 10801 | B51: zhounianqingdian_tenghu | C51: 1001,555534,3 | D51: 2001,0,10 | E51: 1001,555534,15 | F51: 1 | G51: 8 | H51: =VLOOKUP(A51,Sheet2!$R:$T,3,FALSE) -> 1,2;2,5;46,3-2 | I51: 3011040 | J51: 1 | K51: 第8-1关 | L51: 50
A52: 10802 | B52: zhounianqingdian_tenghu | C52: 1001,555534,3 | D52: 2001,0,10 | E52: 1001,555534,15 | F52: 1 | G52: 8 | H52: =VLOOKUP(A52,Sheet2!$R:$T,3,FALSE) -> 1,2;2,5;46,3-2 | I52: 3011041 | J52: 1 | K52: 第8-2关 | L52: 50
A53: 10803 | B53: zhounianqingdian_tenghu | C53: 1001,555534,3 | D53: 2001,0,10 | E53: 1001,555534,15 | F53: 1 | G53: 8 | H53: =VLOOKUP(A53,Sheet2!$R:$T,3,FALSE) -> 1,2;2,5;46,3-2 | I53: 3011042 | J53: 1 | K53: 第8-3关 | L53: 50
A54: 10804 | B54: zhounianqingdian_tenghu | C54: 1001,555534,3 | D54: 2001,0,10 | E54: 1001,555534,15 | F54: 1 | G54: 8 | H54: =VLOOKUP(A54,Sheet2!$R:$T,3,FALSE) -> 1,2;2,5;46,3-2 | I54: 3011043 | J54: 1 | K54: 第8-4关 | L54: 50
A55: 10805 | B55: zhounianqingdian_tenghu | C55: 1001,555534,4 | D55: 2001,0,10 | E55: 1001,555534,15 | F55: 1 | G55: 8 | H55: =VLOOKUP(A55,Sheet2!$R:$T,3,FALSE) -> 1,2;2,5;46,3-3 | I55: 3011044 | J55: 1 | K55: 第8-5关 | L55: 50
A56: 10806 | B56: zhounianqingdian_tenghu | C56: 1001,555534,4 | D56: 2001,0,10 | E56: 1001,555534,20 | F56: 1 | G56: 8 | H56: =VLOOKUP(A56,Sheet2!$R:$T,3,FALSE) -> 1,2;2,5;46,3-3 | I56: 3011045 | J56: 1 | K56: 第8-6关
A57: 10807 | B57: zhounianqingdian_tenghu | C57: 1001,555534,4 | D57: 2001,0,10 | E57: 1001,555534,20 | F57: 1 | G57: 8 | H57: =VLOOKUP(A57,Sheet2!$R:$T,3,FALSE) -> 1,2;2,5;46,3-3 | I57: 3011046 | J57: 1 | K57: 第8-7关
A58: 10808 | B58: zhounianqingdian_tenghu | C58: 1001,555534,4 | D58: 2001,0,10 | E58: 1001,555534,20 | F58: 1 | G58: 8 | H58: =VLOOKUP(A58,Sheet2!$R:$T,3,FALSE) -> 1,2;2,5;46,3-3 | I58: 3011047 | J58: 1 | K58: 第8-8关
A59: 10809 | B59: zhounianqingdian_tenghu | C59: 1001,555534,5 | D59: 2001,0,10 | E59: 1001,555534,20 | F59: 1 | G59: 8 | H59: =VLOOKUP(A59,Sheet2!$R:$T,3,FALSE) -> 1,2;2,5;46,3-3 | I59: 3011048 | J59: 1 | K59: 第8-9关
A60: 10810 | B60: zhounianqingdian_tenghu | C60: 1001,555534,5 | D60: 2001,0,10 | E60: 1001,555534,20 | F60: 1 | G60: 8 | H60: =VLOOKUP(A60,Sheet2!$R:$T,3,FALSE) -> 1,2;2,5;46,3-3 | I60: 3011049 | J60: 1 | K60: 第8-10关
A61: 11601 | B61: zhounianqingdian_tenghu | C61: 1001,215001,10 | E61: 1001,215011,1 | F61: 1 | G61: 16 | K61: 第16-1关
A62: 10901 | B62: zhounianqingdian_tenghu | C62: 1001,555535,2 | D62: 2001,0,10 | E62: 1001,555535,10 | F62: 1 | G62: 9 | H62: =VLOOKUP(A62,Sheet2!$R:$T,3,FALSE) -> 1,2;2,5;46,3-3 | I62: 3011050 | J62: 1 | K62: 第9-1关
A63: 10902 | B63: zhounianqingdian_tenghu | C63: 1001,555535,2 | D63: 2001,0,10 | E63: 1001,555535,10 | F63: 1 | G63: 9 | H63: =VLOOKUP(A63,Sheet2!$R:$T,3,FALSE) -> 1,2;2,5;46,3-3 | I63: 3011051 | J63: 1 | K63: 第9-2关
A64: 10903 | B64: zhounianqingdian_tenghu | C64: 1001,555535,2 | D64: 2001,0,10 | E64: 1001,555535,10 | F64: 1 | G64: 9 | H64: =VLOOKUP(A64,Sheet2!$R:$T,3,FALSE) -> 1,2;2,5;46,3-3 | I64: 3011052 | J64: 1 | K64: 第9-3关
A65: 10904 | B65: zhounianqingdian_tenghu | C65: 1001,555535,2 | D65: 2001,0,10 | E65: 1001,555535,10 | F65: 1 | G65: 9 | H65: =VLOOKUP(A65,Sheet2!$R:$T,3,FALSE) -> 1,2;2,5;46,3-3 | I65: 3011053 | J65: 1 | K65: 第9-4关
A66: 10905 | B66: zhounianqingdian_tenghu | C66: 1001,555535,2 | D66: 2001,0,10 | E66: 1001,555535,10 | F66: 1 | G66: 9 | H66: =VLOOKUP(A66,Sheet2!$R:$T,3,FALSE) -> 1,2;2,5;46,3-3 | I66: 3011054 | J66: 1 | K66: 第9-5关
A67: 10906 | B67: zhounianqingdian_tenghu | C67: 1001,555535,2 | D67: 2001,0,10 | E67: 1001,555535,10 | F67: 1 | G67: 9 | H67: =VLOOKUP(A67,Sheet2!$R:$T,3,FALSE) -> 1,2;2,5;46,3-3 | I67: 3011055 | J67: 1 | K67: 第9-6关
A68: 10907 | B68: zhounianqingdian_tenghu | C68: 1001,555535,3 | D68: 2001,0,10 | E68: 1001,555535,10 | F68: 1 | G68: 9 | H68: =VLOOKUP(A68,Sheet2!$R:$T,3,FALSE) -> 1,2;2,5;46,3-3 | I68: 3011056 | J68: 1 | K68: 第9-7关
A69: 10908 | B69: zhounianqingdian_tenghu | C69: 1001,555535,3 | D69: 2001,0,10 | E69: 1001,555535,10 | F69: 1 | G69: 9 | H69: =VLOOKUP(A69,Sheet2!$R:$T,3,FALSE) -> 1,2;2,5;46,3-3 | I69: 3011057 | J69: 1 | K69: 第9-8关
A70: 10909 | B70: zhounianqingdian_tenghu | C70: 1001,555535,3 | D70: 2001,0,10 | E70: 1001,555535,10 | F70: 1 | G70: 9 | H70: =VLOOKUP(A70,Sheet2!$R:$T,3,FALSE) -> 1,2;2,5;46,3-3 | I70: 3011058 | J70: 1 | K70: 第9-9关
A71: 10910 | B71: zhounianqingdian_tenghu | C71: 1001,555535,3 | D71: 2001,0,10 | E71: 1001,555535,10 | F71: 1 | G71: 9 | H71: =VLOOKUP(A71,Sheet2!$R:$T,3,FALSE) -> 1,2;2,5;46,3-3 | I71: 3011059 | J71: 1 | K71: 第9-10关
A72: 11001 | B72: zhounianqingdian_tenghu | C72: 1001,555544,10 | E72: 1001,555535,10 | F72: 1 | G72: 10 | K72: 第10-1关
A73: 11101 | B73: zhounianqingdian_tenghu | C73: 1001,555535,3 | D73: 2001,0,10 | E73: 1001,555535,10 | F73: 1 | G73: 11 | H73: =VLOOKUP(A73,Sheet2!$R:$T,3,FALSE) -> 1,2;2,5;46,3-3 | I73: 3011060 | J73: 1 | K73: 第11-1关
A74: 11102 | B74: zhounianqingdian_tenghu | C74: 1001,555535,3 | D74: 2001,0,10 | E74: 1001,555535,10 | F74: 1 | G74: 11 | H74: =VLOOKUP(A74,Sheet2!$R:$T,3,FALSE) -> 1,2;2,5;46,3-3 | I74: 3011061 | J74: 1 | K74: 第11-2关
A75: 11103 | B75: zhounianqingdian_tenghu | C75: 1001,555535,3 | D75: 2001,0,10 | E75: 1001,555535,10 | F75: 1 | G75: 11 | H75: =VLOOKUP(A75,Sheet2!$R:$T,3,FALSE) -> 1,2;2,5;46,3-3 | I75: 3011062 | J75: 1 | K75: 第11-3关
A76: 11104 | B76: zhounianqingdian_tenghu | C76: 1001,555535,3 | D76: 2001,0,10 | E76: 1001,555535,10 | F76: 1 | G76: 11 | H76: =VLOOKUP(A76,Sheet2!$R:$T,3,FALSE) -> 1,2;2,5;46,3-3 | I76: 3011063 | J76: 1 | K76: 第11-4关
A77: 11105 | B77: zhounianqingdian_tenghu | C77: 1001,555535,4 | D77: 2001,0,10 | E77: 1001,555535,10 | F77: 1 | G77: 11 | H77: =VLOOKUP(A77,Sheet2!$R:$T,3,FALSE) -> 1,2;2,5;46,3-3 | I77: 3011064 | J77: 1 | K77: 第11-5关
A78: 11106 | B78: zhounianqingdian_tenghu | C78: 1001,555535,4 | D78: 2001,0,10 | E78: 1001,555535,10 | F78: 1 | G78: 11 | H78: =VLOOKUP(A78,Sheet2!$R:$T,3,FALSE) -> 1,2;2,5;46,3-3 | I78: 3011065 | J78: 1 | K78: 第11-6关
A79: 11107 | B79: zhounianqingdian_tenghu | C79: 1001,555535,4 | D79: 2001,0,10 | E79: 1001,555535,10 | F79: 1 | G79: 11 | H79: =VLOOKUP(A79,Sheet2!$R:$T,3,FALSE) -> 1,2;2,5;46,3-3 | I79: 3011066 | J79: 1 | K79: 第11-7关
A80: 11108 | B80: zhounianqingdian_tenghu | C80: 1001,555535,4 | D80: 2001,0,10 | E80: 1001,555535,10 | F80: 1 | G80: 11 | H80: =VLOOKUP(A80,Sheet2!$R:$T,3,FALSE) -> 1,2;2,5;46,3-3 | I80: 3011067 | J80: 1 | K80: 第11-8关
A81: 11109 | B81: zhounianqingdian_tenghu | C81: 1001,555535,4 | D81: 2001,0,10 | E81: 1001,555535,10 | F81: 1 | G81: 11 | H81: =VLOOKUP(A81,Sheet2!$R:$T,3,FALSE) -> 1,2;2,5;46,3-3 | I81: 3011068 | J81: 1 | K81: 第11-9关
A82: 11110 | B82: zhounianqingdian_tenghu | C82: 1001,555535,4 | D82: 2001,0,10 | E82: 1001,555535,10 | F82: 1 | G82: 11 | H82: =VLOOKUP(A82,Sheet2!$R:$T,3,FALSE) -> 1,2;2,5;46,3-3 | I82: 3011069 | J82: 1 | K82: 第11-10关
A83: 11201 | B83: zhounianqingdian_tenghu | C83: 1001,555544,10 | E83: 1001,555535,10 | F83: 1 | G83: 12 | K83: 第12-1关
A84: 11301 | B84: zhounianqingdian_tenghu | C84: 1001,210121,5 | E84: 1001,215001,10 | F84: 1 | G84: 13 | K84: 第13-1关
A85: 11401 | B85: zhounianqingdian_tenghu | C85: 1001,555535,4 | D85: 2001,0,10 | E85: 1001,555535,10 | F85: 1 | G85: 14 | H85: =VLOOKUP(A85,Sheet2!$R:$T,3,FALSE) -> 1,2;2,5;46,3-3 | I85: 3011070 | J85: 1 | K85: 第14-1关
A86: 11402 | B86: zhounianqingdian_tenghu | C86: 1001,555535,4 | D86: 2001,0,10 | E86: 1001,555535,10 | F86: 1 | G86: 14 | H86: =VLOOKUP(A86,Sheet2!$R:$T,3,FALSE) -> 1,2;2,5;46,3-3 | I86: 3011071 | J86: 1 | K86: 第14-2关
A87: 11403 | B87: zhounianqingdian_tenghu | C87: 1001,555535,4 | D87: 2001,0,10 | E87: 1001,555535,10 | F87: 1 | G87: 14 | H87: =VLOOKUP(A87,Sheet2!$R:$T,3,FALSE) -> 1,2;2,5;46,3-3 | I87: 3011072 | J87: 1 | K87: 第14-3关
A88: 11404 | B88: zhounianqingdian_tenghu | C88: 1001,555535,5 | D88: 2001,0,10 | E88: 1001,555535,10 | F88: 1 | G88: 14 | H88: =VLOOKUP(A88,Sheet2!$R:$T,3,FALSE) -> 1,2;2,5;46,3-3 | I88: 3011073 | J88: 1 | K88: 第14-4关
A89: 11405 | B89: zhounianqingdian_tenghu | C89: 1001,555535,5 | D89: 2001,0,10 | E89: 1001,555535,10 | F89: 1 | G89: 14 | H89: =VLOOKUP(A89,Sheet2!$R:$T,3,FALSE) -> 1,2;2,5;46,3-3 | I89: 3011074 | J89: 1 | K89: 第14-5关
A90: 11406 | B90: zhounianqingdian_tenghu | C90: 1001,555535,5 | D90: 2001,0,10 | E90: 1001,555535,10 | F90: 1 | G90: 14 | H90: =VLOOKUP(A90,Sheet2!$R:$T,3,FALSE) -> 1,2;2,5;46,3-3 | I90: 3011075 | J90: 1 | K90: 第14-6关
A91: 11407 | B91: zhounianqingdian_tenghu | C91: 1001,555535,5 | D91: 2001,0,10 | E91: 1001,555535,10 | F91: 1 | G91: 14 | H91: =VLOOKUP(A91,Sheet2!$R:$T,3,FALSE) -> 1,2;2,5;46,3-3 | I91: 3011076 | J91: 1 | K91: 第14-7关
A92: 11408 | B92: zhounianqingdian_tenghu | C92: 1001,555535,5 | D92: 2001,0,10 | E92: 1001,555535,10 | F92: 1 | G92: 14 | H92: =VLOOKUP(A92,Sheet2!$R:$T,3,FALSE) -> 1,2;2,5;46,3-3 | I92: 3011077 | J92: 1 | K92: 第14-8关
A93: 11409 | B93: zhounianqingdian_tenghu | C93: 1001,555535,5 | D93: 2001,0,10 | E93: 1001,555535,10 | F93: 1 | G93: 14 | H93: =VLOOKUP(A93,Sheet2!$R:$T,3,FALSE) -> 1,2;2,5;46,3-3 | I93: 3011078 | J93: 1 | K93: 第14-9关
A94: 11410 | B94: zhounianqingdian_tenghu | C94: 1001,555535,5 | D94: 2001,0,10 | E94: 1001,555535,10 | F94: 1 | G94: 14 | H94: =VLOOKUP(A94,Sheet2!$R:$T,3,FALSE) -> 1,2;2,5;46,3-3 | I94: 3011079 | J94: 1 | K94: 第14-10关
A95: 20101 | B95: zhounianqingdian_tenghu | C95: 1001,555522,2 | D95: 2001,0,10 | E95: 1001,555522,10 | F95: 2 | G95: 1 | H95: =VLOOKUP(A95,Sheet2!$U:$W,3,FALSE) -> 1,4;2,3;46,2-1 | I95: 3011080 | J95: 1 | K95: 第1-1关 | L95: 25
A96: 20102 | B96: zhounianqingdian_tenghu | C96: 1001,555522,2 | D96: 2001,0,10 | E96: 1001,555522,10 | F96: 2 | G96: 1 | H96: =VLOOKUP(A96,Sheet2!$U:$W,3,FALSE) -> 1,4;2,3;46,2-1 | I96: 3011081 | J96: 1 | K96: 第1-2关 | L96: 25
A97: 20103 | B97: zhounianqingdian_tenghu | C97: 1001,555522,2 | D97: 2001,0,10 | E97: 1001,555522,10 | F97: 2 | G97: 1 | H97: =VLOOKUP(A97,Sheet2!$U:$W,3,FALSE) -> 1,4;2,3;46,2-1 | I97: 3011082 | J97: 1 | K97: 第1-3关 | L97: 25
A98: 20104 | B98: zhounianqingdian_tenghu | C98: 1001,555522,2 | D98: 2001,0,10 | E98: 1001,555522,10 | F98: 2 | G98: 1 | H98: =VLOOKUP(A98,Sheet2!$U:$W,3,FALSE) -> 1,4;2,3;46,2-1 | I98: 3011083 | J98: 1 | K98: 第1-4关 | L98: 25
A99: 20105 | B99: zhounianqingdian_tenghu | C99: 1001,555522,2 | D99: 2001,0,10 | E99: 1001,555522,10 | F99: 2 | G99: 1 | H99: =VLOOKUP(A99,Sheet2!$U:$W,3,FALSE) -> 1,4;2,3;46,2-1 | I99: 3011084 | J99: 1 | K99: 第1-5关 | L99: 25
A100: 20106 | B100: zhounianqingdian_tenghu | C100: 1001,555522,3 | D100: 2001,0,10 | E100: 1001,555522,10 | F100: 2 | G100: 1 | H100: =VLOOKUP(A100,Sheet2!$U:$W,3,FALSE) -> 1,4;2,4;46,2-2 | I100: 3011085 | J100: 1 | K100: 第1-6关 | L100: 25
...

Sheet Sheet2
B2: 星级获得参考
B3: 1 | C3: {0}回合内通关 | D3: n几回合通关 | E3: 1,4
B4: 2 | C4: 剩余角色大于{0}人 | D4: 剩余角色大于n人 | E4: 2,1
B5: 22 | C5: 上阵{0}角色不少于{1}个 | D5: 上阵角色中的 男性/女性 角色不少于N个
B6: 46 | C6: {0}角色上阵最少{1}个 | D6: 指定X类型卡牌上阵最少Y个 | E6: 46,type-count
C8: 4回合 | E8: 4回合 | G8: 3回合 | I8: 3回合 | K8: 2回合 | M8: 2回合 | O8: 2回合 | Q8: 2回合
C9: 允许死2个，6关开始死1个 | E9: 允许死1个 | G9: 允许死1个 | I9: 允许死1个 | K9: 不允许死 | M9: 不允许死 | O9: 不允许死 | Q9: 不允许死
C10: 前5对应系上1个，6关开始上2个 | E10: 对应系上2个 | G10: 对应系上2个 | I10: 对应系上2个 | K10: 前4对应系上2个，5关开始上3个 | M10: 对应系上3个 | O10: 对应系上3个 | Q10: 对应系上3个
C11: 1组关 | E11: 2组关 | G11: 3组关 | I11: 4组关 | K11: 5组关 | M11: 6组关 | O11: 7组关 | Q11: 8组关
B12: 1 | C12: 1,4;2,3;46,3-1 | D12: 1 | E12: 1,4;2,4;46,3-2 | F12: 1 | G12: 1,3;2,4;46,3-2 | H12: 1 | I12: 1,3;2,4;46,3-2 | J12: 1 | K12: 1,2;2,5;46,3-2 | L12: 1 | M12: 1,2;2,5;46,3-3 | N12: 1 | O12: 1,2;2,5;46,3-3 | P12: 1 | Q12: 1,2;2,5;46,3-3 | R12: 10101 | S12: =B12 -> 1 | T12: =C12 -> 1,4;2,3;46,3-1 | U12: 20101 | V12: =B24 -> 1 | W12: =C24 -> 1,4;2,3;46,2-1 | X12: 30101 | Y12: =OFFSET(B36,(ROW($1:$1)-1)*10,0) -> 1 | Z12: =OFFSET(C36,(ROW($1:$1)-1)*10,0) -> 1,4;2,3;46,1-1 | AA12: 40101 | AB12: =OFFSET(B48,(ROW($1:$1)-1)*10,0) -> 1 | AC12: =OFFSET(C48,(ROW($1:$1)-1)*10,0) -> 1,4;2,3;46,0-1
B13: 2 | C13: 1,4;2,3;46,3-1 | D13: 2 | E13: 1,4;2,4;46,3-2 | F13: 2 | G13: 1,3;2,4;46,3-2 | H13: 2 | I13: 1,3;2,4;46,3-2 | J13: 2 | K13: 1,2;2,5;46,3-2 | L13: 2 | M13: 1,2;2,5;46,3-3 | N13: 2 | O13: 1,2;2,5;46,3-3 | P13: 2 | Q13: 1,2;2,5;46,3-3 | R13: 10102 | S13: =B13 -> 2 | T13: =C13 -> 1,4;2,3;46,3-1 | U13: 20102 | V13: =B25 -> 2 | W13: =C25 -> 1,4;2,3;46,2-1 | X13: 30102 | Y13: =OFFSET(B37,(ROW($1:$1)-1)*10,0) -> 2 | Z13: =OFFSET(C37,(ROW($1:$1)-1)*10,0) -> 1,4;2,3;46,1-1 | AA13: 40102 | AB13: =OFFSET(B49,(ROW($1:$1)-1)*10,0) -> 2 | AC13: =OFFSET(C49,(ROW($1:$1)-1)*10,0) -> 1,4;2,3;46,0-1
B14: 3 | C14: 1,4;2,3;46,3-1 | D14: 3 | E14: 1,4;2,4;46,3-2 | F14: 3 | G14: 1,3;2,4;46,3-2 | H14: 3 | I14: 1,3;2,4;46,3-2 | J14: 3 | K14: 1,2;2,5;46,3-2 | L14: 3 | M14: 1,2;2,5;46,3-3 | N14: 3 | O14: 1,2;2,5;46,3-3 | P14: 3 | Q14: 1,2;2,5;46,3-3 | R14: 10103 | S14: =B14 -> 3 | T14: =C14 -> 1,4;2,3;46,3-1 | U14: 20103 | V14: =B26 -> 3 | W14: =C26 -> 1,4;2,3;46,2-1 | X14: 30103 | Y14: =OFFSET(B38,(ROW($1:$1)-1)*10,0) -> 3 | Z14: =OFFSET(C38,(ROW($1:$1)-1)*10,0) -> 1,4;2,3;46,1-1 | AA14: 40103 | AB14: =OFFSET(B50,(ROW($1:$1)-1)*10,0) -> 3 | AC14: =OFFSET(C50,(ROW($1:$1)-1)*10,0) -> 1,4;2,3;46,0-1
B15: 4 | C15: 1,4;2,3;46,3-1 | D15: 4 | E15: 1,4;2,4;46,3-2 | F15: 4 | G15: 1,3;2,4;46,3-2 | H15: 4 | I15: 1,3;2,4;46,3-2 | J15: 4 | K15: 1,2;2,5;46,3-2 | L15: 4 | M15: 1,2;2,5;46,3-3 | N15: 4 | O15: 1,2;2,5;46,3-3 | P15: 4 | Q15: 1,2;2,5;46,3-3 | R15: 10104 | S15: =B15 -> 4 | T15: =C15 -> 1,4;2,3;46,3-1 | U15: 20104 | V15: =B27 -> 4 | W15: =C27 -> 1,4;2,3;46,2-1 | X15: 30104 | Y15: =OFFSET(B39,(ROW($1:$1)-1)*10,0) -> 4 | Z15: =OFFSET(C39,(ROW($1:$1)-1)*10,0) -> 1,4;2,3;46,1-1 | AA15: 40104 | AB15: =OFFSET(B51,(ROW($1:$1)-1)*10,0) -> 4 | AC15: =OFFSET(C51,(ROW($1:$1)-1)*10,0) -> 1,4;2,3;46,0-1
B16: 5 | C16: 1,4;2,3;46,3-1 | D16: 5 | E16: 1,4;2,4;46,3-2 | F16: 5 | G16: 1,3;2,4;46,3-2 | H16: 5 | I16: 1,3;2,4;46,3-2 | J16: 5 | K16: 1,2;2,5;46,3-3 | L16: 5 | M16: 1,2;2,5;46,3-3 | N16: 5 | O16: 1,2;2,5;46,3-3 | P16: 5 | Q16: 1,2;2,5;46,3-3 | R16: 10105 | S16: =B16 -> 5 | T16: =C16 -> 1,4;2,3;46,3-1 | U16: 20105 | V16: =B28 -> 5 | W16: =C28 -> 1,4;2,3;46,2-1 | X16: 30105 | Y16: =OFFSET(B40,(ROW($1:$1)-1)*10,0) -> 5 | Z16: =OFFSET(C40,(ROW($1:$1)-1)*10,0) -> 1,4;2,3;46,1-1 | AA16: 40105 | AB16: =OFFSET(B52,(ROW($1:$1)-1)*10,0) -> 5 | AC16: =OFFSET(C52,(ROW($1:$1)-1)*10,0) -> 1,4;2,3;46,0-1
B17: 6 | C17: 1,4;2,4;46,3-2 | D17: 6 | E17: 1,4;2,4;46,3-2 | F17: 6 | G17: 1,3;2,4;46,3-2 | H17: 6 | I17: 1,3;2,4;46,3-2 | J17: 6 | K17: 1,2;2,5;46,3-3 | L17: 6 | M17: 1,2;2,5;46,3-3 | N17: 6 | O17: 1,2;2,5;46,3-3 | P17: 6 | Q17: 1,2;2,5;46,3-3 | R17: 10106 | S17: =B17 -> 6 | T17: =C17 -> 1,4;2,4;46,3-2 | U17: 20106 | V17: =B29 -> 6 | W17: =C29 -> 1,4;2,4;46,2-2 | X17: 30106 | Y17: =OFFSET(B41,(ROW($1:$1)-1)*10,0) -> 6 | Z17: =OFFSET(C41,(ROW($1:$1)-1)*10,0) -> 1,4;2,4;46,1-2 | AA17: 40106 | AB17: =OFFSET(B53,(ROW($1:$1)-1)*10,0) -> 6 | AC17: =OFFSET(C53,(ROW($1:$1)-1)*10,0) -> 1,4;2,4;46,0-2
B18: 7 | C18: 1,4;2,4;46,3-2 | D18: 7 | E18: 1,4;2,4;46,3-2 | F18: 7 | G18: 1,3;2,4;46,3-2 | H18: 7 | I18: 1,3;2,4;46,3-2 | J18: 7 | K18: 1,2;2,5;46,3-3 | L18: 7 | M18: 1,2;2,5;46,3-3 | N18: 7 | O18: 1,2;2,5;46,3-3 | P18: 7 | Q18: 1,2;2,5;46,3-3 | R18: 10107 | S18: =B18 -> 7 | T18: =C18 -> 1,4;2,4;46,3-2 | U18: 20107 | V18: =B30 -> 7 | W18: =C30 -> 1,4;2,4;46,2-2 | X18: 30107 | Y18: =OFFSET(B42,(ROW($1:$1)-1)*10,0) -> 7 | Z18: =OFFSET(C42,(ROW($1:$1)-1)*10,0) -> 1,4;2,4;46,1-2 | AA18: 40107 | AB18: =OFFSET(B54,(ROW($1:$1)-1)*10,0) -> 7 | AC18: =OFFSET(C54,(ROW($1:$1)-1)*10,0) -> 1,4;2,4;46,0-2
B19: 8 | C19: 1,4;2,4;46,3-2 | D19: 8 | E19: 1,4;2,4;46,3-2 | F19: 8 | G19: 1,3;2,4;46,3-2 | H19: 8 | I19: 1,3;2,4;46,3-2 | J19: 8 | K19: 1,2;2,5;46,3-3 | L19: 8 | M19: 1,2;2,5;46,3-3 | N19: 8 | O19: 1,2;2,5;46,3-3 | P19: 8 | Q19: 1,2;2,5;46,3-3 | R19: 10108 | S19: =B19 -> 8 | T19: =C19 -> 1,4;2,4;46,3-2 | U19: 20108 | V19: =B31 -> 8 | W19: =C31 -> 1,4;2,4;46,2-2 | X19: 30108 | Y19: =OFFSET(B43,(ROW($1:$1)-1)*10,0) -> 8 | Z19: =OFFSET(C43,(ROW($1:$1)-1)*10,0) -> 1,4;2,4;46,1-2 | AA19: 40108 | AB19: =OFFSET(B55,(ROW($1:$1)-1)*10,0) -> 8 | AC19: =OFFSET(C55,(ROW($1:$1)-1)*10,0) -> 1,4;2,4;46,0-2
B20: 9 | C20: 1,4;2,4;46,3-2 | D20: 9 | E20: 1,4;2,4;46,3-2 | F20: 9 | G20: 1,3;2,4;46,3-2 | H20: 9 | I20: 1,3;2,4;46,3-2 | J20: 9 | K20: 1,2;2,5;46,3-3 | L20: 9 | M20: 1,2;2,5;46,3-3 | N20: 9 | O20: 1,2;2,5;46,3-3 | P20: 9 | Q20: 1,2;2,5;46,3-3 | R20: 10109 | S20: =B20 -> 9 | T20: =C20 -> 1,4;2,4;46,3-2 | U20: 20109 | V20: =B32 -> 9 | W20: =C32 -> 1,4;2,4;46,2-2 | X20: 30109 | Y20: =OFFSET(B44,(ROW($1:$1)-1)*10,0) -> 9 | Z20: =OFFSET(C44,(ROW($1:$1)-1)*10,0) -> 1,4;2,4;46,1-2 | AA20: 40109 | AB20: =OFFSET(B56,(ROW($1:$1)-1)*10,0) -> 9 | AC20: =OFFSET(C56,(ROW($1:$1)-1)*10,0) -> 1,4;2,4;46,0-2
B21: 10 | C21: 1,4;2,4;46,3-2 | D21: 10 | E21: 1,4;2,4;46,3-2 | F21: 10 | G21: 1,3;2,4;46,3-2 | H21: 10 | I21: 1,3;2,4;46,3-2 | J21: 10 | K21: 1,2;2,5;46,3-3 | L21: 10 | M21: 1,2;2,5;46,3-3 | N21: 10 | O21: 1,2;2,5;46,3-3 | P21: 10 | Q21: 1,2;2,5;46,3-3 | R21: 10110 | S21: =B21 -> 10 | T21: =C21 -> 1,4;2,4;46,3-2 | U21: 20110 | V21: =B33 -> 10 | W21: =C33 -> 1,4;2,4;46,2-2 | X21: 30110 | Y21: =OFFSET(B45,(ROW($1:$1)-1)*10,0) -> 10 | Z21: =OFFSET(C45,(ROW($1:$1)-1)*10,0) -> 1,4;2,4;46,1-2 | AA21: 40110 | AB21: =OFFSET(B57,(ROW($1:$1)-1)*10,0) -> 10 | AC21: =OFFSET(C57,(ROW($1:$1)-1)*10,0) -> 1,4;2,4;46,0-2
R22: 10201 | U22: 20201 | X22: 30201 | AA22: 40201
R23: 10301 | S23: =OFFSET(D12,(ROW($1:$1)-1)*10,0) -> 1 | T23: =OFFSET(E12,(ROW($1:$1)-1)*10,0) -> 1,4;2,4;46,3-2 | U23: 20301 | V23: =OFFSET(D24,(ROW($1:$1)-1)*10,0) -> 1 | W23: =OFFSET(E24,(ROW($1:$1)-1)*10,0) -> 1,4;2,4;46,2-2 | X23: 30301 | Y23: =OFFSET(D36,(ROW($1:$1)-1)*10,0) -> 1 | Z23: =OFFSET(E36,(ROW($1:$1)-1)*10,0) -> 1,4;2,4;46,1-2 | AA23: 40301 | AB23: =OFFSET(D48,(ROW($1:$1)-1)*10,0) -> 1 | AC23: =OFFSET(E48,(ROW($1:$1)-1)*10,0) -> 1,4;2,4;46,0-2
B24: =B12 -> 1 | C24: =REPLACE(C12,12,1,"2") -> 1,4;2,3;46,2-1 | D24: =D12 -> 1 | E24: =REPLACE(E12,12,1,"2") -> 1,4;2,4;46,2-2 | F24: =F12 -> 1 | G24: =REPLACE(G12,12,1,"2") -> 1,3;2,4;46,2-2 | H24: =H12 -> 1 | I24: =REPLACE(I12,12,1,"2") -> 1,3;2,4;46,2-2 | J24: =J12 -> 1 | K24: =REPLACE(K12,12,1,"2") -> 1,2;2,5;46,2-2 | L24: =L12 -> 1 | M24: =REPLACE(M12,12,1,"2") -> 1,2;2,5;46,2-3 | N24: =N12 -> 1 | O24: =REPLACE(O12,12,1,"2") -> 1,2;2,5;46,2-3 | P24: =P12 -> 1 | Q24: =REPLACE(Q12,12,1,"2") -> 1,2;2,5;46,2-3 | R24: 10302 | S24: =OFFSET(D13,(ROW($1:$1)-1)*10,0) -> 2 | T24: =OFFSET(E13,(ROW($1:$1)-1)*10,0) -> 1,4;2,4;46,3-2 | U24: 20302 | V24: =OFFSET(D25,(ROW($1:$1)-1)*10,0) -> 2 | W24: =OFFSET(E25,(ROW($1:$1)-1)*10,0) -> 1,4;2,4;46,2-2 | X24: 30302 | Y24: =OFFSET(D37,(ROW($1:$1)-1)*10,0) -> 2 | Z24: =OFFSET(E37,(ROW($1:$1)-1)*10,0) -> 1,4;2,4;46,1-2 | AA24: 40302 | AB24: =OFFSET(D49,(ROW($1:$1)-1)*10,0) -> 2 | AC24: =OFFSET(E49,(ROW($1:$1)-1)*10,0) -> 1,4;2,4;46,0-2
B25: =B13 -> 2 | C25: =REPLACE(C13,12,1,"2") -> 1,4;2,3;46,2-1 | D25: =D13 -> 2 | E25: =REPLACE(E13,12,1,"2") -> 1,4;2,4;46,2-2 | F25: =F13 -> 2 | G25: =REPLACE(G13,12,1,"2") -> 1,3;2,4;46,2-2 | H25: =H13 -> 2 | I25: =REPLACE(I13,12,1,"2") -> 1,3;2,4;46,2-2 | J25: =J13 -> 2 | K25: =REPLACE(K13,12,1,"2") -> 1,2;2,5;46,2-2 | L25: =L13 -> 2 | M25: =REPLACE(M13,12,1,"2") -> 1,2;2,5;46,2-3 | N25: =N13 -> 2 | O25: =REPLACE(O13,12,1,"2") -> 1,2;2,5;46,2-3 | P25: =P13 -> 2 | Q25: =REPLACE(Q13,12,1,"2") -> 1,2;2,5;46,2-3 | R25: 10303 | S25: =OFFSET(D14,(ROW($1:$1)-1)*10,0) -> 3 | T25: =OFFSET(E14,(ROW($1:$1)-1)*10,0) -> 1,4;2,4;46,3-2 | U25: 20303 | V25: =OFFSET(D26,(ROW($1:$1)-1)*10,0) -> 3 | W25: =OFFSET(E26,(ROW($1:$1)-1)*10,0) -> 1,4;2,4;46,2-2 | X25: 30303 | Y25: =OFFSET(D38,(ROW($1:$1)-1)*10,0) -> 3 | Z25: =OFFSET(E38,(ROW($1:$1)-1)*10,0) -> 1,4;2,4;46,1-2 | AA25: 40303 | AB25: =OFFSET(D50,(ROW($1:$1)-1)*10,0) -> 3 | AC25: =OFFSET(E50,(ROW($1:$1)-1)*10,0) -> 1,4;2,4;46,0-2
B26: =B14 -> 3 | C26: =REPLACE(C14,12,1,"2") -> 1,4;2,3;46,2-1 | D26: =D14 -> 3 | E26: =REPLACE(E14,12,1,"2") -> 1,4;2,4;46,2-2 | F26: =F14 -> 3 | G26: =REPLACE(G14,12,1,"2") -> 1,3;2,4;46,2-2 | H26: =H14 -> 3 | I26: =REPLACE(I14,12,1,"2") -> 1,3;2,4;46,2-2 | J26: =J14 -> 3 | K26: =REPLACE(K14,12,1,"2") -> 1,2;2,5;46,2-2 | L26: =L14 -> 3 | M26: =REPLACE(M14,12,1,"2") -> 1,2;2,5;46,2-3 | N26: =N14 -> 3 | O26: =REPLACE(O14,12,1,"2") -> 1,2;2,5;46,2-3 | P26: =P14 -> 3 | Q26: =REPLACE(Q14,12,1,"2") -> 1,2;2,5;46,2-3 | R26: 10304 | S26: =OFFSET(D15,(ROW($1:$1)-1)*10,0) -> 4 | T26: =OFFSET(E15,(ROW($1:$1)-1)*10,0) -> 1,4;2,4;46,3-2 | U26: 20304 | V26: =OFFSET(D27,(ROW($1:$1)-1)*10,0) -> 4 | W26: =OFFSET(E27,(ROW($1:$1)-1)*10,0) -> 1,4;2,4;46,2-2 | X26: 30304 | Y26: =OFFSET(D39,(ROW($1:$1)-1)*10,0) -> 4 | Z26: =OFFSET(E39,(ROW($1:$1)-1)*10,0) -> 1,4;2,4;46,1-2 | AA26: 40304 | AB26: =OFFSET(D51,(ROW($1:$1)-1)*10,0) -> 4 | AC26: =OFFSET(E51,(ROW($1:$1)-1)*10,0) -> 1,4;2,4;46,0-2
B27: =B15 -> 4 | C27: =REPLACE(C15,12,1,"2") -> 1,4;2,3;46,2-1 | D27: =D15 -> 4 | E27: =REPLACE(E15,12,1,"2") -> 1,4;2,4;46,2-2 | F27: =F15 -> 4 | G27: =REPLACE(G15,12,1,"2") -> 1,3;2,4;46,2-2 | H27: =H15 -> 4 | I27: =REPLACE(I15,12,1,"2") -> 1,3;2,4;46,2-2 | J27: =J15 -> 4 | K27: =REPLACE(K15,12,1,"2") -> 1,2;2,5;46,2-2 | L27: =L15 -> 4 | M27: =REPLACE(M15,12,1,"2") -> 1,2;2,5;46,2-3 | N27: =N15 -> 4 | O27: =REPLACE(O15,12,1,"2") -> 1,2;2,5;46,2-3 | P27: =P15 -> 4 | Q27: =REPLACE(Q15,12,1,"2") -> 1,2;2,5;46,2-3 | R27: 10305 | S27: =OFFSET(D16,(ROW($1:$1)-1)*10,0) -> 5 | T27: =OFFSET(E16,(ROW($1:$1)-1)*10,0) -> 1,4;2,4;46,3-2 | U27: 20305 | V27: =OFFSET(D28,(ROW($1:$1)-1)*10,0) -> 5 | W27: =OFFSET(E28,(ROW($1:$1)-1)*10,0) -> 1,4;2,4;46,2-2 | X27: 30305 | Y27: =OFFSET(D40,(ROW($1:$1)-1)*10,0) -> 5 | Z27: =OFFSET(E40,(ROW($1:$1)-1)*10,0) -> 1,4;2,4;46,1-2 | AA27: 40305 | AB27: =OFFSET(D52,(ROW($1:$1)-1)*10,0) -> 5 | AC27: =OFFSET(E52,(ROW($1:$1)-1)*10,0) -> 1,4;2,4;46,0-2
B28: =B16 -> 5 | C28: =REPLACE(C16,12,1,"2") -> 1,4;2,3;46,2-1 | D28: =D16 -> 5 | E28: =REPLACE(E16,12,1,"2") -> 1,4;2,4;46,2-2 | F28: =F16 -> 5 | G28: =REPLACE(G16,12,1,"2") -> 1,3;2,4;46,2-2 | H28: =H16 -> 5 | I28: =REPLACE(I16,12,1,"2") -> 1,3;2,4;46,2-2 | J28: =J16 -> 5 | K28: =REPLACE(K16,12,1,"2") -> 1,2;2,5;46,2-3 | L28: =L16 -> 5 | M28: =REPLACE(M16,12,1,"2") -> 1,2;2,5;46,2-3 | N28: =N16 -> 5 | O28: =REPLACE(O16,12,1,"2") -> 1,2;2,5;46,2-3 | P28: =P16 -> 5 | Q28: =REPLACE(Q16,12,1,"2") -> 1,2;2,5;46,2-3 | R28: 10306 | S28: =OFFSET(D17,(ROW($1:$1)-1)*10,0) -> 6 | T28: =OFFSET(E17,(ROW($1:$1)-1)*10,0) -> 1,4;2,4;46,3-2 | U28: 20306 | V28: =OFFSET(D29,(ROW($1:$1)-1)*10,0) -> 6 | W28: =OFFSET(E29,(ROW($1:$1)-1)*10,0) -> 1,4;2,4;46,2-2 | X28: 30306 | Y28: =OFFSET(D41,(ROW($1:$1)-1)*10,0) -> 6 | Z28: =OFFSET(E41,(ROW($1:$1)-1)*10,0) -> 1,4;2,4;46,1-2 | AA28: 40306 | AB28: =OFFSET(D53,(ROW($1:$1)-1)*10,0) -> 6 | AC28: =OFFSET(E53,(ROW($1:$1)-1)*10,0) -> 1,4;2,4;46,0-2
B29: =B17 -> 6 | C29: =REPLACE(C17,12,1,"2") -> 1,4;2,4;46,2-2 | D29: =D17 -> 6 | E29: =REPLACE(E17,12,1,"2") -> 1,4;2,4;46,2-2 | F29: =F17 -> 6 | G29: =REPLACE(G17,12,1,"2") -> 1,3;2,4;46,2-2 | H29: =H17 -> 6 | I29: =REPLACE(I17,12,1,"2") -> 1,3;2,4;46,2-2 | J29: =J17 -> 6 | K29: =REPLACE(K17,12,1,"2") -> 1,2;2,5;46,2-3 | L29: =L17 -> 6 | M29: =REPLACE(M17,12,1,"2") -> 1,2;2,5;46,2-3 | N29: =N17 -> 6 | O29: =REPLACE(O17,12,1,"2") -> 1,2;2,5;46,2-3 | P29: =P17 -> 6 | Q29: =REPLACE(Q17,12,1,"2") -> 1,2;2,5;46,2-3 | R29: 10307 | S29: =OFFSET(D18,(ROW($1:$1)-1)*10,0) -> 7 | T29: =OFFSET(E18,(ROW($1:$1)-1)*10,0) -> 1,4;2,4;46,3-2 | U29: 20307 | V29: =OFFSET(D30,(ROW($1:$1)-1)*10,0) -> 7 | W29: =OFFSET(E30,(ROW($1:$1)-1)*10,0) -> 1,4;2,4;46,2-2 | X29: 30307 | Y29: =OFFSET(D42,(ROW($1:$1)-1)*10,0) -> 7 | Z29: =OFFSET(E42,(ROW($1:$1)-1)*10,0) -> 1,4;2,4;46,1-2 | AA29: 40307 | AB29: =OFFSET(D54,(ROW($1:$1)-1)*10,0) -> 7 | AC29: =OFFSET(E54,(ROW($1:$1)-1)*10,0) -> 1,4;2,4;46,0-2
B30: =B18 -> 7 | C30: =REPLACE(C18,12,1,"2") -> 1,4;2,4;46,2-2 | D30: =D18 -> 7 | E30: =REPLACE(E18,12,1,"2") -> 1,4;2,4;46,2-2 | F30: =F18 -> 7 | G30: =REPLACE(G18,12,1,"2") -> 1,3;2,4;46,2-2 | H30: =H18 -> 7 | I30: =REPLACE(I18,12,1,"2") -> 1,3;2,4;46,2-2 | J30: =J18 -> 7 | K30: =REPLACE(K18,12,1,"2") -> 1,2;2,5;46,2-3 | L30: =L18 -> 7 | M30: =REPLACE(M18,12,1,"2") -> 1,2;2,5;46,2-3 | N30: =N18 -> 7 | O30: =REPLACE(O18,12,1,"2") -> 1,2;2,5;46,2-3 | P30: =P18 -> 7 | Q30: =REPLACE(Q18,12,1,"2") -> 1,2;2,5;46,2-3 | R30: 10308 | S30: =OFFSET(D19,(ROW($1:$1)-1)*10,0) -> 8 | T30: =OFFSET(E19,(ROW($1:$1)-1)*10,0) -> 1,4;2,4;46,3-2 | U30: 20308 | V30: =OFFSET(D31,(ROW($1:$1)-1)*10,0) -> 8 | W30: =OFFSET(E31,(ROW($1:$1)-1)*10,0) -> 1,4;2,4;46,2-2 | X30: 30308 | Y30: =OFFSET(D43,(ROW($1:$1)-1)*10,0) -> 8 | Z30: =OFFSET(E43,(ROW($1:$1)-1)*10,0) -> 1,4;2,4;46,1-2 | AA30: 40308 | AB30: =OFFSET(D55,(ROW($1:$1)-1)*10,0) -> 8 | AC30: =OFFSET(E55,(ROW($1:$1)-1)*10,0) -> 1,4;2,4;46,0-2
B31: =B19 -> 8 | C31: =REPLACE(C19,12,1,"2") -> 1,4;2,4;46,2-2 | D31: =D19 -> 8 | E31: =REPLACE(E19,12,1,"2") -> 1,4;2,4;46,2-2 | F31: =F19 -> 8 | G31: =REPLACE(G19,12,1,"2") -> 1,3;2,4;46,2-2 | H31: =H19 -> 8 | I31: =REPLACE(I19,12,1,"2") -> 1,3;2,4;46,2-2 | J31: =J19 -> 8 | K31: =REPLACE(K19,12,1,"2") -> 1,2;2,5;46,2-3 | L31: =L19 -> 8 | M31: =REPLACE(M19,12,1,"2") -> 1,2;2,5;46,2-3 | N31: =N19 -> 8 | O31: =REPLACE(O19,12,1,"2") -> 1,2;2,5;46,2-3 | P31: =P19 -> 8 | Q31: =REPLACE(Q19,12,1,"2") -> 1,2;2,5;46,2-3 | R31: 10309 | S31: =OFFSET(D20,(ROW($1:$1)-1)*10,0) -> 9 | T31: =OFFSET(E20,(ROW($1:$1)-1)*10,0) -> 1,4;2,4;46,3-2 | U31: 20309 | V31: =OFFSET(D32,(ROW($1:$1)-1)*10,0) -> 9 | W31: =OFFSET(E32,(ROW($1:$1)-1)*10,0) -> 1,4;2,4;46,2-2 | X31: 30309 | Y31: =OFFSET(D44,(ROW($1:$1)-1)*10,0) -> 9 | Z31: =OFFSET(E44,(ROW($1:$1)-1)*10,0) -> 1,4;2,4;46,1-2 | AA31: 40309 | AB31: =OFFSET(D56,(ROW($1:$1)-1)*10,0) -> 9 | AC31: =OFFSET(E56,(ROW($1:$1)-1)*10,0) -> 1,4;2,4;46,0-2
B32: =B20 -> 9 | C32: =REPLACE(C20,12,1,"2") -> 1,4;2,4;46,2-2 | D32: =D20 -> 9 | E32: =REPLACE(E20,12,1,"2") -> 1,4;2,4;46,2-2 | F32: =F20 -> 9 | G32: =REPLACE(G20,12,1,"2") -> 1,3;2,4;46,2-2 | H32: =H20 -> 9 | I32: =REPLACE(I20,12,1,"2") -> 1,3;2,4;46,2-2 | J32: =J20 -> 9 | K32: =REPLACE(K20,12,1,"2") -> 1,2;2,5;46,2-3 | L32: =L20 -> 9 | M32: =REPLACE(M20,12,1,"2") -> 1,2;2,5;46,2-3 | N32: =N20 -> 9 | O32: =REPLACE(O20,12,1,"2") -> 1,2;2,5;46,2-3 | P32: =P20 -> 9 | Q32: =REPLACE(Q20,12,1,"2") -> 1,2;2,5;46,2-3 | R32: 10310 | S32: =OFFSET(D21,(ROW($1:$1)-1)*10,0) -> 10 | T32: =OFFSET(E21,(ROW($1:$1)-1)*10,0) -> 1,4;2,4;46,3-2 | U32: 20310 | V32: =OFFSET(D33,(ROW($1:$1)-1)*10,0) -> 10 | W32: =OFFSET(E33,(ROW($1:$1)-1)*10,0) -> 1,4;2,4;46,2-2 | X32: 30310 | Y32: =OFFSET(D45,(ROW($1:$1)-1)*10,0) -> 10 | Z32: =OFFSET(E45,(ROW($1:$1)-1)*10,0) -> 1,4;2,4;46,1-2 | AA32: 40310 | AB32: =OFFSET(D57,(ROW($1:$1)-1)*10,0) -> 10 | AC32: =OFFSET(E57,(ROW($1:$1)-1)*10,0) -> 1,4;2,4;46,0-2
B33: =B21 -> 10 | C33: =REPLACE(C21,12,1,"2") -> 1,4;2,4;46,2-2 | D33: =D21 -> 10 | E33: =REPLACE(E21,12,1,"2") -> 1,4;2,4;46,2-2 | F33: =F21 -> 10 | G33: =REPLACE(G21,12,1,"2") -> 1,3;2,4;46,2-2 | H33: =H21 -> 10 | I33: =REPLACE(I21,12,1,"2") -> 1,3;2,4;46,2-2 | J33: =J21 -> 10 | K33: =REPLACE(K21,12,1,"2") -> 1,2;2,5;46,2-3 | L33: =L21 -> 10 | M33: =REPLACE(M21,12,1,"2") -> 1,2;2,5;46,2-3 | N33: =N21 -> 10 | O33: =REPLACE(O21,12,1,"2") -> 1,2;2,5;46,2-3 | P33: =P21 -> 10 | Q33: =REPLACE(Q21,12,1,"2") -> 1,2;2,5;46,2-3 | R33: 11501 | U33: 21501 | X33: 31501 | AA33: 41501
R34: 10401 | S34: =OFFSET(F12,(ROW($1:$1)-1)*10,0) -> 1 | T34: =OFFSET(G12,(ROW($1:$1)-1)*10,0) -> 1,3;2,4;46,3-2 | U34: 20401 | V34: =OFFSET(F24,(ROW($1:$1)-1)*10,0) -> 1 | W34: =OFFSET(G24,(ROW($1:$1)-1)*10,0) -> 1,3;2,4;46,2-2 | X34: 30401 | Y34: =OFFSET(F36,(ROW($1:$1)-1)*10,0) -> 1 | Z34: =OFFSET(G36,(ROW($1:$1)-1)*10,0) -> 1,3;2,4;46,1-2 | AA34: 40401 | AB34: =OFFSET(F48,(ROW($1:$1)-1)*10,0) -> 1 | AC34: =OFFSET(G48,(ROW($1:$1)-1)*10,0) -> 1,3;2,4;46,0-2
R35: 10402 | S35: =OFFSET(F13,(ROW($1:$1)-1)*10,0) -> 2 | T35: =OFFSET(G13,(ROW($1:$1)-1)*10,0) -> 1,3;2,4;46,3-2 | U35: 20402 | V35: =OFFSET(F25,(ROW($1:$1)-1)*10,0) -> 2 | W35: =OFFSET(G25,(ROW($1:$1)-1)*10,0) -> 1,3;2,4;46,2-2 | X35: 30402 | Y35: =OFFSET(F37,(ROW($1:$1)-1)*10,0) -> 2 | Z35: =OFFSET(G37,(ROW($1:$1)-1)*10,0) -> 1,3;2,4;46,1-2 | AA35: 40402 | AB35: =OFFSET(F49,(ROW($1:$1)-1)*10,0) -> 2 | AC35: =OFFSET(G49,(ROW($1:$1)-1)*10,0) -> 1,3;2,4;46,0-2
B36: =B24 -> 1 | C36: =REPLACE(C12,12,1,"1") -> 1,4;2,3;46,1-1 | D36: =D12 -> 1 | E36: =REPLACE(E12,12,1,"1") -> 1,4;2,4;46,1-2 | F36: =F12 -> 1 | G36: =REPLACE(G12,12,1,"1") -> 1,3;2,4;46,1-2 | H36: =H12 -> 1 | I36: =REPLACE(I12,12,1,"1") -> 1,3;2,4;46,1-2 | J36: =J12 -> 1 | K36: =REPLACE(K12,12,1,"1") -> 1,2;2,5;46,1-2 | L36: =L12 -> 1 | M36: =REPLACE(M12,12,1,"1") -> 1,2;2,5;46,1-3 | N36: =N12 -> 1 | O36: =REPLACE(O12,12,1,"1") -> 1,2;2,5;46,1-3 | P36: =P12 -> 1 | Q36: =REPLACE(Q12,12,1,"1") -> 1,2;2,5;46,1-3 | R36: 10403 | S36: =OFFSET(F14,(ROW($1:$1)-1)*10,0) -> 3 | T36: =OFFSET(G14,(ROW($1:$1)-1)*10,0) -> 1,3;2,4;46,3-2 | U36: 20403 | V36: =OFFSET(F26,(ROW($1:$1)-1)*10,0) -> 3 | W36: =OFFSET(G26,(ROW($1:$1)-1)*10,0) -> 1,3;2,4;46,2-2 | X36: 30403 | Y36: =OFFSET(F38,(ROW($1:$1)-1)*10,0) -> 3 | Z36: =OFFSET(G38,(ROW($1:$1)-1)*10,0) -> 1,3;2,4;46,1-2 | AA36: 40403 | AB36: =OFFSET(F50,(ROW($1:$1)-1)*10,0) -> 3 | AC36: =OFFSET(G50,(ROW($1:$1)-1)*10,0) -> 1,3;2,4;46,0-2
B37: =B25 -> 2 | C37: =REPLACE(C13,12,1,"1") -> 1,4;2,3;46,1-1 | D37: =D13 -> 2 | E37: =REPLACE(E13,12,1,"1") -> 1,4;2,4;46,1-2 | F37: =F13 -> 2 | G37: =REPLACE(G13,12,1,"1") -> 1,3;2,4;46,1-2 | H37: =H13 -> 2 | I37: =REPLACE(I13,12,1,"1") -> 1,3;2,4;46,1-2 | J37: =J13 -> 2 | K37: =REPLACE(K13,12,1,"1") -> 1,2;2,5;46,1-2 | L37: =L13 -> 2 | M37: =REPLACE(M13,12,1,"1") -> 1,2;2,5;46,1-3 | N37: =N13 -> 2 | O37: =REPLACE(O13,12,1,"1") -> 1,2;2,5;46,1-3 | P37: =P13 -> 2 | Q37: =REPLACE(Q13,12,1,"1") -> 1,2;2,5;46,1-3 | R37: 10404 | S37: =OFFSET(F15,(ROW($1:$1)-1)*10,0) -> 4 | T37: =OFFSET(G15,(ROW($1:$1)-1)*10,0) -> 1,3;2,4;46,3-2 | U37: 20404 | V37: =OFFSET(F27,(ROW($1:$1)-1)*10,0) -> 4 | W37: =OFFSET(G27,(ROW($1:$1)-1)*10,0) -> 1,3;2,4;46,2-2 | X37: 30404 | Y37: =OFFSET(F39,(ROW($1:$1)-1)*10,0) -> 4 | Z37: =OFFSET(G39,(ROW($1:$1)-1)*10,0) -> 1,3;2,4;46,1-2 | AA37: 40404 | AB37: =OFFSET(F51,(ROW($1:$1)-1)*10,0) -> 4 | AC37: =OFFSET(G51,(ROW($1:$1)-1)*10,0) -> 1,3;2,4;46,0-2
B38: =B26 -> 3 | C38: =REPLACE(C14,12,1,"1") -> 1,4;2,3;46,1-1 | D38: =D14 -> 3 | E38: =REPLACE(E14,12,1,"1") -> 1,4;2,4;46,1-2 | F38: =F14 -> 3 | G38: =REPLACE(G14,12,1,"1") -> 1,3;2,4;46,1-2 | H38: =H14 -> 3 | I38: =REPLACE(I14,12,1,"1") -> 1,3;2,4;46,1-2 | J38: =J14 -> 3 | K38: =REPLACE(K14,12,1,"1") -> 1,2;2,5;46,1-2 | L38: =L14 -> 3 | M38: =REPLACE(M14,12,1,"1") -> 1,2;2,5;46,1-3 | N38: =N14 -> 3 | O38: =REPLACE(O14,12,1,"1") -> 1,2;2,5;46,1-3 | P38: =P14 -> 3 | Q38: =REPLACE(Q14,12,1,"1") -> 1,2;2,5;46,1-3 | R38: 10405 | S38: =OFFSET(F16,(ROW($1:$1)-1)*10,0) -> 5 | T38: =OFFSET(G16,(ROW($1:$1)-1)*10,0) -> 1,3;2,4;46,3-2 | U38: 20405 | V38: =OFFSET(F28,(ROW($1:$1)-1)*10,0) -> 5 | W38: =OFFSET(G28,(ROW($1:$1)-1)*10,0) -> 1,3;2,4;46,2-2 | X38: 30405 | Y38: =OFFSET(F40,(ROW($1:$1)-1)*10,0) -> 5 | Z38: =OFFSET(G40,(ROW($1:$1)-1)*10,0) -> 1,3;2,4;46,1-2 | AA38: 40405 | AB38: =OFFSET(F52,(ROW($1:$1)-1)*10,0) -> 5 | AC38: =OFFSET(G52,(ROW($1:$1)-1)*10,0) -> 1,3;2,4;46,0-2
B39: =B27 -> 4 | C39: =REPLACE(C15,12,1,"1") -> 1,4;2,3;46,1-1 | D39: =D15 -> 4 | E39: =REPLACE(E15,12,1,"1") -> 1,4;2,4;46,1-2 | F39: =F15 -> 4 | G39: =REPLACE(G15,12,1,"1") -> 1,3;2,4;46,1-2 | H39: =H15 -> 4 | I39: =REPLACE(I15,12,1,"1") -> 1,3;2,4;46,1-2 | J39: =J15 -> 4 | K39: =REPLACE(K15,12,1,"1") -> 1,2;2,5;46,1-2 | L39: =L15 -> 4 | M39: =REPLACE(M15,12,1,"1") -> 1,2;2,5;46,1-3 | N39: =N15 -> 4 | O39: =REPLACE(O15,12,1,"1") -> 1,2;2,5;46,1-3 | P39: =P15 -> 4 | Q39: =REPLACE(Q15,12,1,"1") -> 1,2;2,5;46,1-3 | R39: 10406 | S39: =OFFSET(F17,(ROW($1:$1)-1)*10,0) -> 6 | T39: =OFFSET(G17,(ROW($1:$1)-1)*10,0) -> 1,3;2,4;46,3-2 | U39: 20406 | V39: =OFFSET(F29,(ROW($1:$1)-1)*10,0) -> 6 | W39: =OFFSET(G29,(ROW($1:$1)-1)*10,0) -> 1,3;2,4;46,2-2 | X39: 30406 | Y39: =OFFSET(F41,(ROW($1:$1)-1)*10,0) -> 6 | Z39: =OFFSET(G41,(ROW($1:$1)-1)*10,0) -> 1,3;2,4;46,1-2 | AA39: 40406 | AB39: =OFFSET(F53,(ROW($1:$1)-1)*10,0) -> 6 | AC39: =OFFSET(G53,(ROW($1:$1)-1)*10,0) -> 1,3;2,4;46,0-2
B40: =B28 -> 5 | C40: =REPLACE(C16,12,1,"1") -> 1,4;2,3;46,1-1 | D40: =D16 -> 5 | E40: =REPLACE(E16,12,1,"1") -> 1,4;2,4;46,1-2 | F40: =F16 -> 5 | G40: =REPLACE(G16,12,1,"1") -> 1,3;2,4;46,1-2 | H40: =H16 -> 5 | I40: =REPLACE(I16,12,1,"1") -> 1,3;2,4;46,1-2 | J40: =J16 -> 5 | K40: =REPLACE(K16,12,1,"1") -> 1,2;2,5;46,1-3 | L40: =L16 -> 5 | M40: =REPLACE(M16,12,1,"1") -> 1,2;2,5;46,1-3 | N40: =N16 -> 5 | O40: =REPLACE(O16,12,1,"1") -> 1,2;2,5;46,1-3 | P40: =P16 -> 5 | Q40: =REPLACE(Q16,12,1,"1") -> 1,2;2,5;46,1-3 | R40: 10407 | S40: =OFFSET(F18,(ROW($1:$1)-1)*10,0) -> 7 | T40: =OFFSET(G18,(ROW($1:$1)-1)*10,0) -> 1,3;2,4;46,3-2 | U40: 20407 | V40: =OFFSET(F30,(ROW($1:$1)-1)*10,0) -> 7 | W40: =OFFSET(G30,(ROW($1:$1)-1)*10,0) -> 1,3;2,4;46,2-2 | X40: 30407 | Y40: =OFFSET(F42,(ROW($1:$1)-1)*10,0) -> 7 | Z40: =OFFSET(G42,(ROW($1:$1)-1)*10,0) -> 1,3;2,4;46,1-2 | AA40: 40407 | AB40: =OFFSET(F54,(ROW($1:$1)-1)*10,0) -> 7 | AC40: =OFFSET(G54,(ROW($1:$1)-1)*10,0) -> 1,3;2,4;46,0-2
B41: =B29 -> 6 | C41: =REPLACE(C17,12,1,"1") -> 1,4;2,4;46,1-2 | D41: =D17 -> 6 | E41: =REPLACE(E17,12,1,"1") -> 1,4;2,4;46,1-2 | F41: =F17 -> 6 | G41: =REPLACE(G17,12,1,"1") -> 1,3;2,4;46,1-2 | H41: =H17 -> 6 | I41: =REPLACE(I17,12,1,"1") -> 1,3;2,4;46,1-2 | J41: =J17 -> 6 | K41: =REPLACE(K17,12,1,"1") -> 1,2;2,5;46,1-3 | L41: =L17 -> 6 | M41: =REPLACE(M17,12,1,"1") -> 1,2;2,5;46,1-3 | N41: =N17 -> 6 | O41: =REPLACE(O17,12,1,"1") -> 1,2;2,5;46,1-3 | P41: =P17 -> 6 | Q41: =REPLACE(Q17,12,1,"1") -> 1,2;2,5;46,1-3 | R41: 10408 | S41: =OFFSET(F19,(ROW($1:$1)-1)*10,0) -> 8 | T41: =OFFSET(G19,(ROW($1:$1)-1)*10,0) -> 1,3;2,4;46,3-2 | U41: 20408 | V41: =OFFSET(F31,(ROW($1:$1)-1)*10,0) -> 8 | W41: =OFFSET(G31,(ROW($1:$1)-1)*10,0) -> 1,3;2,4;46,2-2 | X41: 30408 | Y41: =OFFSET(F43,(ROW($1:$1)-1)*10,0) -> 8 | Z41: =OFFSET(G43,(ROW($1:$1)-1)*10,0) -> 1,3;2,4;46,1-2 | AA41: 40408 | AB41: =OFFSET(F55,(ROW($1:$1)-1)*10,0) -> 8 | AC41: =OFFSET(G55,(ROW($1:$1)-1)*10,0) -> 1,3;2,4;46,0-2
B42: =B30 -> 7 | C42: =REPLACE(C18,12,1,"1") -> 1,4;2,4;46,1-2 | D42: =D18 -> 7 | E42: =REPLACE(E18,12,1,"1") -> 1,4;2,4;46,1-2 | F42: =F18 -> 7 | G42: =REPLACE(G18,12,1,"1") -> 1,3;2,4;46,1-2 | H42: =H18 -> 7 | I42: =REPLACE(I18,12,1,"1") -> 1,3;2,4;46,1-2 | J42: =J18 -> 7 | K42: =REPLACE(K18,12,1,"1") -> 1,2;2,5;46,1-3 | L42: =L18 -> 7 | M42: =REPLACE(M18,12,1,"1") -> 1,2;2,5;46,1-3 | N42: =N18 -> 7 | O42: =REPLACE(O18,12,1,"1") -> 1,2;2,5;46,1-3 | P42: =P18 -> 7 | Q42: =REPLACE(Q18,12,1,"1") -> 1,2;2,5;46,1-3 | R42: 10409 | S42: =OFFSET(F20,(ROW($1:$1)-1)*10,0) -> 9 | T42: =OFFSET(G20,(ROW($1:$1)-1)*10,0) -> 1,3;2,4;46,3-2 | U42: 20409 | V42: =OFFSET(F32,(ROW($1:$1)-1)*10,0) -> 9 | W42: =OFFSET(G32,(ROW($1:$1)-1)*10,0) -> 1,3;2,4;46,2-2 | X42: 30409 | Y42: =OFFSET(F44,(ROW($1:$1)-1)*10,0) -> 9 | Z42: =OFFSET(G44,(ROW($1:$1)-1)*10,0) -> 1,3;2,4;46,1-2 | AA42: 40409 | AB42: =OFFSET(F56,(ROW($1:$1)-1)*10,0) -> 9 | AC42: =OFFSET(G56,(ROW($1:$1)-1)*10,0) -> 1,3;2,4;46,0-2
B43: =B31 -> 8 | C43: =REPLACE(C19,12,1,"1") -> 1,4;2,4;46,1-2 | D43: =D19 -> 8 | E43: =REPLACE(E19,12,1,"1") -> 1,4;2,4;46,1-2 | F43: =F19 -> 8 | G43: =REPLACE(G19,12,1,"1") -> 1,3;2,4;46,1-2 | H43: =H19 -> 8 | I43: =REPLACE(I19,12,1,"1") -> 1,3;2,4;46,1-2 | J43: =J19 -> 8 | K43: =REPLACE(K19,12,1,"1") -> 1,2;2,5;46,1-3 | L43: =L19 -> 8 | M43: =REPLACE(M19,12,1,"1") -> 1,2;2,5;46,1-3 | N43: =N19 -> 8 | O43: =REPLACE(O19,12,1,"1") -> 1,2;2,5;46,1-3 | P43: =P19 -> 8 | Q43: =REPLACE(Q19,12,1,"1") -> 1,2;2,5;46,1-3 | R43: 10410 | S43: =OFFSET(F21,(ROW($1:$1)-1)*10,0) -> 10 | T43: =OFFSET(G21,(ROW($1:$1)-1)*10,0) -> 1,3;2,4;46,3-2 | U43: 20410 | V43: =OFFSET(F33,(ROW($1:$1)-1)*10,0) -> 10 | W43: =OFFSET(G33,(ROW($1:$1)-1)*10,0) -> 1,3;2,4;46,2-2 | X43: 30410 | Y43: =OFFSET(F45,(ROW($1:$1)-1)*10,0) -> 10 | Z43: =OFFSET(G45,(ROW($1:$1)-1)*10,0) -> 1,3;2,4;46,1-2 | AA43: 40410 | AB43: =OFFSET(F57,(ROW($1:$1)-1)*10,0) -> 10 | AC43: =OFFSET(G57,(ROW($1:$1)-1)*10,0) -> 1,3;2,4;46,0-2
B44: =B32 -> 9 | C44: =REPLACE(C20,12,1,"1") -> 1,4;2,4;46,1-2 | D44: =D20 -> 9 | E44: =REPLACE(E20,12,1,"1") -> 1,4;2,4;46,1-2 | F44: =F20 -> 9 | G44: =REPLACE(G20,12,1,"1") -> 1,3;2,4;46,1-2 | H44: =H20 -> 9 | I44: =REPLACE(I20,12,1,"1") -> 1,3;2,4;46,1-2 | J44: =J20 -> 9 | K44: =REPLACE(K20,12,1,"1") -> 1,2;2,5;46,1-3 | L44: =L20 -> 9 | M44: =REPLACE(M20,12,1,"1") -> 1,2;2,5;46,1-3 | N44: =N20 -> 9 | O44: =REPLACE(O20,12,1,"1") -> 1,2;2,5;46,1-3 | P44: =P20 -> 9 | Q44: =REPLACE(Q20,12,1,"1") -> 1,2;2,5;46,1-3 | R44: 10501 | U44: 20501 | X44: 30501 | AA44: 40501
B45: =B33 -> 10 | C45: =REPLACE(C21,12,1,"1") -> 1,4;2,4;46,1-2 | D45: =D21 -> 10 | E45: =REPLACE(E21,12,1,"1") -> 1,4;2,4;46,1-2 | F45: =F21 -> 10 | G45: =REPLACE(G21,12,1,"1") -> 1,3;2,4;46,1-2 | H45: =H21 -> 10 | I45: =REPLACE(I21,12,1,"1") -> 1,3;2,4;46,1-2 | J45: =J21 -> 10 | K45: =REPLACE(K21,12,1,"1") -> 1,2;2,5;46,1-3 | L45: =L21 -> 10 | M45: =REPLACE(M21,12,1,"1") -> 1,2;2,5;46,1-3 | N45: =N21 -> 10 | O45: =REPLACE(O21,12,1,"1") -> 1,2;2,5;46,1-3 | P45: =P21 -> 10 | Q45: =REPLACE(Q21,12,1,"1") -> 1,2;2,5;46,1-3 | R45: 10601 | S45: =OFFSET(H12,(ROW($1:$1)-1)*10,0) -> 1 | T45: =OFFSET(I12,(ROW($1:$1)-1)*10,0) -> 1,3;2,4;46,3-2 | U45: 20601 | V45: =OFFSET(H24,(ROW($1:$1)-1)*10,0) -> 1 | W45: =OFFSET(I24,(ROW($1:$1)-1)*10,0) -> 1,3;2,4;46,2-2 | X45: 30601 | Y45: =OFFSET(H36,(ROW($1:$1)-1)*10,0) -> 1 | Z45: =OFFSET(I36,(ROW($1:$1)-1)*10,0) -> 1,3;2,4;46,1-2 | AA45: 40601 | AB45: =OFFSET(H48,(ROW($1:$1)-1)*10,0) -> 1 | AC45: =OFFSET(I48,(ROW($1:$1)-1)*10,0) -> 1,3;2,4;46,0-2
R46: 10602 | S46: =OFFSET(H13,(ROW($1:$1)-1)*10,0) -> 2 | T46: =OFFSET(I13,(ROW($1:$1)-1)*10,0) -> 1,3;2,4;46,3-2 | U46: 20602 | V46: =OFFSET(H25,(ROW($1:$1)-1)*10,0) -> 2 | W46: =OFFSET(I25,(ROW($1:$1)-1)*10,0) -> 1,3;2,4;46,2-2 | X46: 30602 | Y46: =OFFSET(H37,(ROW($1:$1)-1)*10,0) -> 2 | Z46: =OFFSET(I37,(ROW($1:$1)-1)*10,0) -> 1,3;2,4;46,1-2 | AA46: 40602 | AB46: =OFFSET(H49,(ROW($1:$1)-1)*10,0) -> 2 | AC46: =OFFSET(I49,(ROW($1:$1)-1)*10,0) -> 1,3;2,4;46,0-2
R47: 10603 | S47: =OFFSET(H14,(ROW($1:$1)-1)*10,0) -> 3 | T47: =OFFSET(I14,(ROW($1:$1)-1)*10,0) -> 1,3;2,4;46,3-2 | U47: 20603 | V47: =OFFSET(H26,(ROW($1:$1)-1)*10,0) -> 3 | W47: =OFFSET(I26,(ROW($1:$1)-1)*10,0) -> 1,3;2,4;46,2-2 | X47: 30603 | Y47: =OFFSET(H38,(ROW($1:$1)-1)*10,0) -> 3 | Z47: =OFFSET(I38,(ROW($1:$1)-1)*10,0) -> 1,3;2,4;46,1-2 | AA47: 40603 | AB47: =OFFSET(H50,(ROW($1:$1)-1)*10,0) -> 3 | AC47: =OFFSET(I50,(ROW($1:$1)-1)*10,0) -> 1,3;2,4;46,0-2
B48: =B36 -> 1 | C48: =REPLACE(C12,12,1,"0") -> 1,4;2,3;46,0-1 | D48: =D24 -> 1 | E48: =REPLACE(E12,12,1,"0") -> 1,4;2,4;46,0-2 | F48: =F24 -> 1 | G48: =REPLACE(G12,12,1,"0") -> 1,3;2,4;46,0-2 | H48: =H24 -> 1 | I48: =REPLACE(I12,12,1,"0") -> 1,3;2,4;46,0-2 | J48: =J24 -> 1 | K48: =REPLACE(K12,12,1,"0") -> 1,2;2,5;46,0-2 | L48: =L24 -> 1 | M48: =REPLACE(M12,12,1,"0") -> 1,2;2,5;46,0-3 | N48: =N24 -> 1 | O48: =REPLACE(O12,12,1,"0") -> 1,2;2,5;46,0-3 | P48: =P24 -> 1 | Q48: =REPLACE(Q12,12,1,"0") -> 1,2;2,5;46,0-3 | R48: 10604 | S48: =OFFSET(H15,(ROW($1:$1)-1)*10,0) -> 4 | T48: =OFFSET(I15,(ROW($1:$1)-1)*10,0) -> 1,3;2,4;46,3-2 | U48: 20604 | V48: =OFFSET(H27,(ROW($1:$1)-1)*10,0) -> 4 | W48: =OFFSET(I27,(ROW($1:$1)-1)*10,0) -> 1,3;2,4;46,2-2 | X48: 30604 | Y48: =OFFSET(H39,(ROW($1:$1)-1)*10,0) -> 4 | Z48: =OFFSET(I39,(ROW($1:$1)-1)*10,0) -> 1,3;2,4;46,1-2 | AA48: 40604 | AB48: =OFFSET(H51,(ROW($1:$1)-1)*10,0) -> 4 | AC48: =OFFSET(I51,(ROW($1:$1)-1)*10,0) -> 1,3;2,4;46,0-2
B49: =B37 -> 2 | C49: =REPLACE(C13,12,1,"0") -> 1,4;2,3;46,0-1 | D49: =D25 -> 2 | E49: =REPLACE(E13,12,1,"0") -> 1,4;2,4;46,0-2 | F49: =F25 -> 2 | G49: =REPLACE(G13,12,1,"0") -> 1,3;2,4;46,0-2 | H49: =H25 -> 2 | I49: =REPLACE(I13,12,1,"0") -> 1,3;2,4;46,0-2 | J49: =J25 -> 2 | K49: =REPLACE(K13,12,1,"0") -> 1,2;2,5;46,0-2 | L49: =L25 -> 2 | M49: =REPLACE(M13,12,1,"0") -> 1,2;2,5;46,0-3 | N49: =N25 -> 2 | O49: =REPLACE(O13,12,1,"0") -> 1,2;2,5;46,0-3 | P49: =P25 -> 2 | Q49: =REPLACE(Q13,12,1,"0") -> 1,2;2,5;46,0-3 | R49: 10605 | S49: =OFFSET(H16,(ROW($1:$1)-1)*10,0) -> 5 | T49: =OFFSET(I16,(ROW($1:$1)-1)*10,0) -> 1,3;2,4;46,3-2 | U49: 20605 | V49: =OFFSET(H28,(ROW($1:$1)-1)*10,0) -> 5 | W49: =OFFSET(I28,(ROW($1:$1)-1)*10,0) -> 1,3;2,4;46,2-2 | X49: 30605 | Y49: =OFFSET(H40,(ROW($1:$1)-1)*10,0) -> 5 | Z49: =OFFSET(I40,(ROW($1:$1)-1)*10,0) -> 1,3;2,4;46,1-2 | AA49: 40605 | AB49: =OFFSET(H52,(ROW($1:$1)-1)*10,0) -> 5 | AC49: =OFFSET(I52,(ROW($1:$1)-1)*10,0) -> 1,3;2,4;46,0-2
B50: =B38 -> 3 | C50: =REPLACE(C14,12,1,"0") -> 1,4;2,3;46,0-1 | D50: =D26 -> 3 | E50: =REPLACE(E14,12,1,"0") -> 1,4;2,4;46,0-2 | F50: =F26 -> 3 | G50: =REPLACE(G14,12,1,"0") -> 1,3;2,4;46,0-2 | H50: =H26 -> 3 | I50: =REPLACE(I14,12,1,"0") -> 1,3;2,4;46,0-2 | J50: =J26 -> 3 | K50: =REPLACE(K14,12,1,"0") -> 1,2;2,5;46,0-2 | L50: =L26 -> 3 | M50: =REPLACE(M14,12,1,"0") -> 1,2;2,5;46,0-3 | N50: =N26 -> 3 | O50: =REPLACE(O14,12,1,"0") -> 1,2;2,5;46,0-3 | P50: =P26 -> 3 | Q50: =REPLACE(Q14,12,1,"0") -> 1,2;2,5;46,0-3 | R50: 10606 | S50: =OFFSET(H17,(ROW($1:$1)-1)*10,0) -> 6 | T50: =OFFSET(I17,(ROW($1:$1)-1)*10,0) -> 1,3;2,4;46,3-2 | U50: 20606 | V50: =OFFSET(H29,(ROW($1:$1)-1)*10,0) -> 6 | W50: =OFFSET(I29,(ROW($1:$1)-1)*10,0) -> 1,3;2,4;46,2-2 | X50: 30606 | Y50: =OFFSET(H41,(ROW($1:$1)-1)*10,0) -> 6 | Z50: =OFFSET(I41,(ROW($1:$1)-1)*10,0) -> 1,3;2,4;46,1-2 | AA50: 40606 | AB50: =OFFSET(H53,(ROW($1:$1)-1)*10,0) -> 6 | AC50: =OFFSET(I53,(ROW($1:$1)-1)*10,0) -> 1,3;2,4;46,0-2
B51: =B39 -> 4 | C51: =REPLACE(C15,12,1,"0") -> 1,4;2,3;46,0-1 | D51: =D27 -> 4 | E51: =REPLACE(E15,12,1,"0") -> 1,4;2,4;46,0-2 | F51: =F27 -> 4 | G51: =REPLACE(G15,12,1,"0") -> 1,3;2,4;46,0-2 | H51: =H27 -> 4 | I51: =REPLACE(I15,12,1,"0") -> 1,3;2,4;46,0-2 | J51: =J27 -> 4 | K51: =REPLACE(K15,12,1,"0") -> 1,2;2,5;46,0-2 | L51: =L27 -> 4 | M51: =REPLACE(M15,12,1,"0") -> 1,2;2,5;46,0-3 | N51: =N27 -> 4 | O51: =REPLACE(O15,12,1,"0") -> 1,2;2,5;46,0-3 | P51: =P27 -> 4 | Q51: =REPLACE(Q15,12,1,"0") -> 1,2;2,5;46,0-3 | R51: 10607 | S51: =OFFSET(H18,(ROW($1:$1)-1)*10,0) -> 7 | T51: =OFFSET(I18,(ROW($1:$1)-1)*10,0) -> 1,3;2,4;46,3-2 | U51: 20607 | V51: =OFFSET(H30,(ROW($1:$1)-1)*10,0) -> 7 | W51: =OFFSET(I30,(ROW($1:$1)-1)*10,0) -> 1,3;2,4;46,2-2 | X51: 30607 | Y51: =OFFSET(H42,(ROW($1:$1)-1)*10,0) -> 7 | Z51: =OFFSET(I42,(ROW($1:$1)-1)*10,0) -> 1,3;2,4;46,1-2 | AA51: 40607 | AB51: =OFFSET(H54,(ROW($1:$1)-1)*10,0) -> 7 | AC51: =OFFSET(I54,(ROW($1:$1)-1)*10,0) -> 1,3;2,4;46,0-2
B52: =B40 -> 5 | C52: =REPLACE(C16,12,1,"0") -> 1,4;2,3;46,0-1 | D52: =D28 -> 5 | E52: =REPLACE(E16,12,1,"0") -> 1,4;2,4;46,0-2 | F52: =F28 -> 5 | G52: =REPLACE(G16,12,1,"0") -> 1,3;2,4;46,0-2 | H52: =H28 -> 5 | I52: =REPLACE(I16,12,1,"0") -> 1,3;2,4;46,0-2 | J52: =J28 -> 5 | K52: =REPLACE(K16,12,1,"0") -> 1,2;2,5;46,0-3 | L52: =L28 -> 5 | M52: =REPLACE(M16,12,1,"0") -> 1,2;2,5;46,0-3 | N52: =N28 -> 5 | O52: =REPLACE(O16,12,1,"0") -> 1,2;2,5;46,0-3 | P52: =P28 -> 5 | Q52: =REPLACE(Q16,12,1,"0") -> 1,2;2,5;46,0-3 | R52: 10608 | S52: =OFFSET(H19,(ROW($1:$1)-1)*10,0) -> 8 | T52: =OFFSET(I19,(ROW($1:$1)-1)*10,0) -> 1,3;2,4;46,3-2 | U52: 20608 | V52: =OFFSET(H31,(ROW($1:$1)-1)*10,0) -> 8 | W52: =OFFSET(I31,(ROW($1:$1)-1)*10,0) -> 1,3;2,4;46,2-2 | X52: 30608 | Y52: =OFFSET(H43,(ROW($1:$1)-1)*10,0) -> 8 | Z52: =OFFSET(I43,(ROW($1:$1)-1)*10,0) -> 1,3;2,4;46,1-2 | AA52: 40608 | AB52: =OFFSET(H55,(ROW($1:$1)-1)*10,0) -> 8 | AC52: =OFFSET(I55,(ROW($1:$1)-1)*10,0) -> 1,3;2,4;46,0-2
B53: =B41 -> 6 | C53: =REPLACE(C17,12,1,"0") -> 1,4;2,4;46,0-2 | D53: =D29 -> 6 | E53: =REPLACE(E17,12,1,"0") -> 1,4;2,4;46,0-2 | F53: =F29 -> 6 | G53: =REPLACE(G17,12,1,"0") -> 1,3;2,4;46,0-2 | H53: =H29 -> 6 | I53: =REPLACE(I17,12,1,"0") -> 1,3;2,4;46,0-2 | J53: =J29 -> 6 | K53: =REPLACE(K17,12,1,"0") -> 1,2;2,5;46,0-3 | L53: =L29 -> 6 | M53: =REPLACE(M17,12,1,"0") -> 1,2;2,5;46,0-3 | N53: =N29 -> 6 | O53: =REPLACE(O17,12,1,"0") -> 1,2;2,5;46,0-3 | P53: =P29 -> 6 | Q53: =REPLACE(Q17,12,1,"0") -> 1,2;2,5;46,0-3 | R53: 10609 | S53: =OFFSET(H20,(ROW($1:$1)-1)*10,0) -> 9 | T53: =OFFSET(I20,(ROW($1:$1)-1)*10,0) -> 1,3;2,4;46,3-2 | U53: 20609 | V53: =OFFSET(H32,(ROW($1:$1)-1)*10,0) -> 9 | W53: =OFFSET(I32,(ROW($1:$1)-1)*10,0) -> 1,3;2,4;46,2-2 | X53: 30609 | Y53: =OFFSET(H44,(ROW($1:$1)-1)*10,0) -> 9 | Z53: =OFFSET(I44,(ROW($1:$1)-1)*10,0) -> 1,3;2,4;46,1-2 | AA53: 40609 | AB53: =OFFSET(H56,(ROW($1:$1)-1)*10,0) -> 9 | AC53: =OFFSET(I56,(ROW($1:$1)-1)*10,0) -> 1,3;2,4;46,0-2
B54: =B42 -> 7 | C54: =REPLACE(C18,12,1,"0") -> 1,4;2,4;46,0-2 | D54: =D30 -> 7 | E54: =REPLACE(E18,12,1,"0") -> 1,4;2,4;46,0-2 | F54: =F30 -> 7 | G54: =REPLACE(G18,12,1,"0") -> 1,3;2,4;46,0-2 | H54: =H30 -> 7 | I54: =REPLACE(I18,12,1,"0") -> 1,3;2,4;46,0-2 | J54: =J30 -> 7 | K54: =REPLACE(K18,12,1,"0") -> 1,2;2,5;46,0-3 | L54: =L30 -> 7 | M54: =REPLACE(M18,12,1,"0") -> 1,2;2,5;46,0-3 | N54: =N30 -> 7 | O54: =REPLACE(O18,12,1,"0") -> 1,2;2,5;46,0-3 | P54: =P30 -> 7 | Q54: =REPLACE(Q18,12,1,"0") -> 1,2;2,5;46,0-3 | R54: 10610 | S54: =OFFSET(H21,(ROW($1:$1)-1)*10,0) -> 10 | T54: =OFFSET(I21,(ROW($1:$1)-1)*10,0) -> 1,3;2,4;46,3-2 | U54: 20610 | V54: =OFFSET(H33,(ROW($1:$1)-1)*10,0) -> 10 | W54: =OFFSET(I33,(ROW($1:$1)-1)*10,0) -> 1,3;2,4;46,2-2 | X54: 30610 | Y54: =OFFSET(H45,(ROW($1:$1)-1)*10,0) -> 10 | Z54: =OFFSET(I45,(ROW($1:$1)-1)*10,0) -> 1,3;2,4;46,1-2 | AA54: 40610 | AB54: =OFFSET(H57,(ROW($1:$1)-1)*10,0) -> 10 | AC54: =OFFSET(I57,(ROW($1:$1)-1)*10,0) -> 1,3;2,4;46,0-2
B55: =B43 -> 8 | C55: =REPLACE(C19,12,1,"0") -> 1,4;2,4;46,0-2 | D55: =D31 -> 8 | E55: =REPLACE(E19,12,1,"0") -> 1,4;2,4;46,0-2 | F55: =F31 -> 8 | G55: =REPLACE(G19,12,1,"0") -> 1,3;2,4;46,0-2 | H55: =H31 -> 8 | I55: =REPLACE(I19,12,1,"0") -> 1,3;2,4;46,0-2 | J55: =J31 -> 8 | K55: =REPLACE(K19,12,1,"0") -> 1,2;2,5;46,0-3 | L55: =L31 -> 8 | M55: =REPLACE(M19,12,1,"0") -> 1,2;2,5;46,0-3 | N55: =N31 -> 8 | O55: =REPLACE(O19,12,1,"0") -> 1,2;2,5;46,0-3 | P55: =P31 -> 8 | Q55: =REPLACE(Q19,12,1,"0") -> 1,2;2,5;46,0-3 | R55: 10701 | U55: 20701 | X55: 30701 | AA55: 40701
B56: =B44 -> 9 | C56: =REPLACE(C20,12,1,"0") -> 1,4;2,4;46,0-2 | D56: =D32 -> 9 | E56: =REPLACE(E20,12,1,"0") -> 1,4;2,4;46,0-2 | F56: =F32 -> 9 | G56: =REPLACE(G20,12,1,"0") -> 1,3;2,4;46,0-2 | H56: =H32 -> 9 | I56: =REPLACE(I20,12,1,"0") -> 1,3;2,4;46,0-2 | J56: =J32 -> 9 | K56: =REPLACE(K20,12,1,"0") -> 1,2;2,5;46,0-3 | L56: =L32 -> 9 | M56: =REPLACE(M20,12,1,"0") -> 1,2;2,5;46,0-3 | N56: =N32 -> 9 | O56: =REPLACE(O20,12,1,"0") -> 1,2;2,5;46,0-3 | P56: =P32 -> 9 | Q56: =REPLACE(Q20,12,1,"0") -> 1,2;2,5;46,0-3 | R56: 10801 | S56: =OFFSET(J12,(ROW($1:$1)-1)*10,0) -> 1 | T56: =OFFSET(K12,(ROW($1:$1)-1)*10,0) -> 1,2;2,5;46,3-2 | U56: 20801 | V56: =OFFSET(J24,(ROW($1:$1)-1)*10,0) -> 1 | W56: =OFFSET(K24,(ROW($1:$1)-1)*10,0) -> 1,2;2,5;46,2-2 | X56: 30801 | Y56: =OFFSET(J36,(ROW($1:$1)-1)*10,0) -> 1 | Z56: =OFFSET(K36,(ROW($1:$1)-1)*10,0) -> 1,2;2,5;46,1-2 | AA56: 40801 | AB56: =OFFSET(J48,(ROW($1:$1)-1)*10,0) -> 1 | AC56: =OFFSET(K48,(ROW($1:$1)-1)*10,0) -> 1,2;2,5;46,0-2
B57: =B45 -> 10 | C57: =REPLACE(C21,12,1,"0") -> 1,4;2,4;46,0-2 | D57: =D33 -> 10 | E57: =REPLACE(E21,12,1,"0") -> 1,4;2,4;46,0-2 | F57: =F33 -> 10 | G57: =REPLACE(G21,12,1,"0") -> 1,3;2,4;46,0-2 | H57: =H33 -> 10 | I57: =REPLACE(I21,12,1,"0") -> 1,3;2,4;46,0-2 | J57: =J33 -> 10 | K57: =REPLACE(K21,12,1,"0") -> 1,2;2,5;46,0-3 | L57: =L33 -> 10 | M57: =REPLACE(M21,12,1,"0") -> 1,2;2,5;46,0-3 | N57: =N33 -> 10 | O57: =REPLACE(O21,12,1,"0") -> 1,2;2,5;46,0-3 | P57: =P33 -> 10 | Q57: =REPLACE(Q21,12,1,"0") -> 1,2;2,5;46,0-3 | R57: 10802 | S57: =OFFSET(J13,(ROW($1:$1)-1)*10,0) -> 2 | T57: =OFFSET(K13,(ROW($1:$1)-1)*10,0) -> 1,2;2,5;46,3-2 | U57: 20802 | V57: =OFFSET(J25,(ROW($1:$1)-1)*10,0) -> 2 | W57: =OFFSET(K25,(ROW($1:$1)-1)*10,0) -> 1,2;2,5;46,2-2 | X57: 30802 | Y57: =OFFSET(J37,(ROW($1:$1)-1)*10,0) -> 2 | Z57: =OFFSET(K37,(ROW($1:$1)-1)*10,0) -> 1,2;2,5;46,1-2 | AA57: 40802 | AB57: =OFFSET(J49,(ROW($1:$1)-1)*10,0) -> 2 | AC57: =OFFSET(K49,(ROW($1:$1)-1)*10,0) -> 1,2;2,5;46,0-2
R58: 10803 | S58: =OFFSET(J14,(ROW($1:$1)-1)*10,0) -> 3 | T58: =OFFSET(K14,(ROW($1:$1)-1)*10,0) -> 1,2;2,5;46,3-2 | U58: 20803 | V58: =OFFSET(J26,(ROW($1:$1)-1)*10,0) -> 3 | W58: =OFFSET(K26,(ROW($1:$1)-1)*10,0) -> 1,2;2,5;46,2-2 | X58: 30803 | Y58: =OFFSET(J38,(ROW($1:$1)-1)*10,0) -> 3 | Z58: =OFFSET(K38,(ROW($1:$1)-1)*10,0) -> 1,2;2,5;46,1-2 | AA58: 40803 | AB58: =OFFSET(J50,(ROW($1:$1)-1)*10,0) -> 3 | AC58: =OFFSET(K50,(ROW($1:$1)-1)*10,0) -> 1,2;2,5;46,0-2
R59: 10804 | S59: =OFFSET(J15,(ROW($1:$1)-1)*10,0) -> 4 | T59: =OFFSET(K15,(ROW($1:$1)-1)*10,0) -> 1,2;2,5;46,3-2 | U59: 20804 | V59: =OFFSET(J27,(ROW($1:$1)-1)*10,0) -> 4 | W59: =OFFSET(K27,(ROW($1:$1)-1)*10,0) -> 1,2;2,5;46,2-2 | X59: 30804 | Y59: =OFFSET(J39,(ROW($1:$1)-1)*10,0) -> 4 | Z59: =OFFSET(K39,(ROW($1:$1)-1)*10,0) -> 1,2;2,5;46,1-2 | AA59: 40804 | AB59: =OFFSET(J51,(ROW($1:$1)-1)*10,0) -> 4 | AC59: =OFFSET(K51,(ROW($1:$1)-1)*10,0) -> 1,2;2,5;46,0-2
R60: 10805 | S60: =OFFSET(J16,(ROW($1:$1)-1)*10,0) -> 5 | T60: =OFFSET(K16,(ROW($1:$1)-1)*10,0) -> 1,2;2,5;46,3-3 | U60: 20805 | V60: =OFFSET(J28,(ROW($1:$1)-1)*10,0) -> 5 | W60: =OFFSET(K28,(ROW($1:$1)-1)*10,0) -> 1,2;2,5;46,2-3 | X60: 30805 | Y60: =OFFSET(J40,(ROW($1:$1)-1)*10,0) -> 5 | Z60: =OFFSET(K40,(ROW($1:$1)-1)*10,0) -> 1,2;2,5;46,1-3 | AA60: 40805 | AB60: =OFFSET(J52,(ROW($1:$1)-1)*10,0) -> 5 | AC60: =OFFSET(K52,(ROW($1:$1)-1)*10,0) -> 1,2;2,5;46,0-3
R61: 10806 | S61: =OFFSET(J17,(ROW($1:$1)-1)*10,0) -> 6 | T61: =OFFSET(K17,(ROW($1:$1)-1)*10,0) -> 1,2;2,5;46,3-3 | U61: 20806 | V61: =OFFSET(J29,(ROW($1:$1)-1)*10,0) -> 6 | W61: =OFFSET(K29,(ROW($1:$1)-1)*10,0) -> 1,2;2,5;46,2-3 | X61: 30806 | Y61: =OFFSET(J41,(ROW($1:$1)-1)*10,0) -> 6 | Z61: =OFFSET(K41,(ROW($1:$1)-1)*10,0) -> 1,2;2,5;46,1-3 | AA61: 40806 | AB61: =OFFSET(J53,(ROW($1:$1)-1)*10,0) -> 6 | AC61: =OFFSET(K53,(ROW($1:$1)-1)*10,0) -> 1,2;2,5;46,0-3
R62: 10807 | S62: =OFFSET(J18,(ROW($1:$1)-1)*10,0) -> 7 | T62: =OFFSET(K18,(ROW($1:$1)-1)*10,0) -> 1,2;2,5;46,3-3 | U62: 20807 | V62: =OFFSET(J30,(ROW($1:$1)-1)*10,0) -> 7 | W62: =OFFSET(K30,(ROW($1:$1)-1)*10,0) -> 1,2;2,5;46,2-3 | X62: 30807 | Y62: =OFFSET(J42,(ROW($1:$1)-1)*10,0) -> 7 | Z62: =OFFSET(K42,(ROW($1:$1)-1)*10,0) -> 1,2;2,5;46,1-3 | AA62: 40807 | AB62: =OFFSET(J54,(ROW($1:$1)-1)*10,0) -> 7 | AC62: =OFFSET(K54,(ROW($1:$1)-1)*10,0) -> 1,2;2,5;46,0-3
R63: 10808 | S63: =OFFSET(J19,(ROW($1:$1)-1)*10,0) -> 8 | T63: =OFFSET(K19,(ROW($1:$1)-1)*10,0) -> 1,2;2,5;46,3-3 | U63: 20808 | V63: =OFFSET(J31,(ROW($1:$1)-1)*10,0) -> 8 | W63: =OFFSET(K31,(ROW($1:$1)-1)*10,0) -> 1,2;2,5;46,2-3 | X63: 30808 | Y63: =OFFSET(J43,(ROW($1:$1)-1)*10,0) -> 8 | Z63: =OFFSET(K43,(ROW($1:$1)-1)*10,0) -> 1,2;2,5;46,1-3 | AA63: 40808 | AB63: =OFFSET(J55,(ROW($1:$1)-1)*10,0) -> 8 | AC63: =OFFSET(K55,(ROW($1:$1)-1)*10,0) -> 1,2;2,5;46,0-3
R64: 10809 | S64: =OFFSET(J20,(ROW($1:$1)-1)*10,0) -> 9 | T64: =OFFSET(K20,(ROW($1:$1)-1)*10,0) -> 1,2;2,5;46,3-3 | U64: 20809 | V64: =OFFSET(J32,(ROW($1:$1)-1)*10,0) -> 9 | W64: =OFFSET(K32,(ROW($1:$1)-1)*10,0) -> 1,2;2,5;46,2-3 | X64: 30809 | Y64: =OFFSET(J44,(ROW($1:$1)-1)*10,0) -> 9 | Z64: =OFFSET(K44,(ROW($1:$1)-1)*10,0) -> 1,2;2,5;46,1-3 | AA64: 40809 | AB64: =OFFSET(J56,(ROW($1:$1)-1)*10,0) -> 9 | AC64: =OFFSET(K56,(ROW($1:$1)-1)*10,0) -> 1,2;2,5;46,0-3
R65: 10810 | S65: =OFFSET(J21,(ROW($1:$1)-1)*10,0) -> 10 | T65: =OFFSET(K21,(ROW($1:$1)-1)*10,0) -> 1,2;2,5;46,3-3 | U65: 20810 | V65: =OFFSET(J33,(ROW($1:$1)-1)*10,0) -> 10 | W65: =OFFSET(K33,(ROW($1:$1)-1)*10,0) -> 1,2;2,5;46,2-3 | X65: 30810 | Y65: =OFFSET(J45,(ROW($1:$1)-1)*10,0) -> 10 | Z65: =OFFSET(K45,(ROW($1:$1)-1)*10,0) -> 1,2;2,5;46,1-3 | AA65: 40810 | AB65: =OFFSET(J57,(ROW($1:$1)-1)*10,0) -> 10 | AC65: =OFFSET(K57,(ROW($1:$1)-1)*10,0) -> 1,2;2,5;46,0-3
R66: 11601 | U66: 21601 | X66: 31601 | AA66: 41601
R67: 10901 | S67: =OFFSET(L12,(ROW($1:$1)-1)*10,0) -> 1 | T67: =OFFSET(M12,(ROW($1:$1)-1)*10,0) -> 1,2;2,5;46,3-3 | U67: 20901 | V67: =OFFSET(L24,(ROW($1:$1)-1)*10,0) -> 1 | W67: =OFFSET(M24,(ROW($1:$1)-1)*10,0) -> 1,2;2,5;46,2-3 | X67: 30901 | Y67: =OFFSET(L36,(ROW($1:$1)-1)*10,0) -> 1 | Z67: =OFFSET(M36,(ROW($1:$1)-1)*10,0) -> 1,2;2,5;46,1-3 | AA67: 40901 | AB67: =OFFSET(L48,(ROW($1:$1)-1)*10,0) -> 1 | AC67: =OFFSET(M48,(ROW($1:$1)-1)*10,0) -> 1,2;2,5;46,0-3
R68: 10902 | S68: =OFFSET(L13,(ROW($1:$1)-1)*10,0) -> 2 | T68: =OFFSET(M13,(ROW($1:$1)-1)*10,0) -> 1,2;2,5;46,3-3 | U68: 20902 | V68: =OFFSET(L25,(ROW($1:$1)-1)*10,0) -> 2 | W68: =OFFSET(M25,(ROW($1:$1)-1)*10,0) -> 1,2;2,5;46,2-3 | X68: 30902 | Y68: =OFFSET(L37,(ROW($1:$1)-1)*10,0) -> 2 | Z68: =OFFSET(M37,(ROW($1:$1)-1)*10,0) -> 1,2;2,5;46,1-3 | AA68: 40902 | AB68: =OFFSET(L49,(ROW($1:$1)-1)*10,0) -> 2 | AC68: =OFFSET(M49,(ROW($1:$1)-1)*10,0) -> 1,2;2,5;46,0-3
R69: 10903 | S69: =OFFSET(L14,(ROW($1:$1)-1)*10,0) -> 3 | T69: =OFFSET(M14,(ROW($1:$1)-1)*10,0) -> 1,2;2,5;46,3-3 | U69: 20903 | V69: =OFFSET(L26,(ROW($1:$1)-1)*10,0) -> 3 | W69: =OFFSET(M26,(ROW($1:$1)-1)*10,0) -> 1,2;2,5;46,2-3 | X69: 30903 | Y69: =OFFSET(L38,(ROW($1:$1)-1)*10,0) -> 3 | Z69: =OFFSET(M38,(ROW($1:$1)-1)*10,0) -> 1,2;2,5;46,1-3 | AA69: 40903 | AB69: =OFFSET(L50,(ROW($1:$1)-1)*10,0) -> 3 | AC69: =OFFSET(M50,(ROW($1:$1)-1)*10,0) -> 1,2;2,5;46,0-3
R70: 10904 | S70: =OFFSET(L15,(ROW($1:$1)-1)*10,0) -> 4 | T70: =OFFSET(M15,(ROW($1:$1)-1)*10,0) -> 1,2;2,5;46,3-3 | U70: 20904 | V70: =OFFSET(L27,(ROW($1:$1)-1)*10,0) -> 4 | W70: =OFFSET(M27,(ROW($1:$1)-1)*10,0) -> 1,2;2,5;46,2-3 | X70: 30904 | Y70: =OFFSET(L39,(ROW($1:$1)-1)*10,0) -> 4 | Z70: =OFFSET(M39,(ROW($1:$1)-1)*10,0) -> 1,2;2,5;46,1-3 | AA70: 40904 | AB70: =OFFSET(L51,(ROW($1:$1)-1)*10,0) -> 4 | AC70: =OFFSET(M51,(ROW($1:$1)-1)*10,0) -> 1,2;2,5;46,0-3
R71: 10905 | S71: =OFFSET(L16,(ROW($1:$1)-1)*10,0) -> 5 | T71: =OFFSET(M16,(ROW($1:$1)-1)*10,0) -> 1,2;2,5;46,3-3 | U71: 20905 | V71: =OFFSET(L28,(ROW($1:$1)-1)*10,0) -> 5 | W71: =OFFSET(M28,(ROW($1:$1)-1)*10,0) -> 1,2;2,5;46,2-3 | X71: 30905 | Y71: =OFFSET(L40,(ROW($1:$1)-1)*10,0) -> 5 | Z71: =OFFSET(M40,(ROW($1:$1)-1)*10,0) -> 1,2;2,5;46,1-3 | AA71: 40905 | AB71: =OFFSET(L52,(ROW($1:$1)-1)*10,0) -> 5 | AC71: =OFFSET(M52,(ROW($1:$1)-1)*10,0) -> 1,2;2,5;46,0-3
R72: 10906 | S72: =OFFSET(L17,(ROW($1:$1)-1)*10,0) -> 6 | T72: =OFFSET(M17,(ROW($1:$1)-1)*10,0) -> 1,2;2,5;46,3-3 | U72: 20906 | V72: =OFFSET(L29,(ROW($1:$1)-1)*10,0) -> 6 | W72: =OFFSET(M29,(ROW($1:$1)-1)*10,0) -> 1,2;2,5;46,2-3 | X72: 30906 | Y72: =OFFSET(L41,(ROW($1:$1)-1)*10,0) -> 6 | Z72: =OFFSET(M41,(ROW($1:$1)-1)*10,0) -> 1,2;2,5;46,1-3 | AA72: 40906 | AB72: =OFFSET(L53,(ROW($1:$1)-1)*10,0) -> 6 | AC72: =OFFSET(M53,(ROW($1:$1)-1)*10,0) -> 1,2;2,5;46,0-3
R73: 10907 | S73: =OFFSET(L18,(ROW($1:$1)-1)*10,0) -> 7 | T73: =OFFSET(M18,(ROW($1:$1)-1)*10,0) -> 1,2;2,5;46,3-3 | U73: 20907 | V73: =OFFSET(L30,(ROW($1:$1)-1)*10,0) -> 7 | W73: =OFFSET(M30,(ROW($1:$1)-1)*10,0) -> 1,2;2,5;46,2-3 | X73: 30907 | Y73: =OFFSET(L42,(ROW($1:$1)-1)*10,0) -> 7 | Z73: =OFFSET(M42,(ROW($1:$1)-1)*10,0) -> 1,2;2,5;46,1-3 | AA73: 40907 | AB73: =OFFSET(L54,(ROW($1:$1)-1)*10,0) -> 7 | AC73: =OFFSET(M54,(ROW($1:$1)-1)*10,0) -> 1,2;2,5;46,0-3
R74: 10908 | S74: =OFFSET(L19,(ROW($1:$1)-1)*10,0) -> 8 | T74: =OFFSET(M19,(ROW($1:$1)-1)*10,0) -> 1,2;2,5;46,3-3 | U74: 20908 | V74: =OFFSET(L31,(ROW($1:$1)-1)*10,0) -> 8 | W74: =OFFSET(M31,(ROW($1:$1)-1)*10,0) -> 1,2;2,5;46,2-3 | X74: 30908 | Y74: =OFFSET(L43,(ROW($1:$1)-1)*10,0) -> 8 | Z74: =OFFSET(M43,(ROW($1:$1)-1)*10,0) -> 1,2;2,5;46,1-3 | AA74: 40908 | AB74: =OFFSET(L55,(ROW($1:$1)-1)*10,0) -> 8 | AC74: =OFFSET(M55,(ROW($1:$1)-1)*10,0) -> 1,2;2,5;46,0-3
R75: 10909 | S75: =OFFSET(L20,(ROW($1:$1)-1)*10,0) -> 9 | T75: =OFFSET(M20,(ROW($1:$1)-1)*10,0) -> 1,2;2,5;46,3-3 | U75: 20909 | V75: =OFFSET(L32,(ROW($1:$1)-1)*10,0) -> 9 | W75: =OFFSET(M32,(ROW($1:$1)-1)*10,0) -> 1,2;2,5;46,2-3 | X75: 30909 | Y75: =OFFSET(L44,(ROW($1:$1)-1)*10,0) -> 9 | Z75: =OFFSET(M44,(ROW($1:$1)-1)*10,0) -> 1,2;2,5;46,1-3 | AA75: 40909 | AB75: =OFFSET(L56,(ROW($1:$1)-1)*10,0) -> 9 | AC75: =OFFSET(M56,(ROW($1:$1)-1)*10,0) -> 1,2;2,5;46,0-3
R76: 10910 | S76: =OFFSET(L21,(ROW($1:$1)-1)*10,0) -> 10 | T76: =OFFSET(M21,(ROW($1:$1)-1)*10,0) -> 1,2;2,5;46,3-3 | U76: 20910 | V76: =OFFSET(L33,(ROW($1:$1)-1)*10,0) -> 10 | W76: =OFFSET(M33,(ROW($1:$1)-1)*10,0) -> 1,2;2,5;46,2-3 | X76: 30910 | Y76: =OFFSET(L45,(ROW($1:$1)-1)*10,0) -> 10 | Z76: =OFFSET(M45,(ROW($1:$1)-1)*10,0) -> 1,2;2,5;46,1-3 | AA76: 40910 | AB76: =OFFSET(L57,(ROW($1:$1)-1)*10,0) -> 10 | AC76: =OFFSET(M57,(ROW($1:$1)-1)*10,0) -> 1,2;2,5;46,0-3
R77: 11001 | U77: 21001 | X77: 31001 | AA77: 41001
R78: 11101 | S78: =OFFSET(N12,(ROW($1:$1)-1)*10,0) -> 1 | T78: =OFFSET(O12,(ROW($1:$1)-1)*10,0) -> 1,2;2,5;46,3-3 | U78: 21101 | V78: =OFFSET(N24,(ROW($1:$1)-1)*10,0) -> 1 | W78: =OFFSET(O24,(ROW($1:$1)-1)*10,0) -> 1,2;2,5;46,2-3 | X78: 31101 | Y78: =OFFSET(N36,(ROW($1:$1)-1)*10,0) -> 1 | Z78: =OFFSET(O36,(ROW($1:$1)-1)*10,0) -> 1,2;2,5;46,1-3 | AA78: 41101 | AB78: =OFFSET(N48,(ROW($1:$1)-1)*10,0) -> 1 | AC78: =OFFSET(O48,(ROW($1:$1)-1)*10,0) -> 1,2;2,5;46,0-3
R79: 11102 | S79: =OFFSET(N13,(ROW($1:$1)-1)*10,0) -> 2 | T79: =OFFSET(O13,(ROW($1:$1)-1)*10,0) -> 1,2;2,5;46,3-3 | U79: 21102 | V79: =OFFSET(N25,(ROW($1:$1)-1)*10,0) -> 2 | W79: =OFFSET(O25,(ROW($1:$1)-1)*10,0) -> 1,2;2,5;46,2-3 | X79: 31102 | Y79: =OFFSET(N37,(ROW($1:$1)-1)*10,0) -> 2 | Z79: =OFFSET(O37,(ROW($1:$1)-1)*10,0) -> 1,2;2,5;46,1-3 | AA79: 41102 | AB79: =OFFSET(N49,(ROW($1:$1)-1)*10,0) -> 2 | AC79: =OFFSET(O49,(ROW($1:$1)-1)*10,0) -> 1,2;2,5;46,0-3
R80: 11103 | S80: =OFFSET(N14,(ROW($1:$1)-1)*10,0) -> 3 | T80: =OFFSET(O14,(ROW($1:$1)-1)*10,0) -> 1,2;2,5;46,3-3 | U80: 21103 | V80: =OFFSET(N26,(ROW($1:$1)-1)*10,0) -> 3 | W80: =OFFSET(O26,(ROW($1:$1)-1)*10,0) -> 1,2;2,5;46,2-3 | X80: 31103 | Y80: =OFFSET(N38,(ROW($1:$1)-1)*10,0) -> 3 | Z80: =OFFSET(O38,(ROW($1:$1)-1)*10,0) -> 1,2;2,5;46,1-3 | AA80: 41103 | AB80: =OFFSET(N50,(ROW($1:$1)-1)*10,0) -> 3 | AC80: =OFFSET(O50,(ROW($1:$1)-1)*10,0) -> 1,2;2,5;46,0-3
R81: 11104 | S81: =OFFSET(N15,(ROW($1:$1)-1)*10,0) -> 4 | T81: =OFFSET(O15,(ROW($1:$1)-1)*10,0) -> 1,2;2,5;46,3-3 | U81: 21104 | V81: =OFFSET(N27,(ROW($1:$1)-1)*10,0) -> 4 | W81: =OFFSET(O27,(ROW($1:$1)-1)*10,0) -> 1,2;2,5;46,2-3 | X81: 31104 | Y81: =OFFSET(N39,(ROW($1:$1)-1)*10,0) -> 4 | Z81: =OFFSET(O39,(ROW($1:$1)-1)*10,0) -> 1,2;2,5;46,1-3 | AA81: 41104 | AB81: =OFFSET(N51,(ROW($1:$1)-1)*10,0) -> 4 | AC81: =OFFSET(O51,(ROW($1:$1)-1)*10,0) -> 1,2;2,5;46,0-3
R82: 11105 | S82: =OFFSET(N16,(ROW($1:$1)-1)*10,0) -> 5 | T82: =OFFSET(O16,(ROW($1:$1)-1)*10,0) -> 1,2;2,5;46,3-3 | U82: 21105 | V82: =OFFSET(N28,(ROW($1:$1)-1)*10,0) -> 5 | W82: =OFFSET(O28,(ROW($1:$1)-1)*10,0) -> 1,2;2,5;46,2-3 | X82: 31105 | Y82: =OFFSET(N40,(ROW($1:$1)-1)*10,0) -> 5 | Z82: =OFFSET(O40,(ROW($1:$1)-1)*10,0) -> 1,2;2,5;46,1-3 | AA82: 41105 | AB82: =OFFSET(N52,(ROW($1:$1)-1)*10,0) -> 5 | AC82: =OFFSET(O52,(ROW($1:$1)-1)*10,0) -> 1,2;2,5;46,0-3
R83: 11106 | S83: =OFFSET(N17,(ROW($1:$1)-1)*10,0) -> 6 | T83: =OFFSET(O17,(ROW($1:$1)-1)*10,0) -> 1,2;2,5;46,3-3 | U83: 21106 | V83: =OFFSET(N29,(ROW($1:$1)-1)*10,0) -> 6 | W83: =OFFSET(O29,(ROW($1:$1)-1)*10,0) -> 1,2;2,5;46,2-3 | X83: 31106 | Y83: =OFFSET(N41,(ROW($1:$1)-1)*10,0) -> 6 | Z83: =OFFSET(O41,(ROW($1:$1)-1)*10,0) -> 1,2;2,5;46,1-3 | AA83: 41106 | AB83: =OFFSET(N53,(ROW($1:$1)-1)*10,0) -> 6 | AC83: =OFFSET(O53,(ROW($1:$1)-1)*10,0) -> 1,2;2,5;46,0-3
R84: 11107 | S84: =OFFSET(N18,(ROW($1:$1)-1)*10,0) -> 7 | T84: =OFFSET(O18,(ROW($1:$1)-1)*10,0) -> 1,2;2,5;46,3-3 | U84: 21107 | V84: =OFFSET(N30,(ROW($1:$1)-1)*10,0) -> 7 | W84: =OFFSET(O30,(ROW($1:$1)-1)*10,0) -> 1,2;2,5;46,2-3 | X84: 31107 | Y84: =OFFSET(N42,(ROW($1:$1)-1)*10,0) -> 7 | Z84: =OFFSET(O42,(ROW($1:$1)-1)*10,0) -> 1,2;2,5;46,1-3 | AA84: 41107 | AB84: =OFFSET(N54,(ROW($1:$1)-1)*10,0) -> 7 | AC84: =OFFSET(O54,(ROW($1:$1)-1)*10,0) -> 1,2;2,5;46,0-3
R85: 11108 | S85: =OFFSET(N19,(ROW($1:$1)-1)*10,0) -> 8 | T85: =OFFSET(O19,(ROW($1:$1)-1)*10,0) -> 1,2;2,5;46,3-3 | U85: 21108 | V85: =OFFSET(N31,(ROW($1:$1)-1)*10,0) -> 8 | W85: =OFFSET(O31,(ROW($1:$1)-1)*10,0) -> 1,2;2,5;46,2-3 | X85: 31108 | Y85: =OFFSET(N43,(ROW($1:$1)-1)*10,0) -> 8 | Z85: =OFFSET(O43,(ROW($1:$1)-1)*10,0) -> 1,2;2,5;46,1-3 | AA85: 41108 | AB85: =OFFSET(N55,(ROW($1:$1)-1)*10,0) -> 8 | AC85: =OFFSET(O55,(ROW($1:$1)-1)*10,0) -> 1,2;2,5;46,0-3
R86: 11109 | S86: =OFFSET(N20,(ROW($1:$1)-1)*10,0) -> 9 | T86: =OFFSET(O20,(ROW($1:$1)-1)*10,0) -> 1,2;2,5;46,3-3 | U86: 21109 | V86: =OFFSET(N32,(ROW($1:$1)-1)*10,0) -> 9 | W86: =OFFSET(O32,(ROW($1:$1)-1)*10,0) -> 1,2;2,5;46,2-3 | X86: 31109 | Y86: =OFFSET(N44,(ROW($1:$1)-1)*10,0) -> 9 | Z86: =OFFSET(O44,(ROW($1:$1)-1)*10,0) -> 1,2;2,5;46,1-3 | AA86: 41109 | AB86: =OFFSET(N56,(ROW($1:$1)-1)*10,0) -> 9 | AC86: =OFFSET(O56,(ROW($1:$1)-1)*10,0) -> 1,2;2,5;46,0-3
R87: 11110 | S87: =OFFSET(N21,(ROW($1:$1)-1)*10,0) -> 10 | T87: =OFFSET(O21,(ROW($1:$1)-1)*10,0) -> 1,2;2,5;46,3-3 | U87: 21110 | V87: =OFFSET(N33,(ROW($1:$1)-1)*10,0) -> 10 | W87: =OFFSET(O33,(ROW($1:$1)-1)*10,0) -> 1,2;2,5;46,2-3 | X87: 31110 | Y87: =OFFSET(N45,(ROW($1:$1)-1)*10,0) -> 10 | Z87: =OFFSET(O45,(ROW($1:$1)-1)*10,0) -> 1,2;2,5;46,1-3 | AA87: 41110 | AB87: =OFFSET(N57,(ROW($1:$1)-1)*10,0) -> 10 | AC87: =OFFSET(O57,(ROW($1:$1)-1)*10,0) -> 1,2;2,5;46,0-3
R88: 11201 | U88: 21201 | X88: 31201 | AA88: 41201
R89: 11301 | U89: 21301 | X89: 31301 | AA89: 41301
R90: 11401 | S90: =OFFSET(P12,(ROW($1:$1)-1)*10,0) -> 1 | T90: =OFFSET(Q12,(ROW($1:$1)-1)*10,0) -> 1,2;2,5;46,3-3 | U90: 21401 | V90: =OFFSET(P24,(ROW($1:$1)-1)*10,0) -> 1 | W90: =OFFSET(Q24,(ROW($1:$1)-1)*10,0) -> 1,2;2,5;46,2-3 | X90: 31401 | Y90: =OFFSET(P36,(ROW($1:$1)-1)*10,0) -> 1 | Z90: =OFFSET(Q36,(ROW($1:$1)-1)*10,0) -> 1,2;2,5;46,1-3 | AA90: 41401 | AB90: =OFFSET(P48,(ROW($1:$1)-1)*10,0) -> 1 | AC90: =OFFSET(Q48,(ROW($1:$1)-1)*10,0) -> 1,2;2,5;46,0-3
R91: 11402 | S91: =OFFSET(P13,(ROW($1:$1)-1)*10,0) -> 2 | T91: =OFFSET(Q13,(ROW($1:$1)-1)*10,0) -> 1,2;2,5;46,3-3 | U91: 21402 | V91: =OFFSET(P25,(ROW($1:$1)-1)*10,0) -> 2 | W91: =OFFSET(Q25,(ROW($1:$1)-1)*10,0) -> 1,2;2,5;46,2-3 | X91: 31402 | Y91: =OFFSET(P37,(ROW($1:$1)-1)*10,0) -> 2 | Z91: =OFFSET(Q37,(ROW($1:$1)-1)*10,0) -> 1,2;2,5;46,1-3 | AA91: 41402 | AB91: =OFFSET(P49,(ROW($1:$1)-1)*10,0) -> 2 | AC91: =OFFSET(Q49,(ROW($1:$1)-1)*10,0) -> 1,2;2,5;46,0-3
R92: 11403 | S92: =OFFSET(P14,(ROW($1:$1)-1)*10,0) -> 3 | T92: =OFFSET(Q14,(ROW($1:$1)-1)*10,0) -> 1,2;2,5;46,3-3 | U92: 21403 | V92: =OFFSET(P26,(ROW($1:$1)-1)*10,0) -> 3 | W92: =OFFSET(Q26,(ROW($1:$1)-1)*10,0) -> 1,2;2,5;46,2-3 | X92: 31403 | Y92: =OFFSET(P38,(ROW($1:$1)-1)*10,0) -> 3 | Z92: =OFFSET(Q38,(ROW($1:$1)-1)*10,0) -> 1,2;2,5;46,1-3 | AA92: 41403 | AB92: =OFFSET(P50,(ROW($1:$1)-1)*10,0) -> 3 | AC92: =OFFSET(Q50,(ROW($1:$1)-1)*10,0) -> 1,2;2,5;46,0-3
R93: 11404 | S93: =OFFSET(P15,(ROW($1:$1)-1)*10,0) -> 4 | T93: =OFFSET(Q15,(ROW($1:$1)-1)*10,0) -> 1,2;2,5;46,3-3 | U93: 21404 | V93: =OFFSET(P27,(ROW($1:$1)-1)*10,0) -> 4 | W93: =OFFSET(Q27,(ROW($1:$1)-1)*10,0) -> 1,2;2,5;46,2-3 | X93: 31404 | Y93: =OFFSET(P39,(ROW($1:$1)-1)*10,0) -> 4 | Z93: =OFFSET(Q39,(ROW($1:$1)-1)*10,0) -> 1,2;2,5;46,1-3 | AA93: 41404 | AB93: =OFFSET(P51,(ROW($1:$1)-1)*10,0) -> 4 | AC93: =OFFSET(Q51,(ROW($1:$1)-1)*10,0) -> 1,2;2,5;46,0-3
R94: 11405 | S94: =OFFSET(P16,(ROW($1:$1)-1)*10,0) -> 5 | T94: =OFFSET(Q16,(ROW($1:$1)-1)*10,0) -> 1,2;2,5;46,3-3 | U94: 21405 | V94: =OFFSET(P28,(ROW($1:$1)-1)*10,0) -> 5 | W94: =OFFSET(Q28,(ROW($1:$1)-1)*10,0) -> 1,2;2,5;46,2-3 | X94: 31405 | Y94: =OFFSET(P40,(ROW($1:$1)-1)*10,0) -> 5 | Z94: =OFFSET(Q40,(ROW($1:$1)-1)*10,0) -> 1,2;2,5;46,1-3 | AA94: 41405 | AB94: =OFFSET(P52,(ROW($1:$1)-1)*10,0) -> 5 | AC94: =OFFSET(Q52,(ROW($1:$1)-1)*10,0) -> 1,2;2,5;46,0-3
R95: 11406 | S95: =OFFSET(P17,(ROW($1:$1)-1)*10,0) -> 6 | T95: =OFFSET(Q17,(ROW($1:$1)-1)*10,0) -> 1,2;2,5;46,3-3 | U95: 21406 | V95: =OFFSET(P29,(ROW($1:$1)-1)*10,0) -> 6 | W95: =OFFSET(Q29,(ROW($1:$1)-1)*10,0) -> 1,2;2,5;46,2-3 | X95: 31406 | Y95: =OFFSET(P41,(ROW($1:$1)-1)*10,0) -> 6 | Z95: =OFFSET(Q41,(ROW($1:$1)-1)*10,0) -> 1,2;2,5;46,1-3 | AA95: 41406 | AB95: =OFFSET(P53,(ROW($1:$1)-1)*10,0) -> 6 | AC95: =OFFSET(Q53,(ROW($1:$1)-1)*10,0) -> 1,2;2,5;46,0-3
R96: 11407 | S96: =OFFSET(P18,(ROW($1:$1)-1)*10,0) -> 7 | T96: =OFFSET(Q18,(ROW($1:$1)-1)*10,0) -> 1,2;2,5;46,3-3 | U96: 21407 | V96: =OFFSET(P30,(ROW($1:$1)-1)*10,0) -> 7 | W96: =OFFSET(Q30,(ROW($1:$1)-1)*10,0) -> 1,2;2,5;46,2-3 | X96: 31407 | Y96: =OFFSET(P42,(ROW($1:$1)-1)*10,0) -> 7 | Z96: =OFFSET(Q42,(ROW($1:$1)-1)*10,0) -> 1,2;2,5;46,1-3 | AA96: 41407 | AB96: =OFFSET(P54,(ROW($1:$1)-1)*10,0) -> 7 | AC96: =OFFSET(Q54,(ROW($1:$1)-1)*10,0) -> 1,2;2,5;46,0-3
R97: 11408 | S97: =OFFSET(P19,(ROW($1:$1)-1)*10,0) -> 8 | T97: =OFFSET(Q19,(ROW($1:$1)-1)*10,0) -> 1,2;2,5;46,3-3 | U97: 21408 | V97: =OFFSET(P31,(ROW($1:$1)-1)*10,0) -> 8 | W97: =OFFSET(Q31,(ROW($1:$1)-1)*10,0) -> 1,2;2,5;46,2-3 | X97: 31408 | Y97: =OFFSET(P43,(ROW($1:$1)-1)*10,0) -> 8 | Z97: =OFFSET(Q43,(ROW($1:$1)-1)*10,0) -> 1,2;2,5;46,1-3 | AA97: 41408 | AB97: =OFFSET(P55,(ROW($1:$1)-1)*10,0) -> 8 | AC97: =OFFSET(Q55,(ROW($1:$1)-1)*10,0) -> 1,2;2,5;46,0-3
R98: 11409 | S98: =OFFSET(P20,(ROW($1:$1)-1)*10,0) -> 9 | T98: =OFFSET(Q20,(ROW($1:$1)-1)*10,0) -> 1,2;2,5;46,3-3 | U98: 21409 | V98: =OFFSET(P32,(ROW($1:$1)-1)*10,0) -> 9 | W98: =OFFSET(Q32,(ROW($1:$1)-1)*10,0) -> 1,2;2,5;46,2-3 | X98: 31409 | Y98: =OFFSET(P44,(ROW($1:$1)-1)*10,0) -> 9 | Z98: =OFFSET(Q44,(ROW($1:$1)-1)*10,0) -> 1,2;2,5;46,1-3 | AA98: 41409 | AB98: =OFFSET(P56,(ROW($1:$1)-1)*10,0) -> 9 | AC98: =OFFSET(Q56,(ROW($1:$1)-1)*10,0) -> 1,2;2,5;46,0-3
R99: 11410 | S99: =OFFSET(P21,(ROW($1:$1)-1)*10,0) -> 10 | T99: =OFFSET(Q21,(ROW($1:$1)-1)*10,0) -> 1,2;2,5;46,3-3 | U99: 21410 | V99: =OFFSET(P33,(ROW($1:$1)-1)*10,0) -> 10 | W99: =OFFSET(Q33,(ROW($1:$1)-1)*10,0) -> 1,2;2,5;46,2-3 | X99: 31410 | Y99: =OFFSET(P45,(ROW($1:$1)-1)*10,0) -> 10 | Z99: =OFFSET(Q45,(ROW($1:$1)-1)*10,0) -> 1,2;2,5;46,1-3 | AA99: 41410 | AB99: =OFFSET(P57,(ROW($1:$1)-1)*10,0) -> 10 | AC99: =OFFSET(Q57,(ROW($1:$1)-1)*10,0) -> 1,2;2,5;46,0-3
